customer_id,cluster
3,2
4,6
5,5
7,4
9,3
10,1
14,3
15,6
16,2
18,4
19,5
20,2
22,6
24,3
25,0
26,1
27,2
28,0
29,2
30,3
31,4
34,5
35,5
36,1
37,1
38,2
39,1
40,1
41,3
42,0
44,6
46,6
48,0
49,1
50,1
52,4
53,2
55,1
57,0
59,2
60,5
61,3
62,1
64,2
66,3
69,6
71,3
72,6
73,4
74,6
75,4
76,5
77,6
78,1
80,0
81,0
83,4
84,1
85,5
86,1
87,1
89,3
90,4
91,2
92,2
94,3
95,4
97,2
100,2
102,4
103,6
105,1
106,4
107,1
108,2
109,6
112,0
114,5
115,4
116,4
117,1
119,3
121,1
122,1
123,1
124,6
125,3
127,1
128,4
129,6
130,5
131,5
132,2
134,0
135,5
136,0
137,3
141,6
142,1
144,4
145,4
146,3
147,1
148,3
149,1
154,4
157,2
158,2
159,0
160,3
161,5
162,0
163,3
165,1
166,1
168,2
170,4
171,2
172,3
173,2
174,5
176,0
179,5
180,1
182,2
184,4
185,1
186,1
188,3
189,6
191,2
192,0
196,0
197,3
198,2
199,5
200,1
201,1
202,5
203,2
204,2
205,6
206,1
207,1
208,1
211,1
212,5
213,5
214,0
215,2
216,2
218,2
220,5
221,1
225,0
226,3
229,1
231,1
232,5
233,4
235,5
236,4
238,2
240,4
241,5
243,6
244,5
245,5
248,1
249,4
250,3
251,2
254,2
256,1
257,1
258,5
259,2
260,4
261,1
262,0
263,4
264,6
266,2
270,6
272,2
274,1
278,1
280,1
282,0
283,2
285,3
287,5
290,5
292,5
295,2
296,5
297,6
298,6
299,1
300,4
301,1
303,6
304,5
305,2
306,2
307,6
308,2
310,1
311,6
312,2
313,2
315,2
317,6
322,1
323,2
324,6
325,1
326,1
328,0
329,6
330,2
331,4
336,0
338,4
339,1
341,5
342,1
343,2
344,1
346,2
347,1
350,5
351,5
352,5
353,1
355,5
356,6
358,3
362,5
363,4
364,3
365,3
366,3
367,0
368,2
369,5
370,0
371,1
372,1
373,1
375,1
376,0
377,2
378,5
379,1
381,2
382,5
383,1
384,2
385,2
387,2
390,4
391,1
392,0
396,4
397,5
399,6
400,6
402,2
403,6
405,1
406,1
407,2
408,4
410,1
411,5
412,4
413,1
414,1
416,6
417,6
419,3
420,3
421,5
422,1
424,3
425,6
426,4
427,2
428,1
429,5
431,1
432,6
435,1
436,5
437,1
438,1
440,2
441,6
443,1
445,4
446,0
447,5
448,5
449,5
450,1
451,1
452,1
453,1
455,1
456,6
457,3
461,1
464,5
465,4
467,6
470,4
471,0
472,4
473,1
474,1
475,3
476,1
477,1
479,2
480,6
481,4
482,2
484,5
485,0
487,2
488,1
489,1
490,1
492,2
494,0
495,5
496,3
497,1
498,5
499,2
502,2
503,1
504,1
505,1
506,5
508,1
509,4
510,1
511,2
513,4
514,2
515,3
516,4
517,3
518,5
520,1
521,5
522,0
524,2
526,6
527,5
528,0
529,0
530,2
531,1
532,2
533,5
534,1
535,3
536,3
537,1
538,2
539,2
540,2
541,2
543,2
545,5
547,3
548,2
549,6
550,2
551,2
552,0
554,0
556,4
557,4
559,2
561,2
562,2
566,3
568,4
569,6
570,1
571,1
573,1
574,2
575,2
577,2
578,5
579,1
580,1
581,5
582,1
584,2
585,2
587,4
589,4
592,2
593,2
594,0
595,1
596,1
597,2
603,6
604,5
605,2
611,3
613,4
614,0
615,5
617,2
618,3
619,2
622,0
623,3
624,5
625,2
626,2
627,1
628,1
629,3
631,5
632,0
633,5
634,4
635,3
637,0
638,4
639,1
640,5
641,3
642,3
644,6
645,2
646,2
647,2
648,4
654,1
655,5
656,1
657,2
658,5
659,0
660,6
662,1
663,0
664,5
666,0
668,6
669,3
671,2
673,4
674,6
675,6
676,3
677,5
678,3
679,5
681,5
682,6
685,6
686,0
687,2
689,5
691,2
692,4
694,1
695,1
697,1
699,0
700,2
701,5
703,4
704,6
705,4
707,6
708,6
709,6
710,3
712,5
715,2
718,0
721,2
723,5
725,5
727,5
728,1
729,5
730,5
731,0
732,6
733,3
734,0
735,1
736,1
737,1
738,0
739,0
741,6
742,5
743,0
744,3
745,1
746,4
747,0
749,3
752,2
753,3
757,1
758,0
759,2
761,2
762,2
763,2
764,5
765,6
766,4
767,2
768,3
769,2
771,5
772,6
773,3
776,1
779,6
780,5
783,2
785,5
787,4
789,2
791,4
792,6
793,2
794,0
795,3
797,5
798,1
799,2
800,1
805,5
806,4
808,0
810,0
811,5
812,1
813,2
814,2
815,2
816,2
818,1
819,5
820,2
823,6
824,1
826,6
830,3
831,5
832,5
835,2
836,3
837,3
838,2
839,6
840,0
842,2
843,5
844,2
845,0
846,0
847,2
848,1
849,1
851,6
852,1
853,1
854,6
856,4
859,3
860,5
862,1
863,6
864,2
865,3
866,3
867,2
868,3
870,0
873,0
874,4
875,1
876,6
878,3
879,3
880,6
883,6
884,3
886,2
887,5
889,5
890,0
891,6
893,2
896,5
897,2
898,0
900,2
901,0
902,1
903,1
904,2
905,1
906,5
908,1
909,3
910,3
911,1
913,5
914,2
916,2
918,2
919,4
920,5
921,5
922,1
923,5
925,6
926,2
927,2
928,0
930,0
931,6
933,4
934,1
935,4
936,5
937,4
938,1
939,4
940,6
941,3
942,4
944,6
945,2
946,2
947,1
948,2
950,1
953,0
954,6
955,5
956,1
957,1
958,5
960,4
963,3
964,1
965,5
966,2
967,4
968,6
969,2
970,0
973,2
974,6
975,6
977,4
978,5
979,4
980,0
981,2
982,4
983,3
986,0
990,0
991,4
992,1
993,5
994,1
996,1
997,3
998,2
1000,6
1001,6
1002,3
1003,1
1004,5
1007,3
1008,3
1011,2
1015,4
1016,1
1018,2
1019,6
1021,4
1022,2
1023,1
1024,5
1025,1
1026,4
1027,1
1029,6
1030,1
1031,5
1032,0
1033,6
1034,2
1035,1
1038,2
1039,2
1040,1
1041,6
1042,1
1043,2
1044,2
1046,5
1048,0
1049,2
1050,4
1051,3
1052,5
1055,4
1058,2
1060,1
1061,2
1063,5
1064,1
1065,4
1066,4
1067,3
1069,1
1071,4
1072,4
1073,1
1074,1
1075,1
1076,1
1077,4
1078,5
1079,3
1080,3
1082,5
1084,2
1085,2
1086,4
1087,2
1088,2
1092,2
1093,6
1094,1
1095,1
1096,3
1098,6
1099,4
1101,2
1103,4
1104,4
1105,1
1108,5
1110,2
1112,3
1114,1
1115,4
1117,3
1118,2
1119,1
1120,1
1121,2
1122,4
1123,5
1124,6
1125,0
1128,5
1129,4
1130,5
1131,6
1134,3
1135,0
1136,6
1137,1
1139,4
1140,4
1141,2
1142,2
1143,2
1145,1
1146,4
1150,1
1153,1
1154,1
1155,5
1156,4
1157,3
1158,3
1159,6
1160,4
1163,5
1164,1
1167,1
1168,0
1170,1
1171,2
1172,1
1173,1
1175,6
1177,4
1178,5
1179,4
1181,6
1182,2
1183,4
1184,1
1187,1
1189,2
1190,1
1191,4
1193,1
1194,5
1197,6
1199,2
1200,2
1201,1
1203,4
1205,0
1206,5
1207,1
1209,1
1210,6
1211,1
1212,2
1213,2
1216,3
1217,6
1218,1
1222,2
1224,1
1227,4
1228,6
1229,2
1230,1
1231,5
1233,2
1234,2
1235,6
1236,3
1237,3
1238,3
1239,1
1240,4
1241,5
1242,1
1243,6
1245,1
1246,5
1247,3
1249,1
1250,5
1253,4
1255,1
1256,5
1257,2
1258,5
1259,3
1261,1
1262,2
1263,5
1264,2
1265,2
1266,6
1268,1
1269,0
1271,2
1272,5
1273,3
1274,0
1275,1
1277,2
1278,2
1279,5
1280,3
1281,0
1282,4
1283,1
1284,3
1285,0
1286,1
1290,2
1291,6
1293,5
1294,4
1295,2
1296,1
1297,6
1300,2
1301,1
1302,2
1303,4
1304,4
1305,2
1306,5
1307,5
1310,1
1311,2
1312,1
1314,3
1315,4
1316,5
1317,2
1318,2
1320,0
1321,5
1322,3
1323,3
1326,1
1327,0
1328,0
1329,6
1330,2
1331,3
1332,0
1333,1
1334,0
1335,1
1339,4
1340,6
1341,1
1342,1
1343,2
1344,6
1345,2
1346,1
1347,1
1348,0
1350,1
1351,3
1352,4
1353,1
1354,2
1355,0
1356,2
1357,2
1358,2
1359,2
1360,3
1361,5
1362,1
1363,1
1364,1
1366,4
1367,0
1368,1
1370,5
1371,1
1373,2
1374,1
1376,6
1377,1
1378,2
1379,6
1380,2
1381,3
1383,2
1387,1
1388,2
1389,2
1390,6
1391,5
1392,3
1393,5
1396,1
1397,3
1398,3
1399,0
1400,3
1401,6
1402,6
1403,2
1404,5
1405,6
1406,3
1408,4
1409,4
1411,5
1412,1
1413,1
1415,2
1417,1
1419,1
1420,1
1422,1
1423,1
1424,2
1426,2
1427,2
1428,3
1429,1
1430,3
1431,2
1432,1
1433,0
1434,5
1435,6
1436,4
1437,1
1438,2
1439,1
1440,2
1441,5
1442,1
1443,1
1444,5
1447,2
1448,2
1450,5
1451,1
1452,6
1453,4
1454,1
1456,3
1461,3
1462,0
1463,1
1465,1
1466,0
1467,1
1468,4
1469,1
1471,1
1474,4
1476,2
1477,1
1478,3
1480,3
1483,6
1485,0
1486,2
1487,0
1488,3
1489,2
1490,4
1492,1
1495,2
1496,5
1497,4
1498,3
1500,1
1501,5
1502,2
1503,6
1504,5
1505,2
1506,1
1510,5
1511,1
1512,6
1513,5
1514,2
1517,0
1518,3
1522,0
1523,5
1524,5
1526,6
1528,1
1529,1
1530,4
1531,2
1532,2
1533,6
1534,5
1535,5
1536,5
1538,2
1539,1
1541,1
1544,1
1546,2
1547,1
1550,2
1551,0
1552,1
1553,1
1555,6
1556,4
1557,4
1559,5
1560,6
1561,2
1562,5
1564,2
1565,3
1566,5
1568,6
1570,4
1571,2
1572,2
1580,3
1581,4
1583,3
1584,2
1585,6
1586,1
1587,6
1591,2
1592,1
1593,4
1596,1
1597,5
1598,3
1599,1
1600,1
1601,1
1602,5
1603,1
1604,3
1605,4
1606,2
1608,1
1609,6
1610,1
1611,0
1612,1
1613,0
1614,1
1616,2
1618,2
1620,3
1621,3
1622,6
1623,5
1625,3
1626,5
1627,3
1628,2
1629,6
1631,1
1633,5
1636,1
1637,2
1638,2
1639,5
1642,6
1643,3
1644,0
1646,6
1647,4
1649,5
1650,5
1651,5
1652,1
1653,6
1655,2
1657,1
1658,5
1659,6
1660,1
1661,0
1662,5
1665,1
1667,0
1669,4
1670,1
1671,3
1672,3
1673,0
1675,6
1676,2
1677,6
1678,5
1681,1
1682,5
1683,5
1684,2
1685,0
1686,6
1687,5
1688,5
1689,1
1690,6
1691,2
1692,2
1693,4
1694,2
1695,2
1696,1
1698,1
1699,5
1701,1
1702,4
1703,2
1704,6
1705,3
1707,4
1708,5
1709,2
1710,2
1711,2
1712,5
1714,5
1715,3
1716,1
1717,4
1718,2
1719,5
1720,2
1721,1
1722,6
1723,6
1724,6
1726,4
1727,2
1728,1
1729,6
1730,4
1732,6
1733,1
1734,1
1735,5
1736,6
1737,1
1738,6
1739,0
1741,2
1744,4
1747,5
1749,2
1750,2
1751,1
1752,1
1753,6
1754,4
1755,1
1756,3
1757,6
1758,6
1759,3
1760,5
1761,3
1763,2
1764,2
1767,3
1770,2
1771,2
1772,1
1773,2
1775,1
1778,1
1779,1
1780,3
1781,2
1783,4
1784,1
1785,0
1786,4
1787,2
1788,2
1789,1
1790,1
1791,0
1792,2
1793,2
1794,1
1795,6
1796,2
1797,2
1798,4
1799,2
1800,1
1803,6
1804,4
1805,2
1806,2
1807,1
1808,3
1809,2
1810,6
1811,5
1813,4
1814,1
1818,5
1820,3
1825,2
1828,4
1829,1
1830,2
1831,3
1832,5
1833,2
1834,0
1835,4
1836,1
1837,3
1838,5
1839,3
1840,0
1841,2
1844,3
1845,1
1848,2
1849,4
1850,4
1853,2
1854,5
1856,3
1859,1
1860,2
1861,0
1863,5
1864,1
1865,0
1866,1
1867,6
1869,4
1870,0
1871,1
1872,5
1874,3
1876,4
1877,1
1878,3
1880,2
1881,0
1882,1
1884,1
1886,3
1888,0
1889,6
1890,0
1891,6
1893,5
1897,2
1898,0
1900,4
1903,3
1905,5
1906,1
1908,4
1910,5
1911,4
1912,2
1914,2
1915,5
1917,0
1918,2
1920,1
1922,4
1923,2
1924,1
1925,2
1926,4
1927,6
1928,5
1930,1
1931,3
1932,6
1936,3
1939,4
1940,0
1941,4
1942,0
1943,1
1944,6
1945,5
1946,1
1948,1
1949,6
1950,5
1951,4
1952,3
1953,2
1954,4
1956,2
1957,6
1958,2
1962,6
1963,1
1964,1
1965,1
1967,1
1969,3
1970,0
1971,3
1972,0
1973,5
1975,1
1976,2
1977,1
1979,1
1980,3
1982,2
1984,1
1985,2
1986,6
1987,6
1990,2
1991,2
1992,2
1993,0
1994,2
1995,3
1996,0
1999,3
2000,2
2001,4
2002,0
2004,3
2005,4
2006,5
2007,1
2008,2
2009,6
2011,4
2012,4
2013,2
2014,2
2015,1
2016,3
2017,4
2020,6
2022,4
2023,2
2024,5
2025,1
2026,2
2027,3
2028,0
2029,1
2031,1
2032,6
2033,0
2034,4
2035,3
2038,2
2039,3
2040,5
2041,2
2042,1
2043,1
2044,3
2045,4
2046,3
2047,0
2049,2
2051,0
2053,4
2055,2
2058,6
2059,3
2061,6
2062,5
2063,1
2064,0
2065,4
2066,2
2067,0
2069,1
2070,2
2071,5
2072,3
2075,3
2076,3
2077,0
2078,5
2082,5
2083,1
2084,2
2085,6
2086,2
2087,1
2090,1
2091,3
2093,0
2094,6
2095,2
2098,1
2099,2
2100,0
2101,4
2103,0
2104,2
2105,4
2107,0
2108,6
2109,1
2111,2
2112,1
2113,1
2116,4
2117,5
2118,5
2119,2
2121,3
2123,5
2124,6
2125,6
2126,2
2127,5
2128,6
2129,6
2130,2
2132,2
2133,4
2134,4
2135,4
2137,6
2139,4
2143,4
2144,4
2146,1
2148,0
2149,1
2150,1
2151,0
2154,3
2155,1
2158,3
2159,1
2160,4
2161,1
2162,2
2163,6
2165,3
2167,0
2168,3
2169,3
2172,1
2174,3
2175,3
2176,5
2177,3
2178,5
2179,6
2182,6
2185,2
2186,5
2188,3
2189,6
2190,5
2191,1
2192,3
2193,5
2195,2
2196,4
2197,1
2199,2
2200,1
2203,1
2204,5
2205,3
2206,2
2207,1
2209,6
2210,5
2212,6
2213,2
2214,6
2215,3
2217,3
2218,5
2222,4
2223,6
2224,3
2225,1
2226,3
2227,4
2228,4
2231,2
2232,0
2233,6
2234,0
2236,2
2238,2
2239,4
2240,2
2242,6
2243,6
2244,5
2248,0
2249,3
2250,6
2252,1
2253,6
2255,6
2256,2
2257,1
2259,6
2261,0
2262,1
2263,2
2265,2
2266,3
2267,1
2268,4
2269,1
2271,6
2272,5
2273,2
2275,4
2276,1
2277,1
2279,4
2280,5
2285,1
2286,6
2288,2
2289,2
2290,6
2291,1
2292,1
2293,0
2295,5
2296,5
2297,2
2299,2
2302,2
2303,4
2304,1
2305,6
2306,6
2309,2
2310,1
2311,4
2312,2
2313,2
2314,4
2315,6
2316,2
2317,1
2318,3
2319,2
2320,6
2321,4
2323,3
2326,3
2328,4
2330,2
2331,4
2332,4
2333,3
2334,1
2336,0
2337,4
2338,4
2339,5
2340,5
2341,4
2343,2
2344,5
2345,5
2346,2
2347,5
2348,3
2349,0
2351,1
2352,2
2354,4
2356,1
2357,5
2358,5
2359,0
2360,1
2361,6
2363,2
2364,6
2365,1
2369,5
2370,1
2372,0
2373,2
2376,2
2377,6
2378,2
2379,3
2380,2
2381,1
2382,5
2385,4
2386,3
2388,0
2389,4
2392,1
2393,0
2394,4
2395,0
2397,0
2398,3
2399,6
2401,4
2402,0
2403,2
2404,2
2405,4
2406,6
2407,1
2408,1
2409,2
2411,5
2412,1
2413,4
2414,3
2416,5
2417,5
2418,6
2419,2
2420,0
2421,3
2422,2
2423,1
2426,1
2427,2
2428,2
2431,4
2432,5
2433,6
2435,0
2437,3
2438,1
2439,2
2442,4
2443,5
2445,5
2447,0
2448,0
2452,2
2453,0
2456,1
2457,6
2458,6
2459,6
2462,2
2463,0
2464,6
2465,2
2467,6
2468,4
2469,0
2470,6
2471,3
2473,0
2474,5
2476,6
2478,1
2479,6
2480,1
2484,1
2485,5
2486,1
2488,2
2490,2
2491,2
2492,0
2494,1
2495,3
2496,6
2498,4
2499,1
2500,3
2502,1
2503,3
2504,5
2505,4
2506,0
2507,5
2508,4
2509,3
2511,3
2512,3
2514,2
2515,3
2517,0
2518,2
2520,1
2521,2
2522,5
2524,3
2525,6
2526,1
2528,1
2529,3
2530,1
2531,2
2533,4
2534,3
2538,3
2541,2
2542,1
2544,1
2545,6
2546,5
2547,1
2549,1
2550,5
2552,2
2553,6
2554,6
2555,4
2556,6
2557,3
2558,1
2559,1
2560,4
2561,3
2564,2
2565,3
2566,5
2567,4
2569,0
2570,5
2572,2
2573,5
2575,4
2576,4
2577,2
2580,6
2583,4
2584,2
2586,1
2590,1
2591,2
2592,4
2593,2
2594,6
2596,1
2597,2
2599,0
2600,2
2601,0
2602,3
2603,1
2604,1
2606,3
2607,1
2610,2
2611,5
2612,0
2614,0
2615,4
2617,2
2618,1
2619,2
2621,1
2622,1
2625,5
2626,5
2627,6
2628,4
2629,0
2631,2
2633,3
2634,4
2638,3
2639,5
2640,0
2643,2
2644,2
2645,2
2647,2
2648,0
2649,3
2650,2
2651,1
2652,5
2653,0
2654,5
2655,5
2657,3
2659,2
2660,4
2661,6
2663,0
2664,2
2665,1
2667,2
2668,3
2669,3
2670,4
2671,1
2672,2
2674,5
2675,5
2676,1
2677,0
2678,2
2681,5
2682,1
2683,2
2685,2
2686,4
2690,1
2694,0
2695,2
2696,5
2697,0
2698,1
2699,3
2701,2
2702,2
2703,0
2704,2
2705,5
2706,1
2707,2
2708,1
2709,6
2710,2
2711,0
2712,0
2713,4
2715,5
2716,0
2718,5
2719,1
2720,6
2721,6
2722,4
2723,3
2725,6
2727,0
2728,5
2729,2
2732,4
2733,5
2734,3
2735,5
2737,5
2738,1
2740,5
2741,6
2742,6
2743,0
2745,5
2746,6
2747,2
2750,1
2751,2
2752,3
2754,0
2756,6
2757,6
2759,1
2760,1
2761,6
2762,1
2764,2
2766,2
2769,5
2772,4
2774,3
2775,1
2777,1
2778,3
2780,1
2782,0
2784,1
2786,1
2789,4
2790,2
2792,1
2793,6
2794,1
2796,4
2797,3
2798,5
2799,2
2800,1
2801,6
2802,5
2803,6
2804,4
2807,2
2808,1
2809,3
2810,6
2811,5
2812,0
2813,1
2814,5
2815,2
2818,3
2819,1
2821,1
2822,5
2823,1
2824,2
2826,1
2828,1
2829,1
2830,0
2832,3
2833,4
2834,6
2836,3
2837,0
2838,3
2840,6
2841,1
2842,6
2843,2
2844,1
2846,1
2848,4
2850,2
2853,6
2854,1
2855,4
2856,4
2858,3
2860,3
2861,6
2863,1
2865,2
2866,5
2867,1
2869,5
2870,6
2875,2
2877,3
2878,3
2880,4
2882,6
2883,4
2884,1
2885,0
2886,2
2887,1
2888,2
2892,2
2893,2
2894,1
2896,6
2897,3
2899,1
2900,0
2901,5
2902,6
2903,2
2904,6
2905,5
2906,1
2907,2
2908,4
2909,5
2910,1
2911,4
2912,5
2913,2
2916,2
2917,2
2918,6
2919,4
2920,4
2921,2
2923,3
2925,3
2926,6
2927,4
2929,2
2930,2
2932,1
2934,6
2935,6
2936,3
2939,5
2940,3
2942,1
2943,0
2944,1
2945,1
2946,3
2947,2
2948,5
2949,1
2951,2
2952,4
2953,1
2955,1
2956,2
2958,6
2959,6
2960,1
2961,2
2962,5
2963,4
2965,5
2967,2
2969,1
2972,1
2974,2
2975,1
2976,1
2977,2
2978,1
2980,2
2981,0
2982,2
2984,6
2985,0
2987,5
2989,1
2991,5
2992,5
2993,1
2995,0
2996,3
2997,6
2998,5
2999,1
3001,1
3002,5
3003,5
3004,5
3005,6
3007,5
3008,6
3009,5
3010,3
3011,1
3012,5
3013,3
3015,0
3017,2
3019,4
3020,5
3021,6
3024,2
3025,6
3026,5
3028,2
3029,0
3030,1
3032,6
3033,3
3035,0
3036,2
3037,1
3038,1
3039,5
3040,3
3042,0
3043,1
3044,1
3045,3
3046,2
3048,6
3049,3
3050,2
3051,4
3052,2
3053,0
3054,1
3056,1
3057,1
3060,1
3063,4
3064,0
3065,6
3067,6
3069,5
3070,5
3071,6
3072,1
3075,4
3076,1
3079,2
3081,1
3082,1
3083,2
3086,1
3088,0
3089,5
3090,1
3091,1
3092,5
3093,0
3094,2
3095,1
3096,6
3097,5
3098,3
3099,1
3101,0
3105,1
3106,3
3110,1
3112,0
3114,5
3115,3
3117,6
3118,4
3119,4
3120,2
3121,1
3124,1
3129,1
3130,2
3131,3
3132,6
3133,2
3135,5
3139,1
3140,0
3143,4
3146,2
3147,1
3149,6
3150,2
3155,5
3156,6
3157,1
3159,0
3160,2
3161,5
3162,0
3163,3
3164,4
3165,4
3168,3
3169,1
3170,3
3171,6
3172,1
3173,2
3175,0
3176,2
3177,5
3178,4
3179,6
3180,1
3183,0
3184,1
3185,6
3186,5
3187,5
3188,2
3189,5
3190,1
3192,5
3193,2
3194,6
3196,2
3197,2
3198,2
3200,2
3201,1
3202,6
3204,2
3205,2
3206,3
3207,5
3209,2
3211,5
3213,3
3214,1
3216,5
3217,4
3219,4
3220,6
3221,4
3223,6
3224,1
3225,2
3227,2
3230,2
3232,4
3234,6
3235,6
3238,4
3240,1
3241,5
3242,6
3243,2
3244,1
3245,6
3246,2
3247,5
3249,2
3250,3
3251,1
3253,4
3255,3
3258,5
3259,2
3262,5
3264,2
3265,1
3266,5
3267,1
3269,5
3270,4
3271,3
3272,0
3273,3
3274,1
3275,6
3276,6
3278,3
3279,6
3280,1
3283,4
3287,2
3288,0
3289,2
3291,0
3293,1
3294,2
3295,2
3296,2
3297,1
3298,5
3299,5
3300,2
3301,3
3303,5
3306,4
3307,5
3309,3
3310,4
3311,0
3312,2
3314,5
3315,2
3317,2
3322,3
3324,1
3325,5
3328,2
3329,1
3330,3
3332,1
3334,1
3335,2
3336,6
3337,4
3338,1
3341,4
3342,6
3343,2
3345,2
3346,1
3347,1
3349,0
3350,4
3352,1
3354,0
3356,2
3359,3
3360,1
3361,5
3362,6
3363,2
3364,0
3365,2
3366,2
3367,0
3369,4
3370,6
3371,3
3372,2
3374,1
3377,5
3378,0
3379,2
3381,2
3382,4
3383,3
3384,1
3387,1
3388,1
3389,1
3390,2
3391,2
3392,3
3393,2
3395,5
3396,1
3397,2
3398,3
3399,1
3400,1
3401,6
3402,3
3404,2
3410,1
3411,3
3412,1
3413,2
3415,5
3416,1
3419,5
3421,1
3422,2
3425,4
3427,3
3428,4
3430,2
3431,2
3432,2
3433,0
3434,6
3435,4
3440,1
3442,1
3443,3
3444,2
3446,1
3447,5
3448,6
3449,2
3451,6
3454,1
3455,3
3456,4
3458,4
3459,2
3460,3
3461,1
3463,1
3464,1
3465,0
3466,2
3467,2
3468,1
3469,5
3471,2
3472,1
3473,2
3474,0
3475,2
3476,5
3478,1
3479,2
3481,2
3483,2
3484,0
3485,6
3486,2
3489,6
3490,0
3491,5
3492,1
3493,2
3494,5
3495,1
3496,6
3497,5
3498,2
3501,4
3502,0
3504,1
3505,0
3507,2
3508,1
3511,0
3513,6
3516,3
3517,0
3518,1
3519,1
3521,5
3522,0
3523,4
3524,1
3525,4
3526,0
3530,2
3535,0
3536,6
3537,4
3538,2
3539,3
3541,5
3542,5
3543,3
3544,3
3546,5
3547,3
3551,2
3552,2
3553,1
3554,2
3555,4
3556,5
3560,5
3562,2
3564,1
3565,2
3567,6
3568,2
3569,6
3570,1
3571,4
3572,2
3573,3
3575,4
3576,6
3578,5
3579,1
3580,1
3581,4
3584,5
3585,2
3586,0
3587,3
3588,1
3589,1
3591,1
3593,3
3594,1
3595,5
3596,4
3598,6
3599,0
3601,1
3603,5
3604,6
3605,2
3607,0
3608,1
3610,2
3612,2
3615,2
3616,5
3617,3
3618,4
3619,1
3620,2
3622,5
3623,2
3625,2
3626,2
3627,0
3628,4
3631,1
3633,5
3635,1
3639,6
3640,1
3641,4
3642,0
3643,2
3644,2
3645,4
3646,4
3647,1
3648,2
3649,3
3650,1
3652,5
3653,3
3654,1
3655,2
3656,4
3658,5
3660,1
3661,2
3662,6
3664,5
3665,6
3666,3
3668,2
3669,2
3670,2
3671,6
3672,5
3674,6
3675,3
3677,5
3679,6
3680,2
3681,4
3682,5
3684,2
3689,5
3690,6
3691,1
3692,0
3693,1
3694,5
3695,2
3696,6
3697,1
3699,2
3703,4
3704,4
3705,4
3707,3
3708,0
3712,6
3713,5
3715,0
3716,3
3717,2
3718,5
3719,2
3720,1
3721,5
3722,2
3723,0
3728,5
3729,4
3732,4
3733,0
3734,4
3735,2
3736,4
3737,2
3739,1
3740,2
3743,6
3745,5
3748,2
3749,1
3751,1
3752,2
3753,3
3754,1
3757,3
3760,1
3761,5
3762,0
3763,1
3765,2
3770,1
3771,3
3772,1
3773,3
3774,5
3775,4
3777,2
3779,1
3780,3
3781,1
3782,4
3783,1
3785,6
3786,0
3789,0
3790,4
3791,1
3792,4
3793,5
3795,3
3796,6
3797,5
3798,2
3799,2
3800,2
3801,5
3802,0
3803,1
3805,1
3807,6
3808,1
3809,3
3811,6
3812,5
3813,6
3814,3
3816,2
3817,2
3818,1
3819,1
3821,2
3822,1
3823,4
3824,5
3825,3
3828,2
3830,5
3831,4
3833,1
3837,1
3838,4
3839,0
3840,2
3841,2
3842,5
3843,5
3844,4
3845,4
3846,2
3847,1
3848,3
3849,4
3852,6
3855,3
3856,5
3858,2
3859,5
3860,6
3861,4
3862,1
3863,3
3864,0
3865,6
3866,2
3867,5
3868,4
3869,2
3870,6
3872,2
3873,6
3874,2
3875,5
3876,2
3877,4
3878,5
3879,5
3881,2
3882,1
3883,5
3884,3
3887,1
3889,3
3892,2
3894,2
3895,1
3896,2
3899,2
3900,2
3901,2
3902,3
3903,1
3904,6
3905,1
3907,0
3908,2
3910,3
3912,2
3913,4
3914,1
3916,5
3917,1
3920,4
3922,1
3925,1
3926,3
3927,4
3932,2
3933,1
3934,1
3937,2
3938,5
3940,6
3942,5
3943,5
3944,2
3946,6
3947,1
3948,6
3949,5
3950,6
3951,6
3952,3
3953,2
3954,2
3955,2
3956,5
3957,6
3958,0
3960,1
3963,2
3965,1
3967,4
3970,3
3971,5
3972,1
3973,6
3974,1
3977,6
3978,5
3979,4
3980,4
3981,6
3985,4
3986,2
3988,4
3989,1
3991,4
3992,5
3993,1
3994,6
3995,3
3996,1
3997,1
3998,3
3999,1
4000,5
4002,4
4003,3
4005,3
4007,6
4008,3
4009,3
4010,2
4011,2
4013,0
4014,6
4015,2
4016,6
4017,1
4018,1
4019,2
4020,4
4021,0
4022,1
4023,6
4024,0
4025,2
4026,5
4027,2
4028,1
4029,5
4030,6
4035,1
4036,2
4037,1
4038,2
4039,1
4041,6
4042,2
4043,6
4044,6
4045,1
4046,2
4048,3
4049,5
4050,6
4052,2
4054,5
4055,1
4056,2
4057,3
4058,1
4059,2
4060,1
4061,3
4062,2
4063,3
4064,0
4065,0
4066,5
4068,3
4069,1
4070,5
4071,2
4072,1
4074,5
4076,1
4077,6
4079,5
4080,3
4081,0
4082,1
4085,1
4087,1
4088,6
4089,1
4090,3
4091,3
4092,6
4093,3
4095,0
4096,2
4098,2
4099,1
4100,2
4101,5
4103,3
4104,1
4106,6
4108,2
4109,5
4110,5
4111,1
4112,5
4113,1
4116,0
4117,5
4118,0
4119,1
4121,1
4122,2
4123,1
4126,4
4127,5
4129,4
4130,2
4132,5
4133,1
4134,1
4136,6
4137,6
4140,5
4141,3
4142,1
4143,1
4144,2
4145,1
4148,2
4149,2
4150,1
4151,0
4152,4
4153,4
4154,2
4156,6
4157,1
4158,5
4160,6
4162,1
4163,1
4164,3
4165,2
4166,1
4167,3
4168,1
4171,5
4173,1
4176,0
4177,4
4179,4
4180,2
4181,1
4182,2
4183,1
4185,3
4186,2
4187,4
4189,4
4190,3
4194,1
4195,6
4197,5
4198,1
4202,1
4204,2
4205,3
4206,3
4207,5
4208,4
4209,1
4210,2
4212,1
4214,6
4215,6
4221,1
4222,4
4224,6
4225,3
4226,1
4227,2
4229,1
4230,4
4234,4
4235,2
4237,4
4238,3
4239,3
4242,0
4246,1
4247,2
4249,1
4250,3
4251,1
4253,0
4254,4
4257,3
4259,1
4260,4
4261,2
4264,5
4265,1
4267,2
4268,1
4270,6
4271,3
4272,5
4273,0
4275,1
4277,3
4278,2
4281,2
4282,2
4283,1
4284,3
4285,2
4286,0
4288,5
4289,2
4290,6
4291,4
4292,3
4293,4
4295,6
4297,5
4298,1
4299,1
4301,1
4302,2
4303,1
4304,1
4305,5
4307,2
4308,0
4309,3
4311,6
4312,3
4313,1
4314,6
4315,1
4316,2
4318,1
4319,1
4320,0
4322,4
4324,3
4325,6
4326,4
4327,3
4329,3
4330,6
4331,2
4332,4
4333,3
4334,1
4336,5
4338,5
4339,1
4343,5
4344,6
4345,1
4346,5
4348,5
4349,0
4353,1
4354,4
4356,1
4357,6
4358,1
4360,6
4362,5
4363,0
4364,6
4367,1
4368,5
4369,3
4370,1
4371,1
4372,1
4373,5
4374,1
4378,6
4380,0
4383,4
4385,1
4386,6
4392,2
4393,0
4395,2
4396,1
4397,2
4398,0
4399,2
4400,5
4401,4
4403,1
4404,5
4406,2
4407,1
4408,6
4409,1
4411,4
4412,6
4413,5
4414,5
4415,3
4417,3
4421,3
4423,3
4424,2
4425,2
4427,5
4428,4
4429,2
4430,1
4433,1
4434,5
4436,5
4438,1
4440,2
4441,1
4442,3
4443,4
4446,2
4447,3
4449,5
4451,1
4452,1
4453,3
4455,4
4458,6
4459,1
4461,4
4462,1
4464,2
4467,1
4468,3
4469,4
4470,3
4472,5
4473,3
4474,1
4476,4
4477,0
4478,2
4480,3
4482,6
4484,2
4485,2
4489,1
4492,2
4494,2
4495,2
4497,0
4498,3
4500,1
4502,3
4504,2
4505,0
4506,6
4507,2
4508,2
4510,3
4511,2
4513,0
4515,1
4516,0
4517,2
4518,1
4521,4
4523,5
4524,3
4525,4
4527,2
4528,4
4532,0
4533,2
4534,5
4536,3
4537,3
4538,2
4540,2
4541,2
4542,3
4543,1
4544,6
4545,5
4546,1
4547,2
4548,3
4550,6
4551,5
4552,5
4553,2
4554,6
4556,4
4559,5
4560,5
4562,2
4563,2
4565,2
4566,1
4567,5
4568,1
4570,5
4571,1
4572,5
4574,1
4575,2
4576,3
4577,1
4578,3
4579,5
4580,1
4581,2
4585,2
4586,0
4587,1
4588,6
4589,2
4590,2
4591,1
4592,1
4593,3
4594,5
4596,2
4597,3
4598,1
4599,2
4601,6
4602,0
4603,1
4604,4
4606,5
4607,4
4608,5
4609,5
4610,4
4611,6
4613,6
4614,5
4616,6
4617,1
4619,1
4621,6
4624,5
4625,5
4626,4
4627,1
4628,1
4629,5
4631,5
4632,2
4633,3
4634,2
4635,6
4636,2
4637,1
4639,6
4640,2
4641,2
4643,1
4644,0
4645,0
4646,5
4647,5
4649,1
4651,2
4652,4
4653,6
4655,6
4657,5
4658,0
4659,4
4660,6
4661,2
4662,3
4664,1
4665,5
4666,1
4667,1
4668,6
4669,0
4670,2
4672,6
4673,5
4674,1
4676,2
4677,4
4679,1
4680,2
4681,1
4683,1
4684,6
4685,0
4686,4
4687,2
4689,4
4690,1
4692,4
4693,2
4694,2
4697,5
4702,2
4705,4
4706,5
4707,3
4708,5
4709,3
4710,6
4712,5
4713,1
4715,1
4716,2
4717,3
4718,6
4719,2
4721,3
4722,2
4724,2
4726,2
4727,5
4729,5
4730,5
4731,5
4733,1
4735,2
4737,2
4739,1
4741,1
4742,1
4744,1
4745,1
4747,1
4748,3
4749,6
4750,1
4751,2
4753,1
4754,2
4756,5
4757,1
4759,3
4760,2
4761,1
4764,0
4765,1
4767,5
4768,0
4771,1
4774,3
4775,2
4776,2
4777,4
4778,2
4779,4
4781,3
4783,1
4784,2
4785,6
4787,6
4790,6
4791,5
4796,6
4797,2
4798,1
4799,2
4801,2
4802,4
4803,6
4805,3
4806,5
4807,0
4808,3
4809,3
4810,1
4811,2
4812,4
4814,0
4815,2
4817,1
4818,6
4819,0
4820,5
4821,2
4824,2
4826,1
4828,5
4829,2
4830,2
4831,6
4833,6
4834,1
4835,3
4836,2
4837,4
4839,6
4840,1
4841,5
4842,2
4844,2
4849,0
4851,5
4856,1
4857,2
4860,5
4862,1
4863,5
4864,4
4865,1
4866,1
4868,0
4871,2
4872,6
4874,3
4875,2
4876,1
4877,4
4878,5
4880,3
4881,2
4882,2
4884,6
4885,2
4886,1
4889,2
4890,5
4891,1
4893,2
4894,4
4896,1
4897,1
4898,3
4900,5
4901,3
4902,5
4905,1
4907,2
4909,2
4910,4
4911,2
4912,6
4914,3
4916,3
4918,3
4920,5
4922,6
4924,2
4925,2
4926,3
4927,4
4929,2
4930,5
4931,1
4933,2
4934,2
4935,2
4936,3
4937,5
4939,6
4940,2
4942,5
4943,4
4945,3
4948,6
4949,1
4950,1
4952,6
4953,6
4956,0
4958,1
4959,4
4963,0
4964,0
4965,3
4966,2
4967,0
4970,2
4972,1
4973,1
4974,0
4975,6
4979,1
4981,3
4982,6
4983,0
4984,1
4986,5
4988,1
4989,1
4992,1
4994,2
4995,3
4998,1
4999,4
5000,4
5001,1
5002,4
5003,3
5004,3
5009,5
5010,6
5012,4
5013,6
5015,2
5016,2
5017,0
5021,2
5022,5
5023,3
5024,1
5025,2
5026,1
5029,1
5031,6
5034,2
5035,4
5036,1
5037,0
5038,4
5039,5
5040,6
5041,5
5042,1
5044,1
5045,5
5046,5
5048,3
5049,2
5050,6
5051,5
5052,2
5053,0
5054,2
5055,0
5057,2
5058,4
5060,0
5061,1
5062,2
5065,2
5066,4
5067,5
5069,5
5070,3
5071,2
5074,6
5075,0
5076,5
5077,1
5078,6
5082,5
5084,1
5085,4
5087,6
5088,2
5089,2
5091,2
5092,5
5094,5
5096,3
5097,1
5098,1
5100,2
5101,4
5104,5
5105,1
5106,4
5107,3
5108,0
5109,3
5111,1
5112,1
5114,2
5115,0
5116,6
5117,2
5118,0
5120,2
5121,1
5122,1
5123,3
5124,2
5125,2
5127,1
5128,1
5129,2
5130,2
5132,6
5133,0
5134,5
5135,2
5136,5
5137,5
5138,2
5139,1
5140,6
5141,0
5142,2
5144,3
5145,6
5147,1
5148,2
5149,6
5151,2
5152,3
5154,0
5155,3
5157,2
5159,2
5160,3
5161,1
5162,4
5164,3
5165,5
5166,0
5167,0
5169,2
5170,5
5172,0
5173,1
5174,3
5176,5
5177,5
5178,0
5179,6
5180,5
5181,3
5182,3
5184,0
5185,1
5186,0
5187,1
5188,3
5189,0
5190,1
5195,6
5196,4
5198,1
5199,2
5200,6
5201,6
5202,6
5204,5
5205,4
5208,2
5209,1
5212,2
5214,2
5216,1
5218,2
5219,4
5220,2
5221,5
5222,2
5224,5
5225,5
5226,2
5227,6
5228,4
5229,0
5230,2
5231,2
5232,2
5233,6
5235,5
5237,5
5239,1
5240,6
5243,5
5245,2
5246,5
5247,1
5248,1
5249,1
5251,3
5252,2
5254,0
5256,5
5257,1
5258,1
5259,2
5260,1
5262,6
5263,1
5264,2
5265,2
5266,1
5267,2
5269,1
5270,4
5272,0
5273,1
5274,1
5275,5
5276,1
5277,4
5278,5
5279,1
5280,5
5283,1
5284,0
5287,1
5288,4
5291,1
5292,5
5293,5
5294,0
5295,0
5296,6
5297,5
5298,0
5300,2
5301,4
5302,0
5303,5
5304,6
5305,1
5307,1
5308,0
5309,5
5311,4
5312,0
5313,5
5315,5
5316,6
5317,3
5318,2
5321,2
5324,2
5325,4
5327,0
5331,1
5333,3
5334,2
5335,2
5336,2
5337,1
5338,3
5339,2
5340,0
5341,2
5342,1
5344,3
5346,6
5349,2
5350,2
5352,1
5353,6
5357,4
5358,0
5359,6
5360,2
5361,5
5362,3
5363,3
5364,6
5366,4
5367,2
5368,5
5369,1
5370,1
5371,5
5372,3
5373,5
5374,0
5377,4
5378,1
5379,6
5380,4
5381,5
5382,3
5383,2
5385,4
5386,2
5387,2
5388,4
5389,0
5390,1
5392,4
5393,0
5394,5
5395,6
5397,5
5398,1
5399,5
5401,1
5402,1
5403,2
5404,1
5405,2
5406,5
5408,4
5409,3
5411,1
5416,2
5421,5
5422,3
5423,4
5424,2
5425,4
5427,3
5428,1
5430,1
5431,6
5433,3
5434,4
5435,2
5436,2
5437,3
5439,4
5440,6
5441,6
5442,4
5444,4
5446,3
5448,0
5450,4
5451,4
5452,1
5453,2
5454,1
5455,1
5456,5
5457,5
5458,1
5459,4
5464,2
5465,1
5466,0
5467,5
5469,0
5470,0
5471,1
5473,1
5474,1
5475,2
5477,0
5480,1
5481,2
5483,1
5484,0
5485,1
5486,6
5487,2
5488,5
5491,2
5492,5
5493,0
5494,3
5495,3
5496,5
5498,3
5501,0
5503,6
5504,3
5505,1
5506,2
5508,2
5511,3
5512,1
5513,5
5514,3
5515,4
5517,5
5518,0
5519,1
5521,6
5523,0
5525,2
5526,2
5528,2
5529,1
5531,2
5532,4
5534,1
5535,2
5536,6
5537,5
5538,1
5539,2
5540,3
5541,1
5543,1
5544,4
5545,2
5546,4
5549,2
5550,1
5551,6
5552,1
5553,1
5554,2
5555,5
5556,5
5557,5
5559,5
5560,1
5562,1
5563,0
5564,3
5565,4
5567,5
5568,5
5569,4
5570,1
5571,2
5572,6
5573,3
5574,5
5576,1
5579,3
5580,2
5581,6
5583,1
5584,5
5588,5
5589,3
5590,4
5591,0
5592,3
5596,1
5597,6
5598,1
5599,2
5600,5
5601,6
5602,1
5603,4
5604,1
5605,2
5606,1
5607,4
5608,1
5609,1
5610,5
5611,1
5612,3
5613,4
5614,1
5615,2
5616,5
5617,2
5618,6
5619,1
5620,1
5621,2
5623,6
5624,5
5625,0
5626,1
5627,1
5628,2
5629,1
5630,6
5631,3
5632,4
5633,5
5634,3
5635,2
5640,4
5641,3
5642,6
5645,1
5646,1
5647,0
5648,1
5649,2
5651,2
5652,3
5653,2
5656,1
5657,1
5658,0
5659,6
5660,2
5661,2
5662,0
5663,6
5664,3
5666,3
5667,1
5669,6
5670,4
5672,2
5673,2
5674,1
5678,5
5679,1
5680,2
5681,2
5683,1
5686,2
5690,4
5691,2
5692,5
5693,3
5696,1
5697,2
5699,0
5700,2
5701,2
5704,6
5705,5
5706,2
5709,5
5710,2
5711,5
5712,5
5713,1
5714,1
5715,2
5716,4
5718,0
5719,1
5721,2
5723,5
5727,1
5729,1
5730,3
5731,2
5732,6
5733,6
5734,1
5735,2
5736,2
5737,4
5739,3
5740,2
5741,5
5742,5
5744,5
5746,3
5747,4
5748,1
5749,5
5750,1
5751,1
5752,5
5753,3
5754,2
5755,2
5757,1
5758,1
5759,5
5760,6
5762,2
5765,3
5767,1
5768,1
5769,2
5770,5
5772,5
5774,2
5775,4
5776,6
5777,2
5780,1
5782,1
5783,1
5784,6
5785,0
5786,4
5787,1
5789,5
5790,4
5792,1
5793,1
5794,6
5795,5
5797,0
5799,4
5801,4
5802,0
5803,2
5804,6
5805,1
5806,4
5808,1
5809,0
5810,1
5811,2
5814,4
5817,5
5818,0
5820,1
5821,5
5822,2
5824,4
5825,5
5826,3
5827,0
5828,1
5829,5
5830,6
5833,2
5835,6
5836,2
5837,1
5838,2
5839,3
5840,6
5841,5
5845,3
5846,0
5847,2
5848,2
5849,1
5851,3
5852,3
5853,2
5854,4
5857,2
5858,0
5860,6
5861,1
5862,1
5863,1
5864,6
5865,1
5866,2
5867,3
5868,4
5869,4
5871,2
5872,2
5874,1
5875,4
5876,1
5877,0
5878,0
5879,1
5880,2
5881,3
5883,4
5884,3
5885,6
5887,5
5888,4
5891,6
5892,1
5893,0
5896,5
5897,5
5898,2
5901,1
5902,2
5903,2
5904,2
5905,2
5906,1
5908,3
5909,4
5910,2
5912,4
5913,2
5914,1
5915,1
5916,4
5918,2
5920,0
5921,1
5923,2
5924,0
5926,1
5927,1
5929,2
5932,3
5933,2
5934,2
5937,1
5938,3
5939,4
5941,4
5942,6
5944,1
5945,1
5947,2
5948,2
5949,3
5952,1
5953,2
5955,2
5956,6
5957,1
5958,6
5960,3
5961,3
5962,2
5963,1
5964,2
5965,3
5966,3
5968,1
5969,6
5971,4
5972,2
5973,2
5974,0
5976,1
5977,5
5978,5
5979,5
5980,2
5982,3
5983,1
5985,4
5986,1
5987,1
5988,1
5990,5
5991,2
5992,2
5995,4
5996,0
5997,6
5998,6
6000,1
6001,6
6002,2
6004,6
6005,2
6006,3
6007,6
6008,3
6010,5
6011,6
6012,2
6014,1
6015,1
6020,1
6021,1
6022,5
6023,4
6024,2
6026,5
6027,4
6028,5
6029,5
6030,1
6031,4
6033,2
6039,2
6041,4
6043,2
6044,2
6045,6
6047,1
6049,2
6050,5
6051,1
6052,2
6056,6
6057,6
6059,6
6060,6
6061,5
6062,4
6065,1
6066,0
6068,1
6070,5
6072,4
6074,1
6075,0
6076,1
6077,0
6078,0
6079,2
6080,0
6082,3
6083,3
6084,1
6085,4
6086,2
6089,0
6091,5
6092,0
6094,2
6095,1
6097,1
6098,1
6099,2
6100,4
6101,5
6103,4
6105,1
6106,2
6107,1
6108,2
6109,2
6110,3
6111,1
6112,3
6113,3
6114,6
6118,3
6119,6
6120,1
6121,6
6124,5
6125,2
6126,2
6127,3
6128,6
6130,2
6131,1
6135,0
6136,1
6137,2
6139,6
6140,6
6141,2
6142,5
6144,5
6146,1
6147,6
6148,5
6149,2
6151,4
6153,0
6154,4
6155,2
6156,5
6158,6
6159,2
6161,5
6162,6
6163,1
6164,1
6165,5
6168,4
6169,2
6170,6
6171,4
6172,2
6175,5
6176,6
6179,5
6180,6
6181,1
6182,0
6183,4
6184,2
6185,3
6187,2
6188,1
6190,0
6191,5
6194,1
6195,1
6196,1
6198,4
6199,6
6200,6
6201,2
6202,2
6203,2
6205,2
6206,6
6207,3
6209,3
6211,5
6212,2
6214,4
6215,0
6217,3
6219,6
6220,3
6221,0
6222,2
6226,1
6227,0
6228,6
6229,2
6230,3
6231,0
6233,0
6234,3
6235,0
6236,4
6238,1
6241,1
6243,4
6244,2
6245,2
6247,6
6248,2
6249,2
6250,1
6253,4
6254,4
6256,5
6258,2
6259,6
6260,2
6261,1
6264,3
6265,1
6266,1
6267,6
6269,2
6270,2
6272,4
6274,2
6276,4
6277,1
6279,5
6281,6
6282,2
6283,1
6284,4
6285,2
6286,1
6287,0
6288,1
6289,1
6290,6
6292,1
6293,4
6294,2
6295,0
6296,1
6298,2
6300,5
6301,2
6303,6
6305,4
6306,2
6309,6
6310,2
6311,2
6312,3
6314,4
6317,0
6320,5
6321,6
6322,2
6323,5
6324,5
6325,0
6328,4
6329,5
6331,5
6332,5
6333,1
6334,2
6335,1
6337,2
6338,4
6339,2
6341,0
6342,4
6343,2
6344,2
6346,1
6348,0
6349,3
6351,3
6352,1
6353,3
6355,3
6357,1
6359,5
6360,2
6361,4
6364,1
6365,6
6366,1
6369,6
6370,1
6371,6
6372,2
6373,0
6377,1
6379,3
6380,1
6381,4
6383,4
6384,2
6385,2
6386,4
6388,0
6389,3
6391,1
6393,2
6394,2
6395,5
6396,1
6397,5
6398,5
6401,3
6402,1
6403,1
6405,6
6406,2
6407,4
6408,1
6410,1
6411,6
6413,5
6414,2
6415,1
6419,5
6420,1
6422,1
6423,0
6424,2
6425,3
6428,4
6429,4
6430,2
6431,3
6432,2
6435,2
6436,1
6437,1
6438,2
6439,4
6440,4
6442,1
6443,0
6445,1
6446,2
6447,6
6448,1
6449,0
6451,0
6452,4
6453,4
6454,4
6456,1
6457,3
6458,5
6459,1
6460,6
6461,6
6462,1
6463,1
6464,2
6467,4
6468,1
6469,1
6471,5
6472,1
6473,2
6474,2
6475,1
6476,3
6477,2
6478,1
6479,0
6480,4
6481,0
6482,3
6485,2
6486,0
6487,4
6488,2
6489,6
6490,3
6491,1
6493,1
6494,1
6495,6
6496,3
6499,5
6501,1
6503,0
6504,2
6505,1
6506,4
6508,2
6509,2
6511,6
6513,5
6515,3
6517,2
6518,5
6519,3
6520,5
6521,6
6522,3
6523,1
6525,5
6526,3
6527,6
6529,6
6530,3
6531,3
6532,1
6534,5
6535,3
6536,6
6537,1
6538,1
6539,1
6540,3
6542,3
6543,5
6544,1
6545,1
6546,2
6548,2
6549,2
6551,3
6552,3
6553,1
6555,2
6556,4
6559,2
6561,2
6563,2
6564,0
6565,2
6567,5
6568,2
6569,6
6570,3
6571,2
6572,1
6573,0
6574,5
6575,2
6576,1
6577,4
6578,0
6579,3
6580,4
6583,5
6585,4
6586,4
6587,6
6588,2
6589,3
6590,2
6591,1
6592,1
6593,0
6594,3
6596,1
6597,2
6598,4
6599,2
6600,1
6603,5
6604,2
6605,5
6606,5
6607,3
6608,2
6611,6
6612,3
6613,5
6615,3
6617,2
6619,3
6621,4
6624,1
6625,1
6626,0
6627,2
6628,2
6629,4
6630,1
6631,3
6632,0
6633,4
6634,0
6635,5
6636,1
6640,4
6641,5
6643,6
6644,1
6645,2
6646,3
6648,1
6649,2
6650,1
6654,5
6658,2
6659,1
6660,2
6662,1
6663,1
6664,1
6666,0
6667,2
6668,1
6670,1
6672,2
6673,6
6674,1
6675,5
6676,6
6677,5
6678,2
6680,1
6681,6
6682,1
6683,1
6684,6
6685,4
6686,2
6687,4
6689,2
6690,2
6692,5
6694,5
6695,4
6698,3
6699,2
6701,1
6702,1
6703,2
6704,1
6705,6
6708,5
6709,1
6711,5
6712,1
6713,2
6714,5
6716,2
6717,2
6718,2
6722,0
6723,3
6724,2
6725,2
6726,5
6727,1
6728,6
6729,2
6730,4
6732,2
6733,4
6736,4
6738,2
6739,1
6740,1
6741,5
6742,2
6744,0
6745,3
6746,1
6748,1
6749,6
6752,1
6754,0
6756,2
6758,3
6759,1
6760,4
6761,5
6762,4
6763,3
6764,5
6765,6
6766,1
6768,1
6769,0
6770,6
6772,3
6773,5
6774,2
6775,1
6777,1
6779,0
6781,2
6782,2
6783,1
6784,3
6785,2
6786,3
6788,1
6789,2
6790,5
6791,2
6792,3
6793,1
6794,4
6796,0
6799,2
6800,6
6801,2
6802,1
6804,1
6806,5
6808,2
6811,1
6812,0
6813,6
6814,1
6815,2
6816,6
6818,1
6819,1
6820,4
6824,2
6827,2
6829,6
6830,3
6831,1
6832,2
6833,6
6834,5
6835,1
6836,5
6837,3
6838,2
6839,3
6840,2
6843,1
6844,4
6845,2
6846,2
6848,6
6849,1
6851,1
6852,4
6853,5
6854,4
6856,4
6858,1
6859,1
6860,5
6861,6
6862,4
6863,0
6866,3
6867,0
6868,6
6869,1
6871,1
6874,2
6875,6
6876,6
6877,5
6880,3
6881,1
6883,5
6884,0
6889,2
6890,5
6891,3
6895,0
6896,1
6898,1
6899,1
6900,1
6901,6
6902,6
6903,4
6904,1
6905,6
6906,2
6908,4
6909,3
6911,2
6915,2
6917,3
6918,6
6920,4
6922,4
6924,2
6925,2
6926,4
6927,1
6929,5
6930,1
6931,3
6932,2
6934,0
6935,4
6936,2
6937,2
6938,2
6939,3
6941,3
6942,1
6944,5
6945,6
6946,4
6948,6
6949,2
6950,5
6951,6
6952,2
6953,6
6954,1
6955,5
6957,1
6958,5
6959,0
6962,1
6965,2
6966,6
6967,6
6968,1
6969,1
6970,2
6971,2
6972,5
6973,1
6974,3
6975,0
6977,2
6980,5
6982,2
6983,5
6984,6
6985,0
6987,1
6988,6
6990,0
6991,2
6992,1
6993,4
6997,1
6998,2
6999,3
7002,2
7003,5
7004,3
7005,5
7006,6
7007,4
7011,6
7012,5
7013,2
7014,2
7016,4
7017,5
7018,1
7020,1
7021,3
7024,2
7027,2
7028,0
7029,1
7034,0
7035,2
7037,1
7039,3
7040,5
7041,5
7042,4
7043,4
7044,6
7047,0
7048,4
7050,0
7051,2
7052,2
7053,1
7057,2
7060,3
7061,4
7062,1
7063,5
7064,1
7065,3
7067,5
7068,4
7069,4
7071,3
7072,0
7073,5
7074,0
7075,6
7076,2
7078,3
7079,2
7081,2
7082,3
7083,2
7084,1
7085,1
7086,5
7088,1
7089,1
7090,5
7091,1
7093,0
7094,2
7095,2
7098,6
7101,4
7103,3
7105,3
7106,1
7107,1
7112,5
7113,3
7114,1
7115,3
7116,2
7118,4
7119,2
7120,2
7121,2
7122,2
7124,1
7125,0
7126,0
7127,2
7129,3
7131,5
7132,1
7133,2
7134,3
7135,0
7136,2
7137,4
7138,3
7140,5
7141,0
7142,5
7143,3
7144,2
7147,2
7149,2
7150,6
7151,2
7153,1
7155,2
7156,1
7157,4
7158,4
7159,6
7164,1
7165,1
7167,6
7168,5
7169,5
7170,2
7171,1
7172,0
7174,4
7175,1
7176,2
7177,2
7178,1
7179,2
7181,5
7182,1
7183,2
7187,2
7188,1
7190,3
7192,2
7193,1
7196,6
7199,3
7201,1
7202,1
7203,1
7204,3
7208,4
7211,3
7212,2
7214,1
7216,2
7218,5
7220,2
7222,5
7223,4
7224,3
7225,5
7226,6
7229,3
7230,0
7231,1
7232,1
7234,4
7237,2
7239,5
7240,2
7241,6
7242,1
7243,1
7245,2
7246,3
7247,2
7248,4
7249,2
7252,6
7253,2
7256,1
7258,2
7259,3
7261,1
7264,6
7267,3
7268,1
7270,1
7271,5
7272,1
7275,0
7276,4
7277,1
7278,6
7279,1
7280,1
7281,2
7283,6
7285,0
7286,6
7287,1
7288,0
7289,4
7290,6
7291,2
7292,5
7293,2
7294,1
7295,4
7297,6
7298,5
7300,1
7302,4
7303,0
7304,4
7305,1
7306,0
7308,1
7310,1
7312,0
7313,4
7314,0
7315,5
7316,4
7318,3
7319,5
7320,5
7322,3
7323,1
7324,3
7326,2
7327,1
7329,3
7330,4
7331,2
7332,6
7333,1
7335,3
7336,2
7339,6
7340,1
7342,3
7343,3
7344,5
7347,1
7348,6
7350,5
7351,3
7352,0
7353,6
7354,1
7355,4
7356,1
7357,4
7358,3
7359,5
7360,3
7362,1
7363,2
7364,6
7366,5
7367,2
7368,1
7369,1
7370,2
7371,1
7375,1
7377,4
7379,5
7381,6
7382,1
7384,4
7387,2
7388,4
7389,1
7391,5
7394,5
7396,1
7397,1
7398,6
7399,2
7400,2
7404,5
7405,3
7406,0
7408,2
7410,0
7411,0
7412,1
7414,1
7415,4
7417,1
7418,0
7419,2
7420,2
7421,3
7422,3
7423,5
7424,6
7425,5
7426,4
7427,2
7429,0
7430,1
7432,6
7433,2
7434,5
7435,5
7436,6
7437,5
7438,6
7440,1
7441,6
7442,2
7445,1
7447,3
7449,1
7452,1
7453,2
7455,2
7457,5
7459,1
7462,2
7465,2
7467,3
7468,1
7469,4
7470,2
7471,1
7472,1
7474,3
7475,0
7476,3
7477,4
7478,2
7479,4
7480,1
7482,1
7483,2
7485,4
7486,6
7490,2
7492,2
7494,1
7495,5
7496,1
7498,3
7500,5
7501,1
7502,1
7504,1
7506,3
7509,4
7511,3
7512,0
7513,6
7514,1
7515,1
7516,1
7517,1
7518,2
7520,3
7521,1
7522,5
7523,0
7525,0
7526,4
7527,1
7529,5
7530,1
7531,2
7533,2
7534,1
7535,5
7536,1
7537,5
7538,5
7539,4
7540,2
7542,0
7543,4
7544,0
7545,4
7547,5
7548,4
7549,3
7550,2
7551,6
7552,2
7553,2
7555,3
7556,4
7557,6
7558,6
7559,2
7560,2
7561,3
7562,3
7564,2
7566,2
7569,2
7571,0
7572,2
7573,4
7574,3
7575,6
7576,2
7578,3
7580,6
7581,0
7582,2
7583,2
7584,1
7586,4
7588,2
7589,0
7590,2
7591,5
7592,6
7594,2
7595,4
7596,2
7597,2
7598,1
7600,5
7601,5
7602,2
7603,5
7604,1
7605,1
7607,5
7609,2
7610,3
7611,2
7612,1
7613,0
7615,3
7617,2
7618,3
7619,0
7620,2
7623,0
7625,2
7627,2
7628,3
7629,0
7630,6
7631,1
7635,3
7636,5
7637,5
7638,1
7639,6
7640,5
7641,4
7642,5
7643,1
7644,6
7646,0
7647,1
7648,3
7652,1
7653,2
7654,2
7655,0
7657,3
7658,1
7660,3
7663,1
7664,2
7665,2
7668,2
7669,5
7671,0
7673,2
7674,2
7675,0
7677,3
7678,1
7679,3
7682,2
7683,2
7684,5
7685,2
7686,3
7687,1
7688,0
7690,1
7691,3
7692,6
7693,2
7694,1
7695,1
7698,0
7699,5
7701,6
7702,1
7704,2
7705,6
7706,6
7707,3
7708,1
7711,3
7712,5
7713,2
7714,0
7715,5
7716,6
7717,5
7721,5
7723,1
7724,2
7725,6
7727,6
7728,4
7729,1
7730,1
7731,3
7734,0
7735,4
7737,2
7739,2
7741,5
7743,5
7744,2
7745,4
7747,2
7748,6
7749,1
7750,6
7751,6
7752,4
7753,2
7754,5
7756,6
7757,1
7758,2
7760,4
7761,2
7763,5
7764,3
7765,1
7766,2
7767,6
7768,4
7769,2
7770,0
7771,1
7772,6
7773,4
7775,4
7776,5
7777,2
7782,1
7783,6
7784,2
7786,3
7789,2
7791,1
7792,2
7793,4
7795,2
7796,2
7799,1
7801,4
7802,6
7803,2
7804,2
7805,2
7807,2
7809,5
7810,1
7811,2
7815,1
7816,6
7817,4
7818,2
7819,0
7820,4
7821,4
7822,2
7826,6
7827,2
7829,0
7831,3
7832,2
7833,1
7837,2
7838,2
7839,3
7840,5
7841,5
7842,5
7843,1
7844,3
7845,6
7847,4
7848,4
7849,5
7850,0
7851,0
7853,0
7854,1
7855,5
7856,1
7857,2
7859,2
7860,6
7861,2
7863,3
7864,1
7865,2
7866,0
7867,2
7868,6
7869,0
7871,1
7873,2
7874,6
7875,1
7876,4
7881,1
7883,5
7884,1
7885,6
7888,2
7889,3
7890,5
7891,5
7892,2
7893,0
7897,4
7898,2
7899,1
7900,6
7901,3
7902,5
7904,2
7906,2
7909,2
7910,3
7911,2
7912,1
7913,2
7914,1
7915,1
7916,2
7917,6
7920,6
7921,5
7924,5
7926,2
7927,2
7928,3
7930,6
7931,5
7932,2
7934,4
7935,3
7937,3
7940,1
7942,5
7944,1
7945,6
7946,4
7950,0
7951,2
7952,4
7953,2
7954,2
7955,2
7956,1
7957,4
7958,6
7959,5
7962,1
7964,6
7965,5
7966,1
7967,2
7970,2
7971,2
7972,1
7973,4
7974,6
7975,5
7976,6
7977,4
7978,4
7980,5
7981,5
7983,5
7985,4
7988,4
7989,1
7992,1
7993,5
7994,3
7995,2
7998,5
7999,1
8000,3
8001,3
8002,1
8003,2
8005,1
8006,0
8007,2
8009,1
8010,0
8014,1
8015,2
8016,1
8017,1
8019,5
8020,1
8021,4
8022,5
8023,5
8024,4
8026,4
8028,4
8029,2
8030,6
8032,2
8033,5
8036,3
8037,1
8039,3
8040,2
8042,6
8043,3
8044,4
8045,1
8046,0
8047,5
8048,2
8049,3
8050,1
8051,3
8052,5
8053,2
8054,4
8056,2
8057,5
8058,2
8059,6
8060,2
8061,4
8064,2
8065,1
8066,2
8067,5
8069,1
8070,3
8071,6
8072,1
8073,3
8074,1
8075,0
8076,6
8077,2
8078,1
8080,1
8081,1
8082,5
8083,6
8084,2
8085,1
8086,3
8087,1
8089,1
8094,2
8095,6
8099,2
8100,5
8102,2
8104,5
8105,6
8107,5
8108,5
8109,1
8110,1
8111,6
8112,6
8114,4
8115,6
8116,2
8118,5
8119,2
8121,3
8123,1
8125,3
8126,3
8128,5
8129,0
8130,2
8131,1
8132,2
8135,6
8136,3
8137,6
8138,1
8141,1
8143,6
8144,0
8145,1
8146,5
8147,5
8148,3
8150,4
8153,4
8154,5
8158,5
8159,2
8160,3
8161,2
8162,3
8163,4
8164,3
8165,1
8166,2
8167,5
8168,4
8170,1
8171,2
8172,1
8173,2
8174,2
8175,1
8176,3
8177,3
8178,1
8179,1
8181,1
8182,4
8183,1
8184,4
8186,5
8187,2
8188,2
8190,4
8192,2
8193,2
8194,4
8195,1
8197,0
8198,1
8199,1
8200,2
8203,0
8204,3
8206,2
8207,6
8209,0
8210,1
8211,2
8212,6
8213,5
8214,2
8215,3
8216,6
8217,0
8220,4
8221,1
8223,2
8224,2
8226,2
8227,2
8228,6
8229,5
8231,1
8232,0
8233,2
8234,2
8235,4
8236,5
8237,5
8239,1
8242,5
8243,2
8244,6
8245,0
8246,4
8247,1
8252,4
8254,6
8255,4
8256,3
8257,4
8258,2
8259,1
8261,5
8262,6
8263,1
8266,2
8268,5
8270,6
8273,5
8275,5
8276,3
8277,3
8280,1
8281,2
8282,5
8283,2
8284,3
8285,1
8287,3
8288,2
8289,3
8290,5
8291,3
8292,1
8295,1
8296,3
8297,3
8301,3
8302,1
8303,2
8305,2
8307,5
8309,3
8310,4
8311,2
8312,5
8313,1
8314,0
8316,1
8318,2
8321,1
8322,5
8323,1
8324,1
8326,3
8327,1
8329,3
8331,2
8333,2
8334,1
8335,4
8336,1
8337,4
8338,5
8339,2
8341,3
8342,1
8343,5
8344,1
8345,2
8346,3
8347,5
8349,0
8350,6
8351,3
8352,5
8354,1
8355,1
8356,3
8357,4
8359,3
8362,5
8363,0
8365,6
8366,2
8367,2
8368,1
8370,5
8371,4
8376,1
8377,3
8378,2
8379,2
8381,4
8382,1
8383,6
8384,6
8385,1
8386,5
8387,5
8388,1
8389,5
8390,4
8391,1
8392,0
8394,6
8396,1
8398,5
8400,6
8401,0
8403,1
8404,3
8405,6
8407,5
8408,4
8411,6
8412,5
8413,5
8416,6
8419,0
8420,2
8422,1
8423,2
8424,4
8425,6
8426,3
8427,6
8428,1
8429,6
8434,5
8435,4
8436,5
8437,3
8438,3
8439,1
8440,5
8441,4
8442,2
8443,2
8445,2
8446,6
8447,1
8449,3
8450,2
8451,2
8452,4
8455,2
8456,6
8457,5
8458,1
8459,6
8460,2
8461,0
8463,3
8464,5
8465,1
8467,6
8468,2
8470,6
8472,2
8473,2
8474,4
8475,1
8476,0
8477,5
8478,5
8479,2
8480,2
8481,2
8482,1
8485,5
8486,5
8487,1
8488,4
8489,1
8490,6
8493,2
8494,1
8495,4
8496,5
8497,5
8499,0
8500,6
8501,1
8502,4
8503,1
8504,6
8506,4
8507,1
8509,1
8511,2
8512,0
8513,0
8514,6
8515,1
8517,1
8518,3
8519,6
8520,6
8522,1
8523,2
8525,5
8527,2
8530,3
8531,2
8533,5
8534,1
8535,5
8536,1
8537,2
8538,1
8540,0
8541,1
8542,1
8544,1
8546,2
8548,2
8549,2
8550,5
8551,4
8552,2
8553,6
8555,2
8556,3
8558,3
8559,3
8560,5
8561,0
8562,5
8564,3
8565,4
8566,1
8567,1
8569,1
8571,5
8572,5
8573,6
8576,6
8578,5
8580,1
8582,2
8583,6
8584,6
8585,3
8587,6
8589,1
8590,6
8591,2
8592,5
8593,2
8594,1
8597,5
8598,1
8601,2
8603,1
8604,3
8605,5
8607,5
8608,4
8609,5
8610,2
8611,5
8612,5
8615,6
8616,2
8617,3
8618,4
8619,5
8620,0
8621,3
8622,5
8623,2
8624,6
8626,1
8627,4
8628,1
8630,1
8632,2
8633,2
8635,1
8636,1
8637,1
8638,0
8639,1
8642,3
8643,0
8644,1
8645,0
8647,2
8649,3
8650,2
8653,1
8654,3
8656,1
8657,4
8658,2
8659,5
8660,3
8661,6
8662,5
8663,2
8664,6
8666,2
8667,4
8668,2
8669,5
8671,5
8676,1
8677,0
8678,6
8680,1
8682,5
8683,6
8684,4
8685,0
8686,2
8688,1
8689,3
8690,6
8691,1
8692,5
8693,5
8694,2
8695,3
8696,3
8697,3
8698,6
8699,0
8700,1
8701,1
8702,2
8703,5
8705,5
8707,1
8708,1
8709,0
8710,2
8711,6
8712,2
8713,6
8714,6
8715,6
8716,5
8718,2
8719,3
8721,3
8722,5
8723,0
8724,1
8725,1
8727,3
8729,6
8730,6
8731,2
8732,1
8733,1
8734,5
8737,1
8740,2
8741,5
8742,2
8743,5
8745,4
8746,0
8748,3
8750,2
8751,5
8752,2
8753,6
8754,2
8755,5
8756,2
8757,4
8759,5
8765,2
8766,4
8767,4
8769,0
8770,3
8771,0
8773,1
8775,6
8776,1
8781,1
8782,2
8783,1
8785,2
8786,2
8787,2
8788,0
8790,6
8791,6
8792,2
8794,4
8795,2
8796,1
8797,5
8798,2
8799,6
8800,2
8801,1
8802,5
8803,6
8806,1
8807,1
8809,5
8810,1
8811,2
8812,3
8813,1
8814,6
8815,2
8816,2
8817,6
8818,4
8819,0
8820,5
8821,5
8823,5
8824,2
8827,1
8828,4
8830,0
8831,0
8832,3
8833,4
8834,5
8835,0
8836,0
8838,1
8839,5
8840,3
8841,1
8842,6
8843,3
8844,3
8845,1
8846,3
8847,1
8848,3
8849,4
8850,0
8851,1
8852,1
8854,4
8855,0
8857,2
8860,2
8862,2
8865,0
8867,1
8868,6
8869,2
8870,4
8872,2
8875,2
8876,2
8878,6
8879,2
8881,2
8882,2
8883,1
8884,2
8885,0
8886,2
8887,1
8888,6
8889,5
8890,1
8891,2
8893,2
8894,6
8895,2
8896,3
8898,5
8901,3
8902,2
8903,6
8904,3
8907,1
8908,1
8909,3
8910,2
8913,6
8914,4
8915,6
8916,1
8917,2
8918,0
8920,2
8921,6
8923,2
8926,1
8928,5
8929,5
8930,5
8931,2
8932,2
8933,2
8934,0
8935,6
8936,2
8937,1
8941,3
8942,1
8943,5
8944,6
8946,4
8947,5
8948,0
8949,0
8951,1
8952,3
8953,3
8954,2
8955,1
8956,3
8957,2
8958,5
8960,6
8961,4
8962,2
8963,2
8964,5
8966,4
8968,6
8969,2
8970,5
8971,0
8973,2
8974,3
8975,6
8976,1
8977,3
8978,4
8979,6
8980,5
8982,6
8983,1
8984,1
8986,0
8987,2
8988,4
8990,2
8991,1
8992,1
8993,4
8994,4
8996,4
8998,4
8999,6
9000,1
9002,4
9003,1
9004,1
9006,1
9007,0
9008,1
9010,6
9011,2
9014,2
9015,1
9016,4
9019,3
9022,1
9025,1
9026,6
9027,4
9029,1
9031,2
9032,6
9033,1
9035,3
9037,6
9038,1
9039,3
9040,3
9041,1
9042,2
9044,1
9045,3
9046,1
9048,2
9049,1
9050,1
9053,0
9055,1
9056,2
9057,2
9058,2
9059,2
9061,5
9062,2
9063,4
9065,3
9067,1
9069,2
9070,6
9071,1
9072,2
9073,6
9074,2
9075,1
9076,2
9077,1
9079,6
9080,2
9081,2
9082,4
9083,5
9084,5
9086,1
9087,1
9088,4
9090,2
9091,2
9092,2
9093,6
9095,1
9096,2
9098,6
9100,1
9101,5
9103,0
9104,3
9105,1
9106,1
9110,1
9111,1
9112,6
9113,1
9114,6
9116,5
9117,2
9120,5
9121,1
9123,1
9124,1
9126,5
9127,2
9128,5
9131,1
9132,3
9133,1
9134,5
9135,1
9136,2
9137,6
9138,0
9140,1
9141,2
9142,4
9143,0
9144,0
9145,1
9146,6
9147,3
9149,3
9151,4
9152,1
9153,2
9154,4
9155,6
9156,2
9157,2
9158,1
9159,4
9160,1
9163,0
9166,1
9167,5
9168,4
9169,1
9170,3
9171,1
9172,2
9173,2
9174,1
9175,1
9176,1
9177,6
9179,6
9180,2
9181,2
9182,1
9183,0
9184,2
9185,1
9186,6
9188,1
9189,2
9191,4
9192,2
9196,5
9197,4
9198,5
9200,1
9202,1
9203,2
9204,1
9205,1
9206,3
9208,2
9210,2
9211,5
9212,1
9214,1
9216,6
9217,3
9218,1
9220,2
9221,1
9222,0
9226,0
9228,0
9229,5
9231,2
9233,1
9234,4
9235,1
9236,1
9238,2
9239,5
9240,0
9241,0
9243,2
9245,2
9246,2
9253,2
9254,2
9256,5
9258,2
9261,4
9263,1
9267,3
9269,1
9270,5
9271,4
9272,1
9273,3
9274,5
9275,2
9276,4
9277,3
9278,1
9279,5
9280,2
9281,2
9282,0
9283,1
9284,3
9285,3
9288,4
9290,6
9292,3
9293,5
9295,5
9296,4
9297,1
9298,4
9299,1
9300,1
9303,1
9304,4
9305,4
9306,3
9307,4
9308,0
9310,1
9313,3
9316,4
9317,1
9322,5
9323,2
9324,1
9327,1
9328,2
9329,6
9330,2
9331,6
9332,3
9335,1
9336,0
9337,0
9338,2
9339,5
9340,2
9341,6
9343,6
9344,6
9345,5
9346,2
9348,1
9349,3
9351,6
9352,2
9353,1
9354,3
9355,1
9357,6
9358,0
9359,3
9360,2
9362,0
9363,5
9364,1
9365,1
9366,0
9368,4
9369,2
9370,0
9371,0
9372,2
9373,5
9375,2
9377,3
9378,2
9379,6
9380,0
9381,6
9382,2
9384,1
9385,3
9387,4
9388,2
9389,1
9392,4
9393,1
9394,2
9395,6
9396,3
9397,4
9398,1
9399,0
9402,1
9403,2
9404,2
9406,6
9407,5
9408,6
9409,2
9410,4
9411,4
9412,4
9413,2
9414,2
9415,0
9420,3
9421,2
9422,5
9424,4
9425,1
9426,2
9427,6
9428,5
9429,1
9430,1
9431,5
9433,1
9434,0
9435,6
9436,4
9438,4
9439,6
9440,1
9442,5
9443,1
9444,2
9446,2
9447,2
9448,6
9449,3
9451,4
9452,6
9453,5
9454,1
9456,4
9458,5
9459,1
9460,6
9464,1
9466,3
9467,2
9468,1
9469,2
9471,2
9473,6
9474,2
9476,0
9478,1
9480,2
9482,5
9483,5
9484,3
9485,1
9486,5
9487,5
9489,1
9490,2
9491,1
9492,4
9493,5
9496,0
9498,1
9499,4
9502,0
9503,1
9504,2
9505,4
9506,2
9508,3
9510,1
9511,2
9512,0
9514,4
9516,1
9518,6
9519,5
9520,2
9522,2
9523,1
9524,3
9528,2
9530,6
9532,2
9535,1
9536,5
9539,1
9540,4
9541,4
9542,3
9543,1
9544,2
9547,4
9548,6
9549,4
9550,6
9551,2
9552,1
9553,5
9554,1
9556,1
9559,4
9560,6
9562,4
9565,4
9567,2
9568,1
9569,1
9570,2
9571,5
9572,2
9574,6
9576,1
9578,1
9579,4
9580,1
9581,1
9582,6
9583,1
9584,3
9585,5
9586,2
9588,6
9589,5
9590,1
9592,6
9593,2
9594,1
9595,1
9598,0
9599,1
9600,2
9602,1
9606,2
9607,5
9608,2
9609,6
9610,5
9611,2
9613,1
9614,4
9616,5
9617,2
9619,4
9620,1
9622,1
9623,4
9625,5
9626,1
9627,1
9628,2
9629,5
9630,5
9631,6
9632,2
9633,4
9636,0
9637,6
9638,2
9640,3
9641,1
9642,3
9643,2
9644,2
9645,2
9646,5
9647,1
9650,1
9651,4
9652,5
9653,6
9654,5
9655,3
9656,1
9658,2
9659,5
9662,6
9663,0
9664,1
9665,1
9666,5
9667,0
9668,4
9670,4
9674,4
9675,1
9676,2
9677,2
9678,2
9679,4
9680,5
9681,6
9683,5
9685,3
9686,1
9688,5
9689,3
9691,4
9692,1
9693,3
9694,0
9696,3
9697,2
9700,2
9701,0
9702,5
9703,2
9704,4
9705,1
9706,0
9707,5
9708,1
9712,6
9713,2
9714,4
9715,5
9716,1
9717,1
9719,2
9721,2
9722,5
9723,5
9724,5
9726,2
9727,1
9728,5
9729,3
9730,1
9731,1
9732,1
9734,1
9737,2
9739,1
9740,1
9741,0
9742,3
9743,1
9744,1
9745,6
9747,6
9749,5
9750,6
9751,2
9752,2
9753,2
9754,1
9757,5
9758,4
9760,2
9761,2
9762,0
9763,5
9764,6
9765,1
9768,1
9771,2
9772,2
9773,0
9774,4
9775,5
9776,2
9777,5
9778,6
9783,0
9784,0
9785,6
9786,2
9788,2
9789,2
9791,3
9792,2
9793,1
9795,2
9796,2
9798,0
9800,1
9801,6
9802,2
9806,2
9807,4
9809,6
9811,4
9812,2
9818,1
9820,4
9822,0
9823,4
9824,1
9825,1
9826,4
9827,4
9829,6
9830,6
9832,1
9833,6
9834,6
9835,2
9836,2
9837,4
9838,6
9839,2
9840,5
9842,2
9843,6
9844,6
9847,2
9848,5
9849,3
9850,1
9852,2
9853,2
9854,2
9856,1
9857,5
9859,6
9861,0
9863,1
9865,2
9866,2
9868,4
9869,1
9870,2
9871,1
9872,3
9873,2
9874,3
9875,4
9876,4
9877,1
9878,6
9879,2
9880,0
9881,1
9883,1
9885,0
9886,4
9887,1
9888,2
9890,5
9893,4
9895,2
9896,0
9897,6
9898,1
9899,1
9900,3
9902,6
9905,1
9906,2
9907,5
9908,1
9909,6
9910,2
9911,3
9913,5
9914,5
9915,2
9917,5
9918,4
9919,1
9920,1
9921,0
9925,2
9927,2
9932,1
9934,3
9935,3
9936,6
9937,5
9942,5
9943,1
9947,6
9948,2
9950,5
9951,2
9952,0
9953,6
9954,5
9955,3
9957,1
9958,1
9960,3
9962,5
9963,0
9965,2
9966,2
9969,1
9974,2
9975,4
9976,1
9977,5
9978,1
9979,3
9980,2
9982,1
9983,2
9986,3
9987,1
9988,1
9989,1
9990,2
9991,5
9994,3
9995,2
9997,1
9998,4
10000,2
10001,4
10002,3
10004,5
10006,1
10008,2
10009,5
10012,3
10013,1
10014,5
10015,3
10017,5
10019,3
10020,2
10021,1
10022,1
10023,1
10024,2
10025,6
10026,6
10027,1
10028,0
10030,2
10035,2
10036,1
10038,5
10039,3
10040,4
10042,1
10044,1
10045,4
10046,4
10047,3
10048,5
10050,6
10051,2
10052,3
10053,6
10054,3
10055,6
10056,1
10057,3
10058,0
10059,2
10060,4
10062,1
10063,1
10065,0
10066,4
10068,2
10070,2
10072,3
10074,2
10075,2
10076,4
10077,3
10078,5
10079,3
10080,1
10081,1
10082,4
10083,6
10085,1
10086,1
10087,3
10088,2
10090,5
10091,6
10093,2
10094,2
10095,5
10097,2
10098,5
10099,5
10100,2
10102,4
10103,3
10105,4
10106,2
10107,3
10110,2
10112,3
10113,2
10115,4
10116,1
10120,2
10121,3
10122,0
10123,5
10124,6
10125,1
10126,2
10127,2
10128,2
10130,4
10133,2
10134,6
10136,5
10139,2
10140,3
10142,3
10144,0
10145,1
10147,2
10148,0
10150,6
10151,3
10152,1
10153,0
10154,1
10156,3
10157,1
10158,1
10159,6
10160,4
10161,6
10162,4
10163,1
10164,0
10166,4
10167,2
10168,5
10169,1
10170,2
10171,3
10173,6
10178,3
10180,4
10181,3
10183,4
10184,2
10185,2
10186,5
10187,6
10188,5
10191,0
10192,2
10194,1
10195,2
10196,1
10197,1
10199,6
10200,3
10201,2
10202,3
10204,1
10206,1
10208,1
10209,3
10212,1
10213,1
10214,2
10215,2
10216,2
10217,5
10218,0
10219,1
10220,5
10221,6
10222,6
10223,2
10224,5
10226,5
10227,2
10228,2
10231,6
10232,3
10234,2
10235,4
10236,6
10237,6
10239,0
10240,4
10242,1
10243,1
10246,6
10249,2
10250,1
10251,5
10253,2
10254,2
10255,5
10256,6
10257,0
10261,1
10262,4
10263,2
10264,6
10265,3
10268,6
10269,2
10270,0
10271,5
10273,0
10274,6
10276,0
10277,2
10278,5
10279,3
10280,6
10283,3
10284,4
10285,5
10286,5
10287,1
10289,3
10291,3
10294,2
10295,1
10296,1
10297,2
10300,4
10301,0
10302,5
10303,6
10304,4
10305,6
10306,5
10307,5
10309,1
10310,0
10312,3
10314,1
10315,6
10316,4
10317,1
10318,4
10319,2
10320,1
10321,1
10322,5
10323,1
10324,2
10325,1
10326,1
10327,2
10328,1
10329,1
10330,6
10332,2
10333,1
10334,2
10335,1
10336,1
10337,2
10339,5
10340,0
10341,2
10342,4
10343,3
10344,5
10345,0
10347,1
10348,4
10351,4
10353,2
10355,0
10357,3
10358,1
10360,5
10361,2
10364,4
10366,2
10367,2
10368,2
10369,2
10370,2
10371,0
10372,1
10373,4
10374,4
10377,2
10382,3
10384,0
10386,6
10387,2
10388,6
10389,1
10390,6
10391,0
10392,6
10393,1
10394,6
10395,2
10396,5
10397,4
10398,6
10399,1
10400,1
10401,1
10402,4
10403,2
10406,5
10407,3
10408,2
10410,0
10411,0
10412,5
10413,6
10414,2
10415,4
10416,1
10417,5
10418,6
10424,1
10425,4
10426,5
10428,1
10429,0
10430,2
10431,3
10433,5
10434,2
10435,0
10436,2
10438,2
10440,1
10443,5
10444,2
10445,5
10446,3
10447,2
10448,1
10449,1
10453,1
10454,5
10455,5
10456,2
10457,4
10459,4
10460,1
10461,0
10463,3
10464,5
10465,1
10467,2
10471,5
10472,1
10473,5
10474,1
10476,4
10477,1
10478,1
10479,0
10480,0
10481,2
10483,6
10484,1
10485,6
10486,0
10488,1
10489,1
10490,6
10492,0
10494,1
10497,1
10498,6
10501,0
10502,1
10504,1
10506,1
10507,4
10508,0
10512,1
10513,2
10515,1
10518,1
10519,1
10520,2
10521,2
10522,1
10524,6
10525,5
10526,4
10527,5
10530,0
10533,6
10534,3
10537,6
10538,6
10540,0
10541,3
10542,1
10544,2
10545,5
10546,2
10547,0
10548,6
10549,2
10550,6
10551,3
10553,0
10554,3
10555,4
10556,0
10557,4
10559,1
10563,4
10564,2
10568,3
10569,2
10570,5
10571,5
10572,4
10573,2
10574,6
10575,6
10577,2
10578,2
10579,1
10580,1
10582,2
10584,1
10586,0
10587,4
10589,1
10591,3
10592,6
10593,1
10594,1
10596,2
10597,5
10598,2
10601,4
10603,2
10604,2
10606,5
10609,5
10610,5
10611,2
10612,2
10613,5
10614,6
10616,6
10618,5
10619,5
10620,3
10621,3
10625,5
10629,0
10630,1
10631,5
10632,5
10633,2
10634,2
10635,4
10638,2
10639,6
10641,6
10642,2
10643,2
10645,3
10647,5
10648,2
10650,3
10651,0
10652,6
10653,0
10654,2
10655,3
10657,5
10662,0
10663,5
10665,5
10667,2
10668,1
10669,4
10670,2
10671,4
10672,1
10673,0
10674,2
10675,2
10677,0
10678,6
10680,2
10683,2
10685,2
10686,4
10687,5
10691,5
10693,2
10694,2
10695,1
10696,1
10699,2
10700,4
10701,6
10702,1
10703,1
10706,1
10707,5
10708,4
10709,4
10711,1
10713,2
10714,4
10715,6
10716,3
10717,5
10718,1
10719,1
10720,0
10721,5
10722,5
10725,1
10726,3
10729,4
10730,1
10731,2
10732,1
10733,1
10734,6
10735,3
10736,1
10737,0
10739,1
10740,5
10741,2
10742,5
10743,5
10744,6
10746,2
10747,2
10748,2
10751,2
10752,1
10755,5
10756,4
10757,3
10758,1
10761,1
10762,2
10764,0
10765,1
10766,5
10768,3
10769,6
10770,1
10771,5
10772,5
10773,6
10774,4
10777,2
10778,2
10779,1
10781,3
10782,0
10784,1
10785,4
10786,5
10787,4
10788,3
10790,1
10791,1
10792,4
10794,4
10795,1
10796,0
10799,5
10802,2
10803,0
10804,1
10805,2
10806,2
10807,2
10808,2
10809,5
10810,2
10811,1
10812,6
10813,2
10814,4
10816,3
10817,1
10819,5
10821,3
10822,1
10823,5
10825,1
10826,6
10827,2
10828,1
10829,1
10830,3
10831,5
10832,3
10834,3
10835,0
10837,2
10838,2
10839,2
10840,1
10841,4
10842,0
10843,3
10844,3
10845,5
10846,1
10847,0
10848,1
10849,6
10850,5
10851,1
10852,5
10854,5
10857,1
10858,2
10860,2
10863,1
10864,1
10868,2
10871,5
10872,0
10873,5
10874,3
10875,4
10876,1
10879,1
10881,2
10882,1
10883,0
10885,4
10886,6
10887,1
10888,1
10889,5
10890,4
10891,1
10892,6
10893,0
10894,2
10895,0
10896,2
10897,3
10898,2
10899,4
10900,2
10902,1
10903,2
10905,3
10906,2
10907,5
10908,5
10910,6
10912,5
10913,1
10914,4
10915,1
10916,3
10917,4
10918,4
10920,1
10921,2
10922,3
10927,5
10928,1
10929,6
10931,5
10933,5
10934,6
10937,2
10939,1
10941,0
10942,3
10943,3
10944,1
10945,1
10946,1
10947,4
10948,3
10949,3
10951,2
10952,1
10953,0
10955,2
10956,3
10957,4
10958,1
10959,5
10960,2
10962,2
10963,2
10964,5
10965,5
10966,2
10968,1
10970,0
10971,2
10972,2
10973,4
10974,2
10975,5
10976,4
10977,4
10979,3
10980,5
10981,1
10984,5
10985,5
10986,1
10987,4
10988,2
10989,4
10990,1
10994,1
10995,1
10997,6
10998,6
10999,4
11001,4
11002,4
11003,1
11004,6
11005,2
11006,0
11008,0
11009,1
11010,2
11011,2
11012,5
11014,2
11017,0
11018,0
11022,3
11023,3
11024,1
11025,1
11026,6
11027,3
11028,1
11029,2
11030,1
11031,6
11032,2
11033,1
11035,1
11037,1
11038,1
11039,1
11040,6
11042,2
11043,1
11044,1
11045,1
11046,2
11047,2
11048,4
11049,4
11050,2
11052,4
11055,2
11057,2
11060,2
11062,3
11063,6
11065,1
11067,1
11068,6
11069,4
11070,5
11071,3
11072,3
11073,3
11075,3
11077,2
11079,2
11082,1
11083,5
11084,0
11085,3
11086,3
11087,1
11088,3
11089,1
11091,4
11092,5
11095,2
11096,1
11098,1
11099,1
11101,2
11102,3
11104,4
11106,4
11108,1
11111,1
11112,1
11113,6
11115,5
11116,5
11117,2
11118,6
11119,6
11121,1
11122,1
11123,1
11124,2
11125,5
11126,0
11127,1
11128,2
11129,3
11130,3
11131,1
11132,0
11133,2
11135,1
11136,4
11139,1
11140,6
11143,1
11145,1
11146,2
11147,6
11148,2
11150,6
11151,4
11152,1
11153,2
11154,2
11155,3
11156,5
11157,3
11158,2
11159,0
11160,1
11162,1
11163,0
11164,3
11167,1
11169,6
11170,3
11171,4
11172,1
11173,6
11174,4
11175,6
11177,6
11178,1
11179,0
11182,3
11183,5
11184,1
11185,4
11186,4
11187,4
11189,1
11190,3
11191,2
11192,4
11193,2
11194,1
11195,2
11197,1
11198,1
11200,1
11201,6
11202,4
11203,2
11204,2
11205,1
11206,2
11207,1
11209,3
11210,3
11211,6
11212,1
11213,2
11214,2
11215,4
11216,0
11217,1
11218,2
11219,5
11220,2
11221,5
11222,4
11223,5
11229,2
11230,0
11231,2
11232,4
11233,4
11235,6
11236,1
11237,1
11238,1
11239,6
11241,5
11242,2
11244,6
11245,3
11247,1
11248,2
11249,1
11251,3
11252,5
11253,3
11255,4
11256,3
11258,5
11260,0
11261,0
11263,3
11264,1
11265,6
11266,1
11267,1
11269,1
11270,1
11271,4
11272,2
11275,1
11276,0
11277,0
11278,4
11279,5
11280,4
11281,2
11282,0
11283,3
11284,1
11285,1
11287,5
11288,5
11290,2
11291,5
11292,4
11294,1
11295,1
11296,5
11298,2
11299,1
11300,1
11301,3
11302,5
11303,1
11304,1
11306,4
11307,2
11308,2
11309,1
11311,6
11312,1
11313,2
11314,3
11316,5
11321,2
11322,1
11323,4
11324,6
11325,1
11326,3
11327,0
11328,6
11329,1
11330,3
11331,3
11332,2
11333,1
11334,1
11335,1
11336,6
11337,6
11338,1
11339,2
11340,3
11341,2
11342,0
11343,0
11344,1
11345,3
11346,3
11347,6
11349,2
11350,6
11351,1
11352,0
11353,2
11354,6
11355,3
11356,5
11360,4
11361,1
11362,0
11363,6
11364,1
11365,4
11367,2
11369,0
11370,1
11373,4
11374,1
11375,6
11376,2
11378,4
11379,4
11380,1
11381,0
11382,2
11383,0
11384,1
11386,3
11387,6
11388,5
11391,5
11392,2
11393,2
11394,5
11395,2
11396,2
11398,6
11399,1
11400,2
11401,0
11404,5
11405,5
11406,4
11409,2
11410,5
11411,1
11412,4
11413,5
11414,5
11415,2
11416,1
11417,5
11418,1
11419,1
11420,1
11421,3
11422,4
11424,1
11425,2
11426,3
11428,2
11429,2
11431,1
11434,4
11435,2
11437,5
11438,0
11439,1
11441,1
11442,6
11445,2
11447,2
11449,2
11450,2
11451,1
11452,6
11453,6
11454,4
11457,3
11458,6
11460,1
11461,1
11462,2
11463,2
11464,4
11466,2
11467,1
11468,2
11469,3
11471,2
11472,3
11473,2
11474,1
11476,2
11478,6
11479,2
11481,5
11482,1
11483,2
11484,1
11485,4
11486,0
11488,1
11489,4
11490,2
11491,0
11493,3
11494,5
11496,4
11497,1
11498,0
11499,6
11500,3
11502,2
11503,2
11506,2
11509,0
11511,3
11512,5
11513,0
11514,3
11517,5
11518,1
11519,1
11520,0
11523,1
11524,4
11525,6
11526,1
11527,2
11531,1
11532,2
11533,2
11534,3
11536,4
11537,2
11538,4
11539,5
11540,5
11541,3
11542,2
11544,0
11545,0
11546,3
11549,3
11550,5
11551,6
11552,1
11553,6
11554,5
11556,1
11557,1
11558,1
11559,0
11560,1
11562,5
11563,1
11564,4
11565,0
11566,3
11567,2
11568,6
11569,4
11570,2
11571,3
11572,2
11573,3
11574,1
11575,4
11576,0
11577,1
11578,3
11579,2
11580,5
11585,6
11586,6
11587,0
11588,4
11589,2
11590,1
11593,2
11594,2
11595,2
11596,2
11597,4
11598,4
11599,4
11601,6
11604,2
11605,0
11606,6
11607,1
11609,1
11610,5
11611,2
11612,4
11614,1
11615,4
11616,4
11617,5
11621,1
11622,0
11623,1
11624,4
11626,1
11627,4
11628,5
11629,4
11631,5
11633,4
11634,2
11635,4
11636,1
11637,6
11638,1
11639,0
11641,3
11642,0
11644,4
11645,2
11646,2
11647,2
11648,1
11649,1
11650,2
11652,0
11653,1
11654,1
11655,5
11656,3
11657,6
11658,3
11661,3
11662,2
11663,0
11664,3
11665,5
11667,5
11669,4
11671,1
11672,4
11673,6
11674,3
11676,0
11677,2
11678,6
11679,5
11681,3
11684,1
11686,6
11687,1
11688,1
11691,1
11692,2
11696,2
11697,1
11698,1
11699,1
11700,4
11701,0
11702,3
11704,5
11706,1
11707,0
11708,3
11709,5
11710,4
11712,1
11713,3
11714,6
11716,5
11719,0
11720,1
11723,4
11725,4
11726,5
11728,2
11729,4
11730,2
11731,6
11732,1
11733,1
11734,4
11735,4
11736,2
11737,1
11738,0
11739,4
11740,1
11741,6
11743,0
11745,2
11746,3
11747,2
11749,1
11751,3
11752,2
11756,2
11758,4
11759,2
11760,3
11761,1
11762,6
11763,0
11764,3
11766,1
11768,2
11769,0
11770,0
11772,5
11773,0
11776,1
11779,5
11780,2
11782,4
11783,4
11786,4
11787,6
11788,1
11789,6
11791,1
11792,6
11793,2
11796,1
11797,5
11798,4
11799,2
11800,1
11801,1
11802,3
11803,5
11804,1
11805,2
11807,3
11809,1
11812,5
11814,2
11816,2
11817,1
11818,2
11820,2
11821,1
11822,4
11823,1
11824,1
11825,2
11826,6
11827,2
11828,0
11829,3
11830,2
11832,2
11833,3
11835,1
11836,2
11837,1
11838,2
11839,4
11840,1
11841,4
11843,2
11844,0
11845,1
11846,5
11847,6
11848,6
11849,2
11851,2
11852,5
11853,6
11854,5
11855,2
11857,5
11858,5
11859,1
11860,5
11861,2
11862,4
11864,3
11865,2
11868,6
11869,1
11870,3
11871,1
11873,6
11874,1
11876,0
11877,5
11879,0
11880,5
11881,6
11882,1
11883,1
11884,1
11885,2
11886,4
11888,1
11889,4
11890,4
11891,2
11892,1
11893,4
11896,2
11898,4
11899,0
11901,6
11902,0
11903,0
11904,4
11905,1
11906,6
11907,2
11908,4
11909,4
11910,1
11912,1
11915,1
11916,0
11918,1
11920,2
11921,1
11922,5
11923,4
11924,5
11925,6
11927,0
11928,3
11929,5
11931,5
11932,1
11933,1
11934,5
11935,6
11936,6
11938,1
11939,5
11940,1
11941,6
11943,2
11944,3
11945,1
11946,4
11947,3
11948,5
11950,4
11953,5
11955,3
11957,5
11958,5
11959,5
11960,2
11961,4
11964,5
11965,6
11966,0
11967,2
11968,1
11970,3
11972,2
11973,2
11974,4
11975,4
11976,5
11980,2
11981,1
11982,1
11983,2
11985,4
11986,5
11988,3
11991,2
11993,1
11994,2
11995,5
11996,4
11997,2
11998,0
12000,2
12001,1
12002,2
12004,1
12005,2
12007,2
12008,4
12009,5
12010,2
12015,5
12016,4
12017,2
12018,1
12019,0
12021,5
12023,5
12025,2
12026,1
12028,1
12029,3
12031,5
12032,5
12033,4
12034,2
12035,2
12036,1
12037,4
12039,3
12040,1
12041,5
12043,4
12045,0
12046,2
12047,0
12048,5
12049,2
12050,5
12051,2
12052,2
12053,2
12056,2
12057,1
12059,1
12060,2
12061,3
12062,6
12063,5
12065,4
12066,4
12067,1
12069,5
12071,3
12073,3
12075,1
12077,4
12078,2
12079,4
12080,4
12081,0
12082,0
12083,3
12084,5
12085,3
12086,3
12087,5
12088,3
12089,1
12090,3
12091,3
12092,1
12094,3
12096,1
12097,2
12099,1
12100,5
12101,2
12102,3
12103,3
12104,4
12106,2
12107,6
12109,0
12110,6
12111,0
12112,2
12114,5
12115,1
12116,1
12117,5
12120,6
12121,2
12122,0
12123,1
12126,2
12127,6
12128,4
12130,3
12131,2
12133,4
12134,3
12135,2
12138,0
12140,6
12143,5
12144,0
12145,2
12146,2
12147,4
12148,1
12149,1
12151,4
12152,3
12153,6
12154,1
12155,6
12156,4
12157,6
12159,2
12160,5
12161,3
12162,1
12163,3
12167,3
12169,5
12170,2
12172,5
12173,2
12174,1
12176,5
12177,3
12178,0
12179,1
12180,1
12182,1
12183,5
12186,2
12187,0
12188,3
12189,2
12191,1
12192,5
12193,2
12194,1
12195,0
12196,0
12198,6
12201,6
12202,3
12204,1
12206,2
12209,1
12210,3
12211,4
12215,6
12216,2
12219,2
12220,2
12221,4
12222,4
12223,2
12224,5
12225,0
12226,4
12227,6
12229,0
12231,1
12233,5
12234,1
12237,6
12238,6
12239,2
12240,1
12242,5
12244,6
12245,0
12246,5
12247,2
12248,2
12250,4
12252,5
12253,4
12254,1
12256,5
12257,6
12260,2
12261,3
12262,0
12263,6
12264,6
12267,0
12269,6
12270,2
12274,2
12275,2
12276,0
12277,6
12279,1
12280,4
12281,2
12282,6
12285,0
12286,6
12288,2
12290,4
12292,2
12293,1
12294,4
12295,6
12296,2
12297,0
12298,5
12299,6
12303,1
12304,5
12305,3
12307,2
12309,2
12310,2
12311,2
12313,3
12315,1
12316,2
12317,2
12320,4
12321,3
12322,1
12323,1
12325,1
12326,6
12328,4
12330,6
12331,2
12332,3
12333,5
12337,0
12339,4
12340,3
12342,4
12343,1
12346,5
12347,2
12348,6
12350,3
12351,3
12352,1
12355,2
12356,4
12357,6
12358,1
12360,2
12361,0
12363,5
12364,3
12365,2
12366,6
12367,1
12368,1
12371,3
12372,6
12375,1
12378,2
12379,2
12380,4
12381,0
12382,1
12383,2
12384,2
12385,4
12388,3
12389,4
12390,1
12391,1
12392,2
12394,1
12395,1
12396,5
12397,3
12398,0
12399,2
12400,6
12401,2
12402,6
12403,0
12404,1
12405,6
12407,5
12408,6
12409,2
12410,0
12411,1
12412,0
12413,1
12415,1
12417,5
12418,5
12419,1
12420,4
12421,1
12424,1
12426,0
12428,5
12429,4
12432,5
12434,6
12437,0
12438,2
12439,2
12440,2
12441,3
12442,4
12443,5
12444,1
12446,2
12447,1
12450,4
12451,0
12453,1
12454,3
12455,3
12456,3
12457,5
12461,2
12462,0
12463,2
12465,3
12466,1
12467,3
12468,5
12471,5
12474,6
12475,2
12477,5
12479,1
12480,4
12481,4
12484,4
12485,6
12487,2
12488,2
12489,5
12490,2
12491,5
12493,4
12497,1
12498,4
12499,6
12502,2
12503,5
12504,1
12505,4
12506,1
12508,4
12509,1
12513,1
12515,6
12517,6
12519,0
12520,5
12524,2
12526,6
12530,5
12531,5
12532,0
12535,2
12537,4
12538,5
12539,5
12540,5
12541,5
12542,0
12543,3
12544,5
12545,2
12546,2
12547,0
12549,1
12550,1
12554,6
12555,2
12556,4
12557,6
12560,0
12561,3
12563,1
12564,1
12569,1
12572,2
12573,2
12574,1
12575,2
12576,0
12577,1
12579,4
12580,3
12582,3
12583,3
12584,0
12585,0
12586,1
12587,5
12588,1
12590,5
12591,1
12592,6
12593,1
12594,2
12595,0
12596,4
12597,2
12598,0
12600,2
12602,3
12603,0
12606,5
12607,5
12610,4
12611,6
12612,5
12614,0
12615,3
12617,4
12618,1
12619,1
12620,5
12623,3
12624,1
12625,1
12626,4
12627,2
12628,6
12629,5
12631,5
12632,4
12633,1
12634,2
12635,6
12636,1
12638,5
12639,2
12640,6
12642,2
12645,4
12646,2
12647,6
12648,5
12649,4
12650,1
12652,6
12653,1
12654,2
12655,1
12656,6
12657,0
12659,1
12660,5
12661,4
12663,1
12664,1
12665,6
12666,2
12667,2
12668,2
12670,5
12671,2
12673,4
12674,3
12675,2
12677,5
12678,1
12679,1
12681,2
12685,1
12686,2
12687,1
12691,3
12692,4
12693,1
12694,0
12695,3
12696,4
12698,6
12700,1
12701,6
12702,6
12703,2
12704,2
12705,2
12706,1
12707,4
12709,5
12711,1
12712,4
12713,1
12714,1
12715,5
12717,1
12720,6
12721,4
12722,2
12724,2
12725,2
12726,2
12727,5
12729,1
12733,0
12738,4
12739,4
12740,6
12742,4
12745,3
12747,2
12748,1
12749,5
12750,3
12751,1
12752,6
12754,1
12756,4
12757,4
12760,6
12761,2
12763,3
12765,2
12766,1
12767,2
12768,2
12769,1
12770,2
12772,1
12773,0
12774,4
12775,6
12778,0
12781,1
12782,2
12786,2
12787,3
12788,5
12792,6
12793,1
12794,6
12795,0
12796,3
12797,6
12798,1
12799,4
12800,2
12803,1
12804,2
12806,4
12808,2
12809,5
12810,1
12811,5
12813,1
12814,6
12815,5
12817,0
12818,2
12819,3
12820,6
12821,1
12823,3
12824,4
12826,5
12828,2
12829,0
12831,6
12832,5
12833,5
12834,1
12836,2
12838,1
12839,1
12840,3
12842,2
12843,5
12844,1
12845,1
12846,5
12849,4
12850,3
12851,4
12853,4
12854,6
12857,5
12858,0
12859,2
12860,2
12861,2
12863,0
12864,2
12865,2
12866,4
12867,1
12868,4
12869,4
12872,5
12874,5
12876,5
12877,3
12879,3
12880,1
12884,6
12885,1
12886,3
12888,5
12889,1
12890,1
12891,6
12892,3
12893,6
12895,5
12898,1
12899,2
12902,2
12903,6
12904,2
12905,1
12906,2
12907,2
12908,3
12912,2
12914,0
12915,1
12918,4
12919,1
12921,2
12924,0
12925,6
12926,2
12927,2
12928,3
12931,3
12934,1
12936,3
12940,1
12943,6
12944,4
12945,5
12946,5
12949,1
12950,1
12951,2
12952,1
12954,1
12955,2
12956,1
12957,4
12959,1
12960,0
12961,5
12962,2
12964,4
12965,0
12966,1
12967,1
12968,4
12969,2
12970,2
12971,6
12973,5
12974,2
12976,1
12977,5
12982,3
12983,0
12985,1
12987,4
12989,1
12990,1
12991,5
12992,1
12993,4
12994,5
12997,3
12999,2
13000,1
13001,3
13002,0
13003,2
13004,5
13005,1
13006,2
13007,4
13008,4
13010,4
13011,3
13012,4
13014,3
13018,3
13020,2
13022,1
13023,6
13025,6
13026,5
13027,2
13028,1
13029,3
13030,2
13032,5
13033,6
13034,3
13036,0
13037,1
13038,3
13040,2
13041,3
13042,3
13045,6
13046,5
13047,2
13048,1
13049,3
13052,2
13054,0
13055,2
13058,6
13059,6
13060,2
13061,0
13062,2
13064,3
13065,2
13067,0
13068,6
13069,5
13070,4
13071,4
13073,5
13074,6
13075,1
13076,3
13077,2
13078,2
13079,2
13080,0
13082,2
13083,2
13084,4
13085,1
13086,2
13087,2
13089,3
13090,5
13091,1
13093,5
13094,2
13095,4
13096,4
13097,4
13098,3
13101,4
13102,2
13104,2
13106,1
13107,0
13108,6
13109,1
13110,2
13111,5
13112,1
13114,1
13116,1
13117,1
13118,6
13119,2
13120,2
13122,5
13124,2
13125,1
13126,4
13127,5
13128,1
13129,4
13132,2
13134,1
13135,3
13136,1
13137,1
13138,2
13139,2
13140,6
13141,5
13143,5
13144,2
13145,0
13146,3
13147,1
13149,6
13150,1
13151,3
13152,3
13153,4
13154,2
13156,1
13157,6
13158,2
13159,1
13161,6
13162,1
13163,1
13165,0
13166,5
13167,4
13168,1
13169,2
13172,3
13173,2
13174,3
13175,2
13176,6
13177,4
13178,3
13180,5
13181,2
13183,1
13184,0
13185,6
13186,1
13187,6
13190,2
13192,2
13195,1
13196,1
13197,2
13198,4
13199,1
13202,3
13203,2
13204,6
13205,0
13208,1
13209,6
13212,1
13213,5
13214,6
13215,4
13217,3
13219,5
13220,3
13222,0
13224,4
13225,3
13226,1
13227,1
13229,0
13230,2
13231,0
13234,3
13235,3
13236,1
13240,0
13241,6
13244,2
13245,3
13246,6
13247,4
13248,1
13249,5
13250,0
13252,1
13253,6
13254,1
13255,4
13256,1
13257,3
13258,1
13259,3
13260,5
13262,2
13264,3
13266,0
13268,6
13269,6
13270,5
13271,2
13272,2
13273,3
13276,6
13277,2
13279,4
13280,5
13285,0
13288,5
13289,2
13290,2
13292,3
13294,5
13295,2
13296,4
13297,2
13298,2
13300,5
13302,1
13303,2
13305,1
13307,1
13309,3
13310,1
13313,3
13314,3
13315,0
13316,3
13320,6
13321,2
13323,5
13324,1
13325,5
13327,3
13328,1
13329,4
13330,3
13332,6
13333,3
13334,2
13336,5
13337,3
13338,3
13340,4
13341,4
13342,1
13344,3
13346,4
13347,2
13348,2
13349,2
13353,2
13354,1
13357,3
13360,3
13361,2
13362,1
13364,4
13365,1
13367,3
13368,5
13369,6
13370,4
13371,4
13372,2
13373,3
13374,3
13375,5
13377,4
13379,6
13381,4
13385,2
13386,3
13387,6
13388,6
13389,1
13391,5
13392,4
13393,5
13395,0
13396,0
13397,5
13398,0
13401,4
13403,2
13404,6
13405,2
13406,5
13408,3
13410,2
13412,3
13413,5
13414,3
13415,6
13416,1
13418,2
13419,1
13420,2
13421,0
13422,5
13425,6
13426,5
13427,5
13428,2
13429,2
13430,5
13433,4
13436,6
13437,1
13438,6
13439,0
13440,1
13443,2
13444,0
13446,0
13447,2
13448,6
13449,1
13450,4
13451,2
13453,0
13455,6
13457,6
13458,6
13461,6
13462,2
13463,1
13464,3
13465,5
13468,2
13469,2
13470,6
13472,1
13473,2
13474,3
13476,1
13477,2
13479,0
13480,2
13481,5
13482,5
13483,2
13484,0
13485,0
13487,1
13488,4
13489,5
13490,4
13495,5
13496,6
13498,3
13499,0
13500,3
13501,2
13509,3
13510,2
13513,4
13514,2
13515,2
13516,3
13518,2
13521,1
13522,2
13524,6
13525,4
13526,1
13531,6
13533,5
13534,2
13535,1
13536,1
13537,3
13538,1
13539,5
13540,3
13541,5
13544,4
13545,1
13546,4
13547,1
13548,3
13549,1
13550,1
13554,6
13556,6
13557,1
13558,5
13559,3
13560,3
13561,2
13562,1
13563,1
13564,5
13565,1
13568,0
13570,2
13571,6
13573,1
13574,1
13576,0
13579,5
13580,0
13582,6
13583,2
13584,3
13585,1
13586,6
13587,0
13588,1
13590,2
13593,3
13594,1
13596,2
13597,4
13599,6
13601,0
13602,2
13603,5
13604,1
13605,2
13606,2
13607,6
13609,4
13610,2
13611,0
13615,2
13620,2
13621,0
13623,3
13625,2
13626,5
13628,2
13629,2
13630,3
13631,5
13632,2
13633,1
13635,3
13636,1
13638,0
13640,2
13641,2
13642,0
13643,1
13644,1
13645,2
13647,3
13649,1
13650,2
13651,1
13652,5
13654,0
13655,1
13659,5
13660,1
13661,4
13662,4
13663,0
13664,6
13666,2
13669,6
13671,2
13672,3
13673,1
13674,6
13675,4
13676,5
13677,1
13679,3
13680,0
13681,5
13682,3
13683,2
13686,1
13688,1
13690,2
13691,5
13692,6
13693,5
13694,6
13695,6
13696,0
13697,2
13698,2
13699,3
13701,1
13703,3
13704,3
13705,5
13706,5
13708,1
13709,5
13710,5
13713,0
13715,5
13716,5
13720,2
13721,4
13723,2
13724,5
13725,6
13726,6
13727,5
13729,1
13730,4
13731,4
13732,6
13733,4
13734,2
13736,4
13737,3
13738,6
13739,2
13740,6
13741,0
13742,2
13743,1
13744,5
13745,1
13750,2
13752,3
13753,1
13754,6
13755,5
13756,1
13758,3
13759,1
13760,1
13761,3
13762,5
13763,2
13764,3
13765,6
13767,1
13768,1
13771,6
13772,5
13773,6
13774,1
13775,2
13777,3
13778,1
13779,2
13780,5
13782,3
13783,3
13784,0
13785,2
13790,2
13792,3
13793,6
13794,2
13796,3
13797,1
13798,2
13799,5
13800,4
13801,5
13802,3
13803,3
13804,2
13805,5
13806,2
13807,1
13809,3
13811,5
13812,1
13813,1
13814,2
13815,6
13816,1
13817,5
13819,4
13820,0
13822,2
13823,3
13825,5
13826,0
13827,2
13830,4
13831,5
13832,5
13833,3
13834,5
13837,5
13839,3
13840,4
13841,6
13842,1
13843,3
13844,3
13845,1
13846,2
13847,2
13848,5
13849,1
13851,6
13852,3
13853,4
13855,5
13856,0
13857,1
13858,3
13859,5
13860,5
13861,2
13863,3
13865,0
13867,1
13868,2
13870,1
13871,6
13872,6
13873,3
13874,2
13876,4
13878,0
13880,1
13881,6
13883,0
13884,5
13885,4
13886,6
13887,2
13889,6
13891,4
13894,3
13897,5
13898,2
13900,5
13901,0
13902,5
13903,2
13906,5
13908,1
13910,6
13911,1
13912,2
13913,2
13915,3
13916,3
13917,2
13919,2
13921,5
13923,6
13924,1
13925,3
13926,3
13928,4
13930,1
13931,5
13932,3
13934,5
13935,6
13936,2
13937,6
13938,2
13939,3
13941,3
13942,5
13944,6
13945,2
13946,1
13947,2
13949,3
13951,5
13952,0
13953,4
13954,4
13955,0
13956,1
13957,4
13959,5
13961,1
13962,3
13963,0
13964,6
13965,5
13966,5
13967,3
13968,5
13971,5
13972,5
13973,6
13974,4
13975,0
13976,1
13978,2
13979,1
13980,2
13981,1
13982,5
13983,0
13985,6
13987,3
13989,1
13990,1
13991,6
13992,6
13994,1
13995,2
13996,1
13998,1
13999,4
14001,0
14003,1
14004,1
14005,0
14006,1
14007,4
14008,1
14009,1
14010,4
14011,6
14012,5
14013,6
14015,1
14016,5
14017,3
14018,2
14020,5
14021,4
14022,2
14024,1
14025,2
14026,2
14029,1
14030,2
14031,6
14033,5
14034,2
14035,2
14037,2
14038,2
14041,3
14042,0
14044,1
14046,3
14048,1
14049,5
14050,3
14051,6
14052,5
14055,1
14056,5
14057,3
14058,1
14060,1
14063,2
14065,1
14066,0
14067,2
14068,5
14069,3
14070,1
14072,2
14073,1
14074,1
14077,2
14079,2
14080,1
14081,2
14084,3
14085,5
14087,2
14088,5
14092,1
14093,6
14095,6
14096,0
14097,3
14098,1
14099,0
14100,1
14101,5
14103,2
14104,6
14105,5
14106,6
14107,2
14109,4
14110,1
14111,2
14112,5
14113,1
14115,2
14116,6
14117,2
14121,4
14123,6
14124,0
14125,2
14126,0
14127,5
14128,2
14129,1
14130,2
14131,0
14133,2
14134,2
14136,6
14137,4
14138,1
14139,4
14140,6
14141,1
14142,0
14144,2
14145,2
14146,4
14147,2
14148,0
14149,6
14151,6
14152,1
14153,6
14154,5
14155,1
14156,6
14157,0
14158,4
14159,2
14163,4
14166,1
14167,2
14168,1
14170,6
14171,3
14174,2
14176,2
14177,3
14179,4
14181,2
14182,5
14185,1
14189,1
14190,0
14191,2
14192,2
14193,2
14194,2
14195,4
14196,1
14198,2
14199,3
14202,6
14203,2
14204,4
14205,2
14208,2
14209,4
14210,2
14211,1
14212,1
14213,3
14215,1
14217,4
14219,4
14220,1
14223,5
14224,6
14225,4
14226,2
14229,5
14231,1
14234,4
14235,1
14236,6
14239,2
14240,4
14241,1
14242,5
14244,1
14247,3
14248,0
14252,5
14253,0
14255,5
14256,2
14257,6
14259,6
14260,3
14261,2
14263,5
14264,2
14265,6
14267,6
14270,4
14271,3
14274,1
14276,2
14277,4
14278,2
14279,1
14285,1
14289,6
14290,4
14291,1
14293,1
14294,2
14296,5
14299,2
14300,5
14301,0
14302,2
14303,5
14304,1
14305,6
14306,1
14307,3
14309,1
14310,2
14311,4
14312,3
14313,6
14314,6
14315,2
14316,4
14319,3
14320,0
14321,1
14323,6
14324,4
14325,2
14326,1
14327,2
14329,4
14330,2
14331,1
14332,4
14334,0
14336,0
14338,0
14340,6
14341,3
14342,0
14343,3
14347,1
14348,6
14349,4
14350,0
14352,6
14353,5
14354,2
14355,3
14356,5
14358,1
14360,2
14362,0
14363,4
14364,6
14366,1
14367,5
14369,3
14370,2
14371,0
14372,1
14374,2
14375,2
14376,3
14377,5
14378,0
14379,3
14380,1
14381,0
14382,6
14385,1
14388,4
14389,5
14390,4
14391,2
14394,1
14395,3
14398,4
14399,5
14400,5
14402,4
14404,6
14405,6
14406,2
14407,2
14408,6
14409,1
14410,1
14412,6
14413,6
14414,1
14415,1
14416,4
14417,1
14418,1
14421,2
14422,3
14423,4
14424,1
14425,2
14426,3
14427,6
14428,2
14430,3
14431,1
14432,4
14434,5
14435,0
14436,0
14437,3
14438,1
14439,2
14441,1
14442,4
14443,4
14444,3
14445,2
14446,5
14448,6
14449,4
14450,1
14453,1
14454,2
14455,1
14457,0
14458,6
14459,2
14460,2
14461,5
14463,3
14464,4
14469,0
14473,1
14474,1
14476,1
14477,2
14478,2
14479,2
14480,4
14481,2
14482,1
14483,5
14484,2
14485,5
14487,2
14488,2
14490,1
14491,2
14492,5
14493,1
14494,5
14495,0
14496,1
14497,4
14498,2
14499,2
14500,3
14502,2
14503,5
14504,4
14506,3
14507,5
14508,0
14509,5
14510,4
14511,0
14512,2
14514,1
14515,1
14518,0
14520,4
14522,2
14523,1
14526,3
14527,5
14528,0
14531,2
14533,0
14536,0
14537,6
14539,1
14541,2
14542,5
14543,2
14545,2
14546,6
14547,2
14548,5
14549,6
14551,0
14552,1
14553,4
14554,4
14556,5
14557,1
14560,0
14562,5
14564,4
14565,2
14566,0
14568,3
14571,6
14573,2
14574,6
14576,3
14577,2
14578,2
14580,5
14582,5
14583,3
14584,2
14585,1
14586,2
14587,1
14588,0
14590,1
14591,2
14592,6
14594,2
14595,1
14596,0
14597,3
14598,4
14600,3
14602,1
14603,2
14604,1
14605,2
14607,6
14608,1
14609,5
14611,1
14612,2
14615,2
14616,3
14617,6
14618,5
14619,0
14622,6
14623,3
14624,0
14625,2
14627,1
14628,1
14629,2
14630,2
14631,2
14632,1
14633,3
14635,1
14638,4
14640,4
14641,5
14643,2
14646,3
14647,2
14649,5
14650,1
14651,6
14652,1
14654,1
14655,3
14656,2
14659,5
14660,1
14661,1
14663,1
14664,4
14665,2
14666,6
14667,2
14668,6
14669,1
14670,5
14671,1
14673,5
14675,1
14676,5
14678,2
14679,2
14680,4
14681,1
14682,2
14684,1
14685,0
14686,3
14687,4
14688,2
14690,1
14691,5
14694,2
14695,4
14697,5
14698,4
14700,2
14703,3
14704,6
14705,6
14706,3
14707,5
14708,5
14709,5
14713,6
14714,5
14716,2
14717,3
14718,5
14719,1
14721,1
14723,0
14724,2
14725,1
14726,2
14729,2
14730,0
14731,0
14732,5
14733,1
14734,3
14735,0
14736,6
14737,2
14740,0
14741,1
14742,3
14743,2
14744,5
14745,6
14746,2
14747,4
14748,3
14750,5
14751,6
14752,4
14753,3
14754,5
14755,1
14756,3
14757,6
14758,1
14760,1
14761,2
14762,6
14763,4
14765,4
14766,3
14767,1
14768,4
14769,4
14770,1
14771,1
14772,4
14774,1
14775,5
14776,5
14777,1
14778,6
14781,6
14782,5
14783,2
14788,4
14791,3
14793,3
14794,1
14796,0
14797,2
14800,1
14802,2
14803,0
14804,6
14806,0
14807,0
14809,0
14810,1
14811,6
14813,2
14814,2
14815,6
14816,6
14818,3
14819,6
14820,2
14821,2
14823,0
14824,0
14825,5
14826,2
14829,0
14830,3
14831,1
14832,5
14833,5
14834,4
14835,6
14836,4
14837,5
14838,5
14839,1
14841,3
14843,1
14846,0
14847,4
14848,6
14849,5
14850,3
14851,1
14853,2
14854,5
14857,2
14858,1
14859,2
14860,6
14861,5
14862,4
14864,1
14865,2
14866,5
14867,3
14868,1
14869,6
14872,4
14874,1
14876,0
14877,1
14878,2
14879,3
14880,3
14881,6
14883,1
14886,6
14887,2
14888,3
14889,1
14890,5
14891,4
14892,5
14893,5
14894,5
14895,1
14896,6
14897,1
14898,4
14899,1
14900,0
14902,4
14903,2
14904,5
14906,5
14907,5
14909,2
14911,3
14912,6
14913,4
14915,1
14916,5
14917,2
14918,5
14919,5
14920,0
14921,5
14922,1
14923,4
14924,1
14926,2
14927,3
14928,5
14929,1
14933,5
14935,2
14937,6
14938,4
14942,2
14943,2
14944,1
14945,5
14946,5
14948,0
14949,1
14951,6
14952,1
14955,1
14956,2
14957,4
14960,2
14962,1
14963,5
14964,4
14966,4
14967,0
14971,2
14972,5
14973,6
14974,6
14975,1
14977,0
14979,2
14980,6
14981,4
14982,3
14983,0
14984,4
14985,3
14986,2
14987,2
14988,6
14990,1
14991,1
14993,2
14995,4
14996,3
14999,4
15000,2
15001,2
15002,0
15004,0
15007,5
15008,2
15009,1
15010,2
15012,5
15014,1
15015,2
15016,5
15017,5
15019,1
15020,3
15024,0
15025,2
15026,6
15027,4
15028,1
15029,2
15030,0
15032,6
15033,1
15034,1
15035,1
15036,6
15037,1
15038,3
15039,5
15040,2
15041,5
15043,6
15044,1
15046,1
15048,6
15049,2
15051,2
15053,2
15054,1
15055,5
15057,3
15058,2
15062,6
15063,2
15065,0
15067,4
15068,2
15069,2
15070,3
15071,1
15072,2
15075,1
15076,1
15079,6
15080,4
15082,6
15083,3
15085,1
15086,5
15087,3
15088,1
15089,0
15090,4
15091,5
15092,1
15094,3
15095,2
15096,1
15097,5
15098,1
15099,2
15103,6
15104,6
15105,4
15107,2
15108,5
15109,6
15112,6
15114,2
15115,3
15117,1
15118,3
15119,0
15120,2
15121,1
15124,2
15125,2
15127,1
15128,4
15129,3
15131,2
15132,4
15133,3
15136,4
15137,3
15139,5
15140,2
15142,2
15144,2
15146,6
15147,3
15148,2
15149,5
15150,2
15151,0
15152,4
15153,6
15155,6
15156,2
15157,4
15158,1
15159,5
15160,3
15163,1
15164,4
15166,1
15168,4
15170,2
15171,2
15172,2
15173,3
15175,1
15176,1
15177,2
15178,5
15181,3
15183,1
15184,6
15185,6
15186,3
15187,1
15188,6
15189,0
15190,2
15191,2
15192,2
15193,5
15194,2
15197,5
15198,2
15199,1
15200,2
15201,6
15202,6
15203,3
15204,6
15205,3
15207,1
15208,2
15209,1
15212,2
15213,3
15215,0
15216,1
15217,1
15218,6
15219,1
15220,2
15221,4
15222,3
15223,5
15225,1
15226,1
15227,1
15228,3
15229,0
15230,5
15231,6
15232,2
15233,1
15234,1
15235,1
15236,5
15238,2
15241,1
15242,5
15243,6
15245,3
15246,3
15249,1
15250,2
15251,5
15252,1
15254,0
15255,1
15256,0
15257,2
15261,1
15262,1
15263,4
15264,0
15265,5
15267,6
15268,3
15269,2
15272,2
15273,1
15274,6
15275,2
15276,0
15277,5
15278,0
15279,4
15280,2
15282,2
15284,4
15285,2
15287,1
15288,3
15293,4
15294,1
15295,2
15296,0
15297,2
15298,6
15299,2
15301,3
15302,1
15304,2
15305,1
15306,1
15310,1
15311,1
15312,1
15313,0
15314,3
15316,4
15318,3
15319,1
15321,3
15322,4
15323,5
15325,6
15327,2
15329,0
15330,2
15331,5
15333,3
15334,5
15335,5
15336,0
15337,3
15339,2
15340,3
15341,1
15343,4
15346,2
15347,6
15348,2
15349,0
15350,1
15352,6
15353,0
15354,2
15356,1
15357,4
15358,5
15359,6
15360,1
15361,6
15363,3
15364,2
15365,3
15366,1
15367,5
15368,2
15372,1
15373,1
15377,4
15378,2
15379,6
15380,0
15381,5
15382,6
15383,2
15384,6
15385,0
15387,2
15388,4
15389,5
15390,1
15392,1
15393,0
15394,1
15395,5
15400,1
15401,5
15402,1
15404,6
15405,0
15406,1
15407,2
15408,2
15409,2
15411,1
15413,5
15414,4
15415,1
15416,6
15418,1
15419,1
15420,4
15421,0
15422,1
15424,2
15425,3
15426,2
15427,2
15428,1
15429,2
15432,5
15433,3
15434,2
15435,1
15436,6
15437,5
15438,5
15442,3
15444,1
15445,3
15449,2
15451,5
15453,4
15456,2
15459,1
15460,6
15461,4
15463,5
15464,3
15466,5
15467,3
15468,2
15469,3
15472,2
15473,1
15474,1
15475,5
15477,5
15478,2
15479,1
15481,2
15483,2
15485,3
15486,4
15490,4
15491,3
15492,2
15493,1
15494,5
15495,1
15498,6
15499,6
15500,6
15502,5
15503,0
15504,2
15505,6
15509,3
15510,3
15511,2
15512,6
15513,2
15514,1
15515,4
15516,6
15517,3
15520,1
15521,6
15523,2
15524,1
15527,2
15528,1
15532,2
15533,5
15534,3
15536,1
15537,1
15538,4
15540,1
15543,6
15544,1
15545,1
15546,2
15547,1
15548,4
15549,1
15550,1
15551,6
15552,1
15553,0
15554,1
15555,6
15556,2
15557,0
15558,6
15559,2
15560,5
15561,2
15564,0
15565,6
15566,5
15567,6
15568,2
15569,4
15570,3
15571,0
15572,2
15573,2
15575,3
15576,5
15579,0
15583,2
15584,6
15585,6
15587,2
15588,2
15591,2
15592,2
15594,2
15595,1
15596,1
15597,3
15598,2
15599,3
15600,5
15601,1
15603,4
15604,0
15605,5
15608,0
15610,1
15613,0
15614,4
15615,4
15616,4
15617,6
15618,5
15619,3
15620,1
15621,6
15622,5
15624,6
15625,1
15626,5
15628,4
15631,3
15632,2
15633,1
15634,2
15636,1
15637,1
15638,6
15640,1
15644,6
15645,5
15646,5
15647,3
15648,3
15650,4
15651,4
15652,3
15653,5
15654,2
15655,5
15656,2
15658,4
15659,2
15660,6
15661,5
15663,4
15664,1
15665,5
15666,2
15667,1
15668,2
15670,2
15671,2
15675,1
15679,1
15680,5
15681,2
15682,2
15683,1
15684,0
15687,4
15688,1
15689,2
15691,6
15692,6
15693,3
15694,3
15696,1
15697,5
15700,4
15701,5
15703,1
15704,1
15705,3
15706,1
15707,2
15709,3
15712,4
15713,2
15714,4
15716,2
15717,4
15718,3
15720,5
15721,5
15722,6
15723,5
15725,2
15726,2
15727,2
15729,2
15730,5
15732,5
15734,5
15735,2
15737,6
15738,4
15739,1
15741,3
15743,3
15744,2
15745,4
15746,4
15747,3
15750,2
15751,6
15752,5
15753,6
15754,1
15756,4
15759,2
15761,6
15762,5
15763,5
15764,6
15765,3
15766,5
15767,6
15768,2
15771,3
15773,3
15774,1
15775,2
15777,1
15778,4
15779,2
15781,2
15782,4
15783,2
15784,6
15785,5
15786,2
15787,1
15788,0
15791,1
15793,1
15796,5
15798,1
15800,4
15801,6
15802,6
15804,1
15805,4
15806,3
15807,3
15808,1
15809,5
15811,4
15813,5
15814,2
15815,1
15816,2
15817,3
15819,0
15820,1
15821,5
15822,6
15823,1
15824,2
15825,6
15826,4
15828,2
15830,6
15831,5
15832,6
15833,3
15835,2
15838,5
15840,5
15841,1
15842,2
15844,3
15845,4
15846,4
15849,1
15850,4
15851,3
15852,2
15854,2
15857,2
15858,6
15859,3
15861,3
15863,5
15866,6
15867,1
15868,1
15870,3
15871,0
15872,1
15873,0
15874,1
15875,5
15876,5
15877,5
15879,6
15880,5
15881,6
15884,2
15885,4
15886,1
15889,6
15890,1
15892,1
15893,1
15896,6
15897,1
15898,1
15900,4
15903,2
15907,1
15908,2
15909,0
15910,2
15912,1
15913,5
15914,6
15916,1
15917,2
15919,3
15920,3
15921,0
15922,2
15924,2
15925,1
15926,6
15927,6
15928,5
15931,2
15932,1
15933,1
15934,4
15935,1
15936,3
15938,6
15939,2
15940,1
15941,6
15942,6
15944,1
15946,4
15947,2
15948,6
15949,0
15951,1
15952,6
15953,2
15954,2
15955,2
15956,3
15957,2
15959,1
15960,1
15961,2
15963,2
15965,0
15966,2
15968,6
15969,6
15970,0
15972,4
15973,3
15974,4
15977,6
15978,0
15980,5
15983,5
15984,5
15985,2
15986,1
15987,5
15988,1
15991,2
15993,1
15995,6
15997,3
15998,1
16001,0
16002,3
16003,1
16004,4
16006,5
16007,0
16008,2
16009,3
16010,0
16011,2
16012,4
16013,1
16014,0
16015,2
16016,1
16018,3
16019,6
16021,3
16022,4
16026,6
16029,0
16030,4
16031,4
16033,5
16034,6
16036,5
16037,3
16040,2
16041,6
16042,2
16043,6
16044,1
16045,0
16046,3
16049,2
16050,0
16051,1
16052,1
16053,4
16054,6
16055,2
16056,5
16057,1
16059,1
16060,2
16062,4
16063,3
16064,0
16068,1
16071,6
16073,1
16074,1
16075,2
16076,2
16077,3
16078,5
16079,2
16080,1
16082,1
16083,1
16084,6
16085,5
16086,5
16087,6
16088,4
16089,1
16090,1
16091,5
16092,6
16094,1
16096,4
16097,0
16098,4
16099,6
16100,2
16102,4
16103,4
16105,1
16106,2
16107,4
16108,2
16109,5
16110,2
16111,1
16112,2
16114,3
16115,1
16117,6
16118,5
16119,0
16120,1
16122,2
16124,5
16125,2
16126,4
16127,1
16128,6
16130,6
16131,5
16132,5
16133,4
16134,2
16135,1
16137,2
16139,3
16140,0
16141,1
16142,0
16143,2
16144,1
16145,6
16146,0
16147,6
16148,1
16149,2
16150,5
16151,3
16155,5
16156,1
16157,5
16159,2
16160,3
16161,0
16163,4
16165,4
16168,0
16170,2
16171,4
16173,2
16174,2
16175,1
16176,4
16180,3
16181,2
16182,1
16185,3
16187,4
16188,3
16189,6
16191,2
16192,5
16193,4
16194,5
16195,4
16196,6
16197,3
16201,1
16203,6
16204,6
16205,2
16206,1
16207,4
16213,6
16215,5
16217,5
16218,6
16219,1
16220,6
16221,6
16223,1
16224,3
16225,0
16226,4
16227,1
16230,1
16232,4
16233,0
16235,1
16236,5
16237,5
16238,5
16239,3
16241,6
16242,5
16243,5
16244,6
16246,6
16247,2
16248,5
16249,1
16250,1
16252,1
16255,2
16256,1
16257,1
16258,5
16259,2
16260,4
16261,2
16262,0
16263,5
16264,2
16265,4
16266,1
16267,1
16268,0
16269,6
16271,3
16272,2
16273,5
16274,5
16277,2
16278,2
16279,3
16280,1
16281,5
16283,5
16284,5
16286,5
16287,4
16288,5
16289,5
16291,0
16292,2
16294,3
16295,0
16298,4
16300,0
16301,5
16303,6
16304,3
16305,6
16306,1
16308,4
16311,3
16312,1
16313,5
16315,1
16317,4
16318,5
16319,2
16320,6
16322,5
16323,2
16324,4
16328,1
16329,0
16330,1
16334,0
16335,4
16336,1
16337,6
16341,6
16342,6
16343,2
16344,4
16345,3
16346,3
16347,3
16348,6
16349,2
16350,0
16353,1
16354,5
16355,1
16356,2
16357,2
16359,3
16361,1
16362,0
16363,4
16364,2
16365,6
16368,2
16369,0
16370,6
16371,2
16372,0
16373,3
16374,4
16375,4
16376,5
16377,3
16381,1
16383,2
16384,1
16386,2
16387,1
16388,1
16389,6
16390,0
16391,2
16392,4
16393,1
16394,2
16395,2
16396,1
16397,5
16399,0
16400,1
16401,2
16402,3
16404,2
16406,3
16408,5
16412,1
16413,2
16414,1
16418,2
16420,1
16424,3
16426,3
16428,3
16429,3
16431,2
16432,0
16434,1
16436,5
16437,3
16441,5
16442,5
16443,3
16446,4
16448,4
16449,5
16451,1
16452,3
16453,5
16454,5
16455,2
16456,3
16457,3
16459,2
16461,0
16462,2
16463,1
16464,6
16465,5
16467,1
16469,0
16470,2
16471,1
16472,0
16473,5
16474,5
16476,1
16477,2
16478,6
16481,6
16482,1
16483,1
16484,5
16485,1
16487,3
16488,2
16490,4
16491,2
16492,4
16493,0
16494,1
16495,1
16496,4
16497,5
16499,4
16501,0
16502,5
16503,1
16504,1
16505,2
16509,2
16510,1
16512,1
16513,2
16514,4
16515,4
16516,1
16517,2
16518,2
16519,4
16520,0
16521,2
16524,6
16525,4
16527,6
16528,2
16529,1
16530,2
16531,3
16532,3
16533,1
16534,1
16536,2
16538,3
16539,3
16540,3
16541,5
16542,0
16543,2
16544,1
16545,4
16547,6
16548,2
16549,1
16551,1
16553,1
16557,4
16558,4
16559,1
16561,1
16563,2
16564,2
16566,2
16568,4
16569,1
16571,5
16572,3
16573,2
16575,5
16576,5
16578,1
16579,3
16581,6
16582,6
16583,1
16584,0
16585,2
16586,2
16587,0
16588,6
16589,5
16593,4
16595,0
16596,3
16597,1
16598,2
16599,0
16600,5
16601,5
16602,2
16603,4
16604,3
16606,6
16607,0
16608,1
16609,2
16610,3
16612,0
16615,1
16617,2
16618,5
16619,0
16620,2
16622,2
16623,5
16625,1
16626,4
16627,6
16628,5
16632,1
16633,4
16634,2
16635,0
16636,5
16637,1
16638,1
16640,1
16641,1
16642,5
16644,2
16645,3
16646,3
16648,4
16654,3
16655,5
16656,2
16657,2
16659,3
16660,0
16662,0
16664,6
16665,6
16666,1
16667,1
16669,5
16671,6
16672,2
16673,5
16675,4
16677,4
16678,6
16680,6
16681,6
16682,4
16683,2
16684,6
16685,6
16686,6
16687,5
16688,6
16690,0
16691,0
16692,6
16693,2
16697,4
16699,2
16700,1
16701,4
16702,1
16703,2
16705,5
16706,2
16707,2
16708,1
16709,3
16710,1
16711,6
16712,6
16713,2
16715,5
16716,2
16718,0
16719,3
16720,2
16725,1
16726,0
16728,1
16729,3
16732,5
16733,3
16734,4
16736,3
16737,4
16738,2
16740,2
16743,3
16744,1
16745,6
16746,4
16747,3
16749,0
16750,4
16751,1
16752,1
16753,2
16754,3
16755,5
16758,1
16759,1
16761,4
16762,4
16764,6
16765,4
16768,2
16769,5
16771,5
16772,6
16773,5
16774,6
16775,5
16777,6
16780,6
16783,3
16786,4
16787,2
16788,3
16791,3
16792,6
16793,2
16795,2
16796,0
16798,2
16799,3
16800,0
16801,5
16804,6
16805,5
16806,3
16807,3
16810,0
16811,0
16812,6
16814,2
16815,2
16816,2
16817,2
16818,6
16819,1
16821,0
16823,2
16824,2
16826,1
16827,5
16828,2
16829,1
16830,1
16831,2
16832,3
16833,1
16834,4
16838,6
16839,6
16840,5
16841,2
16844,5
16846,1
16847,5
16848,4
16849,0
16850,2
16851,0
16852,1
16853,2
16854,2
16856,6
16857,3
16863,4
16864,1
16865,1
16868,0
16869,1
16871,6
16872,3
16874,4
16875,1
16876,2
16877,1
16878,0
16881,1
16882,0
16884,4
16885,5
16886,1
16888,6
16889,1
16890,2
16891,2
16892,1
16893,6
16894,5
16895,3
16896,0
16897,4
16899,6
16901,2
16903,6
16905,3
16907,1
16909,0
16911,2
16912,1
16913,2
16914,2
16915,2
16916,3
16917,1
16921,1
16922,1
16923,1
16926,3
16927,0
16928,0
16929,1
16930,1
16932,3
16933,1
16934,2
16935,6
16936,3
16937,6
16938,3
16939,0
16940,2
16941,2
16942,4
16943,2
16944,4
16945,6
16946,2
16947,5
16948,4
16950,1
16951,6
16952,0
16953,2
16954,1
16956,2
16957,6
16958,4
16959,5
16960,2
16962,0
16963,2
16964,0
16965,1
16967,3
16968,1
16969,4
16970,2
16971,5
16972,1
16975,2
16976,1
16977,2
16978,3
16979,1
16980,0
16983,6
16984,2
16985,6
16986,2
16987,1
16988,4
16991,1
16992,6
16993,2
16994,0
16997,2
16998,6
16999,2
17000,1
17002,1
17003,0
17004,3
17006,4
17007,3
17008,2
17009,1
17010,3
17011,5
17012,5
17013,5
17014,1
17015,2
17016,6
17017,3
17018,6
17019,2
17020,3
17024,6
17025,0
17026,2
17028,1
17030,5
17031,5
17032,1
17033,2
17034,4
17035,4
17037,1
17040,1
17042,3
17043,1
17044,5
17045,1
17046,3
17047,2
17048,2
17049,2
17050,6
17051,5
17052,2
17053,4
17055,2
17058,0
17059,1
17060,3
17061,5
17062,2
17063,1
17065,5
17067,6
17068,2
17070,2
17072,0
17074,4
17075,5
17076,0
17078,0
17080,2
17083,6
17087,6
17088,4
17089,1
17090,6
17091,4
17092,2
17093,0
17094,0
17095,2
17096,6
17097,2
17098,1
17099,2
17100,1
17103,3
17104,3
17105,0
17107,5
17108,2
17109,5
17110,4
17111,2
17112,1
17113,4
17114,5
17115,6
17116,5
17117,0
17118,4
17119,3
17120,6
17122,5
17123,5
17125,4
17127,6
17129,3
17130,1
17131,1
17132,5
17133,2
17134,1
17135,2
17137,1
17140,1
17141,2
17142,5
17143,4
17145,3
17146,3
17147,1
17148,6
17149,3
17150,1
17152,2
17153,3
17154,0
17156,3
17158,2
17159,2
17161,2
17162,1
17166,6
17167,4
17170,1
17171,2
17172,3
17173,5
17174,3
17175,1
17179,1
17180,6
17183,2
17184,3
17185,3
17186,0
17187,4
17189,0
17191,3
17192,2
17193,2
17194,4
17195,5
17197,1
17198,6
17199,4
17200,2
17201,1
17202,5
17203,2
17205,5
17209,0
17210,6
17211,1
17212,0
17215,1
17216,2
17219,2
17220,2
17221,1
17222,1
17223,2
17224,4
17225,2
17228,5
17230,2
17231,6
17232,1
17233,0
17234,3
17235,3
17236,5
17238,0
17239,5
17240,2
17241,3
17242,0
17243,4
17244,1
17245,3
17246,4
17248,2
17250,3
17254,2
17256,2
17257,2
17258,6
17259,1
17260,1
17261,1
17262,4
17264,2
17265,2
17267,0
17268,3
17269,2
17270,2
17272,5
17273,2
17275,5
17278,4
17279,2
17280,4
17283,3
17284,5
17286,6
17287,2
17288,6
17290,6
17291,3
17294,5
17295,2
17296,3
17298,1
17300,1
17301,1
17302,4
17304,6
17305,2
17306,1
17307,5
17308,2
17309,4
17311,5
17312,1
17313,2
17314,5
17315,0
17316,6
17317,1
17318,5
17319,1
17321,4
17322,3
17325,4
17326,1
17327,4
17328,2
17329,2
17330,5
17332,1
17333,2
17334,5
17335,0
17336,1
17339,2
17340,4
17341,5
17342,0
17343,2
17344,5
17345,2
17346,1
17347,0
17348,1
17352,5
17354,1
17356,1
17357,2
17358,1
17359,2
17360,4
17362,1
17365,5
17366,1
17367,3
17369,0
17371,5
17372,0
17374,3
17375,6
17377,2
17378,2
17379,6
17380,6
17383,3
17390,2
17395,2
17397,3
17398,3
17399,1
17401,1
17402,1
17403,4
17405,1
17406,1
17407,2
17408,0
17409,6
17410,2
17411,4
17415,1
17416,5
17417,1
17418,0
17420,3
17421,2
17422,1
17423,1
17424,1
17425,5
17426,2
17427,1
17428,2
17429,4
17430,6
17432,6
17434,5
17435,6
17436,2
17437,2
17438,2
17441,6
17442,4
17443,2
17446,5
17447,3
17448,0
17449,0
17451,1
17452,5
17453,5
17454,2
17456,1
17458,6
17460,4
17461,6
17462,5
17463,2
17464,5
17468,2
17469,5
17470,1
17471,2
17472,1
17473,1
17474,2
17475,1
17476,1
17477,0
17478,5
17480,6
17482,3
17484,5
17485,6
17486,3
17487,2
17488,5
17489,3
17490,3
17491,0
17494,5
17496,1
17497,2
17499,0
17501,2
17502,6
17503,5
17504,5
17505,1
17507,2
17508,2
17509,1
17512,4
17514,3
17517,1
17518,1
17519,3
17520,4
17521,3
17523,1
17524,5
17525,2
17528,1
17529,6
17530,3
17532,2
17533,3
17535,3
17537,4
17538,0
17541,5
17542,2
17543,1
17546,4
17547,0
17549,5
17550,2
17551,2
17554,6
17555,5
17556,3
17557,1
17560,5
17562,0
17564,1
17565,1
17566,2
17567,0
17568,6
17570,6
17571,1
17572,2
17575,5
17577,2
17578,4
17579,3
17580,3
17582,0
17583,4
17584,3
17586,4
17587,0
17590,1
17591,2
17596,5
17598,2
17600,3
17601,3
17603,5
17604,1
17605,1
17607,2
17609,1
17610,0
17611,2
17612,5
17614,3
17615,4
17617,3
17618,1
17619,1
17621,5
17623,5
17624,5
17627,2
17628,4
17629,6
17630,3
17632,1
17635,5
17636,2
17637,4
17640,5
17641,1
17642,3
17643,2
17644,5
17645,3
17646,5
17647,6
17649,4
17651,3
17653,4
17654,2
17655,0
17657,4
17658,1
17659,1
17660,5
17664,4
17667,4
17668,2
17669,2
17670,2
17671,5
17672,3
17673,6
17674,0
17677,3
17678,4
17679,1
17680,3
17681,6
17682,0
17684,1
17686,2
17688,0
17689,6
17690,2
17691,1
17693,2
17694,1
17695,0
17697,5
17698,1
17701,1
17702,3
17703,5
17704,4
17705,1
17706,1
17707,0
17708,4
17709,2
17712,4
17713,2
17715,2
17716,5
17718,2
17719,1
17722,3
17723,4
17726,1
17727,3
17729,6
17730,2
17731,0
17732,2
17733,6
17735,6
17739,0
17740,1
17741,6
17742,1
17743,1
17744,3
17745,5
17747,1
17749,6
17750,2
17751,2
17752,5
17753,3
17754,1
17755,4
17757,2
17758,2
17759,1
17761,3
17762,2
17763,1
17764,4
17766,1
17767,6
17769,6
17773,1
17775,5
17777,5
17778,5
17779,4
17780,1
17784,4
17785,1
17788,2
17789,0
17791,1
17792,1
17793,2
17795,5
17796,2
17798,1
17799,2
17800,6
17801,6
17802,0
17804,0
17805,6
17806,4
17808,3
17809,2
17810,1
17811,4
17812,1
17813,5
17815,4
17816,1
17819,0
17820,4
17821,5
17822,3
17824,1
17825,6
17826,4
17827,4
17828,5
17829,4
17830,4
17832,3
17833,1
17834,6
17835,4
17836,3
17837,5
17838,3
17839,1
17840,0
17841,3
17845,2
17846,1
17848,2
17849,2
17851,1
17854,6
17858,1
17859,6
17860,1
17862,4
17863,2
17865,2
17866,0
17867,3
17868,1
17869,2
17870,3
17871,4
17873,1
17874,1
17875,3
17876,2
17877,1
17878,0
17879,0
17880,1
17881,2
17884,5
17885,2
17886,2
17887,1
17888,4
17889,4
17891,1
17892,3
17893,6
17894,5
17895,1
17897,0
17899,0
17900,6
17901,2
17902,1
17904,2
17905,3
17906,5
17907,3
17908,2
17910,1
17911,3
17912,2
17913,5
17914,1
17916,2
17917,6
17919,3
17920,0
17921,4
17923,3
17924,6
17925,1
17926,2
17927,1
17929,3
17930,1
17931,1
17933,5
17937,6
17938,2
17940,1
17941,6
17942,4
17943,4
17944,5
17945,2
17947,0
17949,1
17951,1
17952,1
17954,1
17955,1
17956,1
17957,3
17958,3
17960,1
17961,6
17962,1
17963,2
17964,1
17965,2
17966,2
17968,2
17969,5
17971,5
17972,3
17975,4
17978,5
17979,5
17980,1
17982,0
17984,1
17987,1
17988,5
17989,0
17990,1
17993,6
17995,5
17996,2
17998,5
18000,3
18002,2
18003,6
18006,1
18008,5
18009,5
18010,3
18014,5
18015,5
18016,1
18017,4
18018,3
18019,5
18022,1
18023,4
18024,5
18026,5
18027,5
18028,2
18029,0
18030,5
18031,2
18034,1
18035,2
18036,4
18037,1
18038,1
18039,2
18040,4
18043,2
18044,4
18046,4
18047,1
18048,1
18049,5
18050,6
18051,5
18052,4
18053,1
18054,1
18055,4
18056,2
18057,4
18059,1
18060,4
18061,5
18062,1
18063,3
18064,0
18066,5
18070,5
18071,2
18072,3
18073,2
18075,6
18076,2
18077,2
18078,2
18080,0
18081,3
18083,6
18085,5
18086,0
18087,2
18088,5
18089,1
18090,1
18091,2
18093,2
18094,1
18095,6
18099,4
18102,1
18103,0
18104,1
18105,1
18106,0
18108,5
18109,1
18112,2
18113,2
18114,3
18116,2
18117,5
18118,1
18119,3
18120,2
18121,3
18122,5
18123,2
18125,1
18127,1
18129,5
18130,2
18132,2
18133,1
18134,1
18135,3
18137,5
18139,3
18140,5
18141,4
18142,0
18143,2
18144,0
18145,2
18148,4
18149,3
18150,0
18151,6
18152,1
18153,2
18155,4
18157,4
18158,1
18159,0
18160,2
18161,5
18162,6
18163,1
18165,1
18166,6
18167,1
18168,2
18169,1
18171,6
18172,4
18174,2
18175,5
18176,3
18177,3
18179,6
18181,1
18184,2
18185,2
18186,2
18187,0
18188,4
18190,3
18191,4
18193,2
18194,0
18195,3
18197,3
18198,1
18199,2
18201,6
18202,5
18203,2
18204,2
18205,4
18207,4
18208,2
18209,2
18210,6
18211,2
18215,2
18216,2
18219,2
18220,2
18221,0
18222,1
18223,4
18224,2
18225,3
18227,3
18228,4
18229,2
18230,5
18232,5
18234,5
18235,3
18244,6
18245,4
18246,1
18247,4
18249,4
18251,2
18252,1
18254,3
18256,2
18257,3
18258,2
18260,3
18261,4
18262,2
18263,1
18264,2
18268,3
18270,0
18272,3
18273,1
18275,5
18276,5
18278,2
18279,5
18284,2
18285,3
18286,6
18287,3
18288,2
18290,4
18291,3
18292,0
18293,4
18295,2
18296,3
18297,2
18299,5
18300,6
18301,2
18305,1
18306,0
18307,1
18311,3
18312,6
18313,1
18315,6
18317,1
18318,3
18319,5
18320,4
18323,0
18324,2
18328,3
18329,2
18330,6
18332,1
18333,0
18334,4
18335,1
18336,6
18337,0
18338,1
18340,1
18341,6
18343,1
18344,3
18345,0
18346,6
18347,2
18348,4
18350,3
18353,5
18354,5
18356,1
18357,0
18358,2
18360,1
18361,2
18362,1
18363,0
18364,2
18366,2
18367,0
18368,6
18370,6
18371,5
18373,1
18374,5
18375,3
18376,6
18378,2
18379,1
18380,2
18382,2
18384,6
18385,5
18386,1
18387,6
18388,0
18389,1
18391,2
18393,5
18394,4
18395,6
18396,5
18397,4
18398,2
18400,3
18401,5
18402,1
18403,3
18404,2
18405,1
18409,2
18410,2
18411,2
18412,5
18413,1
18414,4
18415,0
18416,5
18418,1
18419,1
18421,5
18422,2
18424,0
18425,2
18426,5
18427,1
18428,5
18429,1
18430,4
18431,6
18432,3
18433,0
18435,6
18436,5
18437,2
18438,4
18441,4
18443,5
18444,4
18445,4
18446,5
18447,5
18449,1
18450,6
18451,1
18452,5
18454,5
18455,3
18458,1
18460,0
18461,3
18462,1
18463,5
18464,1
18466,4
18467,5
18468,2
18472,2
18473,1
18474,4
18475,5
18476,1
18477,4
18479,5
18480,0
18481,5
18482,2
18485,3
18486,2
18487,6
18489,1
18492,6
18493,2
18495,2
18497,3
18499,5
18500,5
18501,2
18503,1
18504,2
18505,6
18507,1
18508,1
18510,5
18511,2
18512,5
18513,1
18514,5
18517,5
18519,4
18520,5
18521,3
18522,1
18524,1
18525,4
18526,4
18527,6
18528,5
18529,0
18530,4
18531,0
18534,1
18536,4
18538,1
18539,0
18542,0
18544,2
18545,2
18547,2
18550,2
18551,1
18552,2
18553,1
18555,0
18556,2
18557,5
18559,6
18560,5
18561,1
18563,6
18564,5
18565,1
18566,5
18567,2
18570,2
18571,2
18574,6
18577,1
18578,5
18579,6
18581,4
18582,3
18583,4
18584,3
18586,5
18587,3
18589,3
18591,6
18592,5
18593,3
18594,6
18596,3
18597,5
18600,4
18601,0
18602,5
18603,3
18605,4
18608,6
18609,6
18610,1
18611,4
18612,2
18613,5
18614,3
18615,5
18616,1
18617,6
18620,3
18621,2
18622,2
18624,1
18625,4
18626,5
18627,6
18628,2
18629,1
18631,0
18632,5
18633,2
18634,2
18636,5
18637,0
18641,0
18643,4
18644,0
18645,1
18646,3
18650,0
18651,3
18652,5
18653,0
18654,1
18657,5
18658,6
18659,2
18660,4
18661,1
18662,5
18665,4
18666,3
18667,0
18668,1
18669,0
18671,2
18672,0
18673,3
18675,2
18677,2
18680,4
18681,1
18682,3
18683,5
18684,0
18685,1
18687,1
18688,1
18689,4
18690,2
18691,1
18692,1
18693,4
18694,4
18695,2
18696,3
18697,1
18698,6
18699,1
18700,1
18702,1
18703,3
18705,2
18707,5
18708,3
18709,6
18710,0
18711,1
18712,5
18716,0
18717,6
18718,5
18719,4
18720,5
18723,1
18724,0
18725,5
18726,1
18727,3
18728,5
18729,2
18730,3
18731,1
18732,6
18733,2
18735,1
18738,4
18742,0
18743,6
18745,6
18746,1
18747,5
18748,1
18749,3
18750,4
18751,1
18754,4
18755,1
18757,2
18758,2
18760,4
18762,1
18763,3
18765,5
18766,6
18767,0
18768,1
18769,1
18772,1
18773,3
18774,6
18776,5
18778,2
18779,4
18780,3
18781,1
18782,1
18783,2
18785,1
18786,1
18787,2
18788,1
18789,2
18790,1
18791,2
18794,5
18795,1
18797,4
18798,5
18799,2
18800,2
18801,3
18802,2
18803,2
18804,4
18805,2
18806,2
18807,1
18808,2
18809,2
18810,6
18811,5
18812,2
18814,6
18816,5
18817,5
18818,6
18820,0
18821,5
18823,0
18824,5
18825,4
18826,6
18827,1
18828,5
18830,6
18831,0
18837,3
18838,0
18839,1
18840,3
18841,0
18843,2
18844,1
18845,4
18847,0
18849,4
18850,3
18851,1
18852,6
18853,1
18854,2
18857,2
18859,5
18861,6
18862,3
18863,0
18865,6
18866,1
18867,5
18868,2
18870,6
18872,1
18874,0
18875,5
18879,0
18881,6
18883,1
18884,5
18885,4
18886,1
18887,3
18889,1
18891,5
18892,0
18893,2
18894,0
18895,4
18896,2
18899,3
18900,2
18901,4
18902,5
18903,0
18904,1
18905,6
18906,2
18908,0
18909,1
18910,2
18911,5
18915,2
18916,3
18917,4
18918,4
18919,3
18920,0
18921,6
18922,4
18923,3
18924,2
18925,3
18926,2
18929,0
18930,6
18932,1
18934,1
18935,1
18936,2
18937,6
18939,6
18940,2
18942,2
18945,3
18946,1
18947,1
18948,3
18949,5
18950,1
18951,1
18952,0
18954,1
18955,4
18957,2
18958,5
18960,1
18961,2
18962,6
18963,2
18964,1
18965,1
18966,0
18967,3
18968,1
18969,6
18971,1
18972,1
18973,2
18974,6
18975,5
18977,4
18978,1
18979,2
18980,0
18981,2
18982,2
18983,6
18984,2
18985,6
18986,6
18988,6
18989,4
18990,6
18991,3
18992,1
18993,1
18994,2
18995,4
18996,1
18997,3
18998,5
18999,6
19001,6
19004,1
19005,2
19006,3
19008,2
19009,6
19010,3
19013,1
19014,2
19016,1
19017,3
19018,2
19019,4
19020,1
19021,5
19022,1
19025,4
19029,2
19030,4
19031,2
19032,2
19033,4
19034,6
19036,2
19037,5
19038,2
19039,3
19040,5
19041,5
19042,2
19043,5
19045,6
19046,6
19048,6
19049,2
19050,6
19052,5
19053,0
19054,2
19056,1
19057,6
19058,1
19060,2
19061,1
19063,4
19065,1
19066,2
19068,2
19069,3
19071,1
19072,3
19073,3
19074,1
19076,6
19077,2
19078,1
19084,5
19086,1
19087,2
19088,1
19090,2
19092,5
19093,3
19094,2
19096,4
19097,0
19100,6
19101,2
19102,5
19103,2
19106,6
19107,4
19108,0
19109,3
19110,2
19112,2
19113,4
19114,1
19117,4
19118,5
19119,0
19120,1
19121,1
19122,3
19123,1
19125,0
19126,2
19127,5
19129,5
19131,1
19132,1
19133,2
19134,3
19135,4
19137,4
19138,2
19139,4
19140,1
19142,1
19143,2
19144,3
19146,2
19148,1
19150,1
19151,2
19152,2
19153,2
19154,3
19155,0
19156,5
19158,4
19159,5
19160,3
19161,6
19162,5
19164,1
19167,1
19168,0
19169,5
19173,5
19174,1
19175,2
19176,0
19178,6
19179,0
19182,3
19183,1
19185,1
19187,2
19188,6
19189,5
19190,2
19191,5
19192,4
19194,2
19195,2
19197,2
19198,5
19199,5
19200,5
19201,5
19202,6
19204,2
19205,2
19206,6
19207,2
19208,6
19209,4
19210,5
19211,5
19212,1
19213,1
19214,4
19215,2
19218,2
19219,3
19220,1
19221,1
19224,1
19225,3
19226,0
19227,0
19228,3
19230,5
19231,2
19232,3
19234,1
19235,1
19236,1
19242,5
19243,0
19244,4
19246,1
19249,2
19252,1
19253,6
19256,3
19257,1
19258,2
19259,0
19262,2
19264,5
19265,2
19266,0
19268,4
19270,5
19273,2
19275,2
19276,5
19277,6
19278,1
19279,2
19280,1
19281,6
19282,5
19283,0
19285,3
19287,4
19288,6
19289,6
19290,0
19296,3
19297,0
19298,1
19299,5
19300,4
19301,4
19303,2
19305,4
19306,1
19308,2
19309,5
19310,5
19312,0
19313,4
19314,6
19315,3
19317,1
19318,3
19319,2
19321,5
19322,2
19323,1
19324,2
19325,3
19327,6
19328,6
19329,1
19330,2
19331,2
19332,1
19333,6
19334,1
19335,2
19336,3
19339,2
19342,3
19343,4
19344,0
19345,2
19346,2
19347,2
19349,5
19350,2
19351,1
19352,1
19353,1
19354,2
19355,4
19356,1
19357,3
19358,5
19359,5
19360,3
19362,2
19363,1
19368,2
19369,4
19371,0
19372,2
19374,2
19377,0
19378,6
19379,5
19380,3
19381,3
19383,1
19385,4
19387,1
19388,2
19390,1
19392,1
19394,6
19396,2
19397,6
19398,5
19400,1
19401,2
19402,4
19403,1
19407,1
19409,1
19410,1
19411,5
19414,3
19415,0
19416,1
19417,5
19419,4
19420,0
19421,5
19422,4
19424,6
19425,2
19428,1
19429,6
19431,6
19432,3
19433,6
19434,5
19435,4
19436,4
19438,1
19439,2
19441,1
19442,1
19444,1
19446,1
19448,5
19450,3
19452,2
19453,0
19454,2
19457,6
19458,2
19459,4
19461,3
19462,2
19463,5
19464,3
19465,5
19466,6
19467,2
19468,3
19469,2
19470,1
19471,1
19473,5
19474,1
19476,2
19477,3
19478,1
19479,2
19480,1
19481,2
19482,0
19483,2
19484,3
19485,2
19486,4
19487,2
19489,4
19490,6
19493,5
19495,5
19497,5
19499,2
19500,5
19501,2
19502,5
19503,1
19504,2
19505,3
19507,5
19509,3
19510,1
19511,4
19513,1
19514,0
19515,1
19516,2
19517,1
19518,3
19519,2
19520,4
19522,0
19523,5
19525,0
19526,5
19527,5
19528,4
19530,5
19531,2
19532,2
19533,6
19536,1
19537,1
19538,6
19540,2
19541,5
19542,5
19544,1
19545,5
19546,3
19547,3
19548,4
19549,6
19550,2
19552,2
19553,1
19554,3
19555,1
19556,2
19558,2
19559,2
19560,3
19563,1
19564,6
19566,4
19567,4
19569,6
19570,4
19571,3
19573,5
19574,3
19575,5
19576,4
19577,3
19578,2
19579,1
19580,2
19581,0
19582,2
19583,2
19584,2
19585,5
19587,1
19588,2
19590,1
19591,1
19594,4
19595,6
19596,2
19597,0
19598,2
19600,1
19602,3
19603,2
19604,5
19605,2
19606,5
19607,2
19609,1
19610,2
19613,1
19615,2
19616,2
19618,2
19619,4
19621,1
19622,2
19624,2
19625,2
19626,3
19627,1
19628,1
19629,6
19630,3
19631,2
19632,6
19633,1
19635,2
19636,4
19638,4
19639,1
19642,5
19643,4
19645,3
19646,1
19647,6
19648,3
19650,3
19651,0
19653,1
19655,5
19657,3
19658,5
19659,5
19660,5
19663,5
19664,6
19665,2
19666,6
19667,2
19668,0
19669,3
19670,4
19671,5
19673,3
19675,0
19678,2
19679,1
19681,5
19682,3
19683,2
19684,0
19685,2
19686,6
19687,2
19688,5
19689,0
19690,2
19691,3
19692,0
19694,3
19695,0
19697,6
19698,1
19699,1
19700,2
19702,2
19704,5
19705,5
19706,6
19707,1
19710,1
19711,6
19712,6
19713,4
19714,4
19719,5
19720,3
19721,1
19722,1
19723,1
19724,6
19725,1
19727,2
19728,1
19729,3
19731,1
19732,5
19735,3
19736,0
19738,6
19740,2
19741,1
19742,3
19743,3
19744,1
19745,2
19750,1
19751,5
19754,1
19755,2
19756,6
19757,6
19758,2
19759,0
19760,4
19761,0
19762,5
19764,6
19765,1
19766,1
19769,0
19770,4
19772,3
19774,4
19775,2
19778,4
19779,5
19781,0
19785,4
19790,2
19793,2
19794,5
19795,0
19796,1
19797,3
19799,3
19800,6
19801,1
19802,3
19803,6
19804,6
19805,6
19806,3
19808,1
19809,2
19811,6
19813,2
19815,2
19816,5
19817,2
19819,2
19820,2
19822,2
19823,5
19825,0
19827,5
19828,0
19830,1
19833,6
19834,6
19835,4
19836,2
19837,3
19838,4
19840,6
19841,6
19842,1
19843,6
19844,2
19846,2
19847,1
19849,1
19850,2
19851,1
19855,1
19857,1
19858,1
19860,3
19861,4
19863,1
19864,3
19866,4
19867,5
19868,1
19869,1
19870,4
19871,6
19873,5
19874,5
19876,2
19877,1
19879,2
19883,5
19884,4
19885,4
19886,5
19887,0
19888,0
19890,1
19891,5
19893,2
19894,1
19895,2
19896,6
19897,5
19898,6
19899,1
19900,0
19902,1
19903,1
19904,2
19905,3
19906,5
19907,2
19910,1
19912,2
19913,6
19914,4
19915,1
19917,3
19918,4
19919,1
19920,1
19921,5
19923,6
19924,2
19925,1
19927,1
19929,6
19931,1
19932,0
19934,0
19935,4
19936,3
19937,1
19939,4
19940,2
19941,2
19944,1
19946,5
19947,2
19948,3
19949,6
19950,0
19953,3
19954,5
19955,4
19956,4
19957,4
19958,1
19959,1
19960,6
19961,6
19963,0
19965,0
19967,5
19969,3
19970,1
19972,1
19973,2
19975,1
19976,6
19978,1
19979,5
19980,2
19982,3
19983,4
19984,0
19985,2
19986,4
19987,0
19989,2
19991,0
19992,6
19993,4
19994,3
19995,1
19996,0
19997,6
19998,5
20001,6
20002,2
20003,1
20004,1
20007,1
20008,6
20009,5
20010,2
20012,1
20014,2
20015,2
20016,2
20017,3
20018,5
20019,2
20020,2
20021,2
20022,3
20023,4
20025,3
20027,5
20029,1
20030,1
20031,5
20032,2
20033,0
20034,4
20035,1
20036,2
20037,4
20038,2
20039,1
20040,6
20041,6
20042,1
20043,2
20044,2
20045,5
20046,1
20047,4
20048,1
20049,1
20050,6
20051,1
20052,2
20053,3
20054,1
20056,1
20059,2
20060,1
20061,1
20062,2
20066,0
20068,2
20070,2
20072,5
20074,4
20075,3
20077,2
20078,5
20079,2
20080,1
20081,3
20082,1
20083,3
20084,5
20085,5
20086,3
20087,1
20088,5
20089,6
20091,1
20093,0
20095,3
20096,6
20097,4
20098,0
20099,6
20101,3
20103,6
20104,0
20105,5
20106,2
20108,5
20109,6
20110,5
20112,3
20113,3
20114,2
20115,1
20116,6
20117,1
20118,1
20119,2
20120,3
20121,6
20123,2
20124,3
20125,5
20126,2
20129,0
20130,6
20131,4
20132,2
20133,1
20135,5
20137,5
20139,1
20141,6
20142,3
20145,2
20146,0
20147,2
20148,4
20149,5
20150,0
20151,6
20153,1
20155,2
20156,1
20157,1
20160,0
20161,3
20162,1
20164,2
20165,0
20166,3
20168,1
20169,2
20170,6
20171,3
20173,3
20174,4
20176,2
20177,1
20178,5
20179,2
20180,6
20181,2
20182,5
20187,2
20188,1
20189,6
20192,2
20195,2
20198,1
20199,6
20200,2
20201,5
20204,3
20205,3
20208,3
20211,5
20212,2
20213,2
20216,6
20217,1
20221,5
20223,6
20225,5
20226,1
20227,1
20229,5
20230,1
20232,3
20233,1
20234,2
20235,2
20236,1
20238,2
20239,4
20240,2
20241,4
20243,2
20245,0
20246,6
20247,3
20248,1
20250,2
20252,1
20254,4
20255,5
20256,2
20257,3
20258,3
20259,2
20260,1
20261,4
20262,5
20263,5
20264,4
20265,2
20268,1
20269,2
20271,4
20272,2
20273,1
20274,1
20276,2
20277,5
20279,1
20280,3
20281,2
20283,1
20285,1
20287,4
20288,1
20289,3
20290,2
20291,5
20292,4
20293,0
20294,2
20295,3
20298,2
20301,4
20303,1
20304,5
20306,5
20307,1
20309,1
20310,1
20312,2
20313,2
20314,4
20316,5
20317,6
20318,4
20319,2
20321,2
20323,1
20324,6
20325,4
20326,6
20327,4
20329,3
20331,0
20333,5
20334,6
20337,1
20338,3
20339,1
20340,1
20341,3
20342,1
20344,2
20345,5
20346,1
20347,1
20348,2
20352,2
20356,3
20357,1
20358,2
20359,5
20360,1
20364,0
20365,1
20366,1
20367,6
20369,2
20371,6
20373,1
20374,6
20375,2
20378,6
20379,2
20381,2
20383,2
20384,1
20385,5
20386,4
20387,2
20390,1
20391,6
20392,1
20393,2
20394,5
20395,3
20396,1
20397,6
20398,3
20400,1
20401,2
20402,2
20405,2
20406,1
20407,4
20408,2
20410,5
20411,1
20413,3
20414,2
20417,1
20419,5
20421,4
20422,3
20423,0
20424,2
20425,1
20428,6
20429,1
20430,2
20431,5
20433,5
20434,4
20436,4
20438,1
20439,3
20440,4
20441,1
20442,3
20444,2
20445,2
20446,4
20447,6
20448,1
20451,5
20452,2
20453,2
20454,2
20456,0
20457,5
20458,5
20459,6
20461,2
20462,2
20465,2
20466,0
20468,0
20470,2
20471,5
20472,6
20473,2
20474,4
20476,0
20477,4
20478,4
20482,1
20483,3
20486,5
20487,4
20488,2
20489,5
20490,6
20492,1
20493,1
20495,1
20496,1
20497,2
20498,3
20502,5
20504,1
20505,3
20507,5
20510,3
20511,1
20512,1
20513,1
20514,1
20516,1
20517,2
20518,0
20519,3
20520,2
20521,0
20524,4
20525,2
20526,1
20527,1
20528,6
20529,6
20530,4
20533,2
20534,0
20535,5
20536,5
20537,6
20538,5
20539,1
20540,1
20541,5
20542,2
20543,0
20544,5
20547,5
20549,0
20553,3
20554,0
20556,3
20557,2
20559,2
20560,2
20561,1
20562,1
20563,5
20564,1
20565,6
20566,3
20567,2
20568,4
20569,2
20570,2
20572,6
20574,6
20575,3
20576,1
20577,1
20578,2
20581,5
20583,5
20584,2
20585,0
20586,1
20587,4
20588,6
20589,1
20590,0
20592,4
20594,2
20595,4
20597,1
20598,2
20599,5
20601,1
20603,6
20605,3
20606,1
20607,5
20609,4
20610,4
20613,5
20614,2
20615,1
20616,5
20617,3
20618,2
20619,1
20620,5
20623,5
20624,2
20625,1
20626,5
20627,1
20628,4
20629,2
20630,6
20631,0
20632,6
20633,1
20634,3
20635,1
20636,1
20638,1
20639,4
20640,2
20641,1
20643,2
20644,5
20645,5
20648,2
20649,5
20650,2
20655,4
20659,5
20660,5
20661,3
20662,1
20663,1
20664,1
20665,1
20666,1
20667,1
20668,4
20671,2
20672,2
20674,5
20675,0
20676,5
20677,5
20678,5
20680,1
20681,5
20682,1
20683,2
20684,2
20686,5
20689,1
20690,6
20691,4
20692,2
20693,4
20695,2
20696,1
20699,4
20700,2
20701,5
20703,6
20704,5
20707,2
20708,4
20710,2
20713,6
20714,1
20715,1
20717,3
20718,2
20719,3
20722,4
20724,1
20725,1
20728,4
20729,0
20730,4
20731,2
20732,4
20733,3
20734,3
20735,2
20736,4
20737,5
20739,6
20741,1
20743,5
20744,2
20745,1
20746,3
20748,6
20750,5
20751,5
20752,2
20753,3
20755,1
20756,5
20757,5
20759,2
20762,1
20763,2
20764,2
20765,0
20766,2
20768,4
20769,1
20770,1
20772,5
20774,3
20775,2
20776,4
20777,5
20779,3
20780,1
20781,2
20782,2
20784,1
20787,1
20788,2
20790,3
20792,2
20793,3
20794,6
20795,2
20796,2
20798,5
20799,1
20801,1
20802,0
20803,2
20804,1
20805,0
20806,3
20807,5
20810,6
20811,1
20814,3
20816,0
20817,1
20818,1
20821,2
20822,3
20823,1
20825,2
20826,2
20827,2
20828,1
20829,5
20830,2
20832,5
20833,5
20835,2
20837,2
20840,4
20843,2
20845,4
20848,2
20850,0
20852,2
20853,5
20855,1
20856,2
20857,4
20858,3
20859,4
20861,5
20864,1
20866,6
20867,2
20869,6
20871,1
20872,2
20876,5
20878,6
20879,1
20880,2
20881,2
20882,2
20883,0
20884,1
20885,4
20886,2
20887,6
20889,1
20890,2
20891,0
20893,0
20894,3
20895,6
20897,1
20898,0
20899,1
20901,2
20902,1
20903,5
20904,4
20905,4
20906,5
20909,2
20912,3
20913,5
20914,4
20915,0
20916,2
20919,2
20920,3
20923,3
20925,4
20926,1
20928,2
20929,2
20930,1
20931,6
20933,6
20935,3
20936,4
20938,5
20939,5
20940,5
20942,2
20943,0
20945,2
20947,1
20948,1
20952,1
20953,1
20954,5
20956,3
20958,2
20959,2
20960,5
20961,1
20962,4
20965,3
20967,2
20968,1
20969,3
20970,0
20974,1
20976,2
20977,1
20978,3
20979,5
20980,6
20981,4
20982,3
20983,0
20984,6
20985,5
20986,1
20987,1
20988,1
20989,4
20990,1
20991,5
20992,6
20993,2
20995,4
20996,6
20997,4
20998,1
20999,5
21000,5
21001,2
21002,3
21003,2
21004,2
21006,2
21008,3
21011,2
21013,6
21014,6
21015,6
21016,5
21018,2
21020,6
21024,5
21025,6
21028,4
21030,6
21031,3
21032,1
21034,4
21035,1
21040,2
21041,6
21043,3
21044,6
21046,2
21049,6
21050,4
21051,2
21052,2
21053,1
21054,2
21055,5
21056,2
21057,1
21058,2
21059,6
21062,4
21063,6
21066,0
21068,5
21069,1
21070,5
21071,6
21072,5
21073,6
21074,1
21076,2
21079,4
21080,2
21081,2
21082,5
21084,4
21085,0
21086,6
21087,1
21089,2
21090,5
21091,4
21092,6
21094,4
21095,5
21096,5
21098,0
21100,3
21102,1
21103,5
21105,5
21107,3
21108,5
21110,1
21111,2
21112,1
21114,1
21115,1
21116,2
21117,2
21118,0
21119,2
21122,3
21123,2
21124,2
21125,2
21126,5
21129,6
21130,4
21132,1
21133,6
21135,1
21136,6
21137,3
21138,3
21140,3
21141,4
21142,1
21143,6
21144,2
21145,4
21148,2
21150,2
21151,5
21152,6
21154,2
21155,0
21156,1
21157,5
21158,4
21159,2
21162,6
21163,1
21165,4
21167,5
21168,6
21169,4
21171,2
21172,4
21173,1
21174,3
21175,2
21176,2
21180,3
21181,2
21182,1
21183,1
21185,2
21186,2
21187,1
21188,4
21190,2
21191,3
21192,4
21193,6
21194,2
21195,5
21196,4
21198,3
21199,2
21200,3
21201,1
21203,5
21204,1
21205,4
21207,6
21208,3
21209,4
21210,1
21211,3
21212,2
21213,4
21215,1
21216,1
21217,1
21218,6
21220,3
21221,5
21222,2
21223,0
21224,1
21225,3
21226,2
21227,2
21228,4
21229,2
21231,2
21233,2
21237,0
21238,1
21239,5
21242,2
21243,3
21244,1
21245,5
21246,4
21250,1
21251,3
21254,3
21256,1
21257,2
21258,4
21261,1
21263,4
21267,5
21268,1
21269,1
21270,1
21271,2
21272,3
21273,3
21274,2
21276,1
21277,0
21279,1
21280,1
21281,4
21284,0
21285,2
21289,1
21291,1
21293,3
21295,4
21296,5
21298,4
21299,1
21300,5
21301,3
21302,5
21303,3
21304,3
21305,0
21306,0
21307,2
21308,2
21309,1
21310,2
21311,0
21312,1
21313,1
21314,5
21315,1
21317,5
21318,3
21320,3
21322,3
21324,1
21326,2
21328,2
21329,2
21331,2
21332,4
21333,5
21334,4
21335,5
21337,2
21338,6
21339,2
21340,2
21342,1
21343,1
21344,4
21345,2
21346,1
21347,6
21349,3
21350,5
21352,2
21355,0
21357,2
21358,1
21359,6
21360,3
21363,3
21364,2
21366,0
21369,6
21370,2
21371,4
21372,1
21373,3
21375,3
21376,3
21379,1
21380,0
21381,2
21382,4
21383,3
21384,1
21385,1
21386,1
21388,2
21389,4
21390,1
21391,2
21393,6
21394,6
21396,0
21397,6
21398,3
21399,2
21401,1
21402,2
21404,3
21405,3
21406,3
21407,5
21408,5
21409,2
21413,2
21415,2
21417,2
21418,6
21419,1
21420,2
21421,4
21422,1
21423,6
21424,5
21426,1
21427,6
21428,2
21430,6
21431,0
21432,2
21434,5
21435,2
21436,1
21438,2
21442,4
21443,4
21444,6
21445,0
21446,1
21447,0
21448,1
21451,1
21452,1
21454,3
21455,6
21456,6
21457,3
21458,4
21460,2
21461,2
21462,1
21464,5
21465,1
21466,3
21467,1
21469,5
21470,5
21472,1
21473,2
21474,2
21475,1
21476,2
21477,1
21479,5
21483,1
21486,1
21487,4
21488,6
21490,6
21491,3
21492,1
21493,5
21495,1
21496,5
21497,1
21499,1
21501,5
21504,2
21506,3
21508,2
21511,5
21512,2
21516,6
21519,1
21520,4
21522,1
21523,3
21524,2
21527,5
21528,6
21529,4
21531,1
21532,0
21533,4
21534,6
21535,5
21536,1
21537,6
21539,3
21540,4
21542,6
21544,4
21545,5
21546,1
21547,5
21548,5
21549,1
21550,5
21551,2
21552,5
21553,5
21554,1
21555,1
21556,2
21559,1
21561,2
21562,2
21563,1
21564,6
21565,5
21567,2
21568,1
21569,2
21571,1
21572,4
21573,2
21574,6
21575,5
21576,2
21577,1
21578,0
21579,1
21580,3
21581,5
21582,4
21583,2
21584,0
21585,2
21586,3
21587,4
21588,5
21589,0
21590,6
21592,3
21593,6
21594,3
21595,5
21596,3
21598,3
21599,4
21602,2
21603,0
21606,6
21608,0
21609,2
21610,4
21611,1
21612,3
21613,5
21615,2
21616,4
21617,0
21619,0
21620,2
21622,0
21624,2
21625,3
21626,3
21627,2
21628,5
21629,5
21630,3
21631,2
21632,4
21635,0
21636,5
21637,2
21639,2
21640,5
21642,2
21643,1
21644,0
21646,2
21647,1
21648,5
21649,5
21650,2
21652,1
21654,1
21660,3
21661,1
21662,6
21663,0
21664,1
21666,4
21668,2
21669,2
21670,3
21672,6
21674,2
21675,2
21676,2
21677,1
21678,1
21679,1
21680,4
21681,6
21683,5
21684,5
21685,3
21686,1
21688,2
21689,1
21690,3
21691,2
21692,5
21693,6
21694,3
21696,0
21697,1
21698,0
21700,5
21703,2
21704,1
21705,1
21706,1
21707,1
21708,1
21709,1
21710,5
21711,3
21713,3
21714,1
21715,5
21716,5
21717,6
21719,5
21722,1
21724,2
21725,3
21727,5
21728,3
21729,1
21733,5
21734,2
21736,0
21738,6
21740,2
21742,2
21743,4
21744,2
21745,1
21746,3
21747,6
21748,3
21749,5
21750,5
21751,1
21752,5
21753,5
21755,6
21757,3
21758,2
21759,1
21760,2
21761,1
21762,2
21763,1
21764,3
21765,1
21766,1
21768,4
21770,5
21771,5
21773,2
21774,5
21775,3
21776,4
21777,2
21779,6
21780,1
21782,1
21783,2
21784,5
21786,5
21787,5
21788,2
21790,6
21791,2
21792,3
21793,2
21794,4
21795,3
21797,2
21798,5
21799,6
21800,1
21801,1
21802,5
21804,2
21806,0
21807,1
21808,0
21809,4
21810,1
21812,1
21813,1
21814,0
21815,1
21816,2
21817,6
21818,4
21819,1
21821,0
21822,1
21823,0
21824,1
21825,5
21828,6
21829,5
21831,0
21832,0
21833,4
21835,5
21836,5
21837,4
21838,3
21839,2
21840,2
21841,2
21842,2
21843,1
21845,2
21850,1
21851,4
21852,5
21853,3
21854,4
21855,2
21856,1
21858,2
21860,1
21861,1
21862,2
21863,1
21864,6
21867,6
21868,5
21874,2
21875,6
21876,5
21877,3
21878,1
21880,1
21881,1
21884,2
21885,2
21886,2
21887,1
21889,6
21890,6
21891,6
21892,5
21894,5
21895,2
21896,5
21897,1
21899,5
21900,1
21901,5
21902,5
21903,0
21904,4
21905,1
21907,4
21908,6
21909,1
21910,1
21911,4
21912,1
21914,6
21915,1
21916,5
21917,5
21918,6
21920,1
21921,3
21923,2
21926,4
21927,0
21929,4
21930,5
21933,0
21934,5
21935,6
21936,3
21937,2
21938,5
21940,2
21941,0
21942,4
21944,0
21945,5
21946,4
21947,6
21948,2
21949,1
21950,1
21953,0
21954,2
21955,0
21956,6
21959,1
21961,0
21963,1
21964,1
21966,4
21968,3
21970,2
21971,1
21972,3
21973,2
21974,5
21975,1
21977,4
21982,4
21984,6
21986,0
21987,4
21988,3
21990,1
21991,5
21995,1
21996,0
21997,1
21998,2
22000,4
22001,2
22002,3
22003,5
22004,3
22005,6
22006,3
22007,2
22008,2
22009,5
22010,3
22013,1
22016,2
22019,2
22020,1
22021,2
22023,4
22027,4
22029,0
22031,3
22032,2
22034,2
22036,2
22037,5
22038,1
22039,1
22040,5
22041,6
22042,6
22044,2
22045,4
22046,1
22047,5
22048,3
22052,1
22053,2
22055,3
22056,2
22057,3
22058,2
22059,2
22060,4
22062,2
22063,1
22064,5
22065,2
22066,0
22070,3
22072,2
22073,3
22074,1
22075,5
22076,3
22077,2
22080,6
22081,5
22082,2
22083,4
22086,3
22087,2
22088,6
22089,3
22090,1
22091,4
22092,1
22093,1
22095,6
22096,6
22098,0
22099,1
22101,4
22102,3
22106,5
22108,3
22109,1
22111,3
22112,0
22116,3
22117,3
22118,1
22119,1
22122,3
22125,0
22126,1
22127,2
22128,4
22129,4
22132,5
22133,1
22134,2
22135,2
22136,2
22137,1
22138,5
22140,6
22141,5
22143,2
22144,3
22145,1
22149,6
22152,2
22153,6
22154,1
22156,4
22157,4
22158,6
22159,1
22160,0
22161,3
22162,4
22164,4
22166,2
22168,2
22171,0
22172,6
22173,6
22177,0
22179,0
22180,1
22183,1
22184,6
22185,5
22188,1
22190,1
22192,0
22193,1
22194,1
22196,2
22197,3
22198,1
22199,4
22200,6
22202,3
22203,5
22204,2
22205,4
22206,2
22207,1
22208,6
22209,4
22210,6
22211,3
22212,0
22213,6
22215,2
22216,1
22217,3
22218,2
22219,4
22220,4
22221,2
22222,2
22227,3
22228,5
22229,5
22230,2
22231,3
22232,6
22235,3
22236,6
22237,5
22240,2
22241,4
22242,6
22244,4
22245,1
22248,6
22250,3
22251,1
22254,2
22258,6
22259,3
22260,3
22261,1
22263,2
22264,5
22265,3
22266,6
22267,2
22268,3
22269,2
22273,1
22275,1
22276,4
22277,2
22278,2
22279,6
22280,5
22281,2
22282,2
22285,4
22288,6
22289,3
22290,4
22291,4
22293,6
22294,1
22296,1
22297,1
22298,4
22300,1
22301,1
22302,1
22303,0
22304,5
22305,2
22307,2
22308,4
22309,5
22310,2
22313,5
22314,5
22315,1
22316,6
22318,6
22320,1
22322,0
22323,1
22324,3
22326,2
22327,2
22328,3
22329,1
22331,2
22332,3
22333,3
22334,2
22337,5
22339,1
22340,1
22341,5
22342,2
22343,1
22345,0
22348,1
22350,6
22351,1
22352,1
22353,4
22354,2
22355,4
22356,2
22357,1
22358,2
22360,1
22361,3
22362,6
22363,6
22364,1
22365,0
22367,3
22369,3
22371,4
22372,1
22374,5
22378,6
22379,5
22380,0
22381,0
22382,1
22384,1
22386,4
22387,1
22388,2
22389,4
22390,1
22391,5
22393,2
22394,2
22395,1
22396,6
22398,5
22399,2
22400,3
22401,0
22402,0
22403,3
22404,1
22405,5
22408,0
22409,5
22410,0
22413,5
22414,4
22416,2
22417,6
22418,1
22419,0
22420,2
22421,2
22422,4
22424,2
22425,6
22427,5
22428,5
22429,3
22432,3
22434,3
22435,1
22436,3
22438,3
22439,1
22440,2
22441,4
22442,5
22443,6
22444,2
22445,2
22446,1
22447,1
22448,3
22449,5
22450,6
22451,4
22453,5
22454,4
22455,2
22456,2
22458,6
22459,1
22460,0
22461,3
22462,1
22463,6
22464,1
22467,2
22468,0
22472,0
22473,0
22474,1
22475,5
22476,2
22477,3
22479,2
22480,2
22481,2
22483,1
22487,2
22489,2
22490,1
22491,4
22492,3
22494,1
22495,5
22496,1
22498,3
22499,1
22500,0
22501,5
22502,1
22503,3
22504,0
22505,6
22506,2
22508,1
22509,1
22512,2
22513,0
22514,2
22515,4
22520,6
22524,2
22525,3
22526,3
22527,0
22529,1
22530,6
22531,2
22532,2
22534,6
22536,2
22537,5
22542,2
22544,5
22547,6
22549,1
22550,2
22551,1
22554,2
22556,5
22558,2
22559,5
22560,2
22561,6
22562,3
22563,4
22564,3
22566,2
22567,5
22570,2
22571,2
22572,1
22574,3
22576,6
22580,2
22581,2
22582,3
22583,2
22584,1
22585,2
22587,1
22590,2
22591,2
22593,3
22594,3
22595,3
22596,0
22598,1
22599,4
22601,0
22602,3
22603,4
22604,1
22605,2
22606,6
22608,0
22609,1
22610,3
22612,1
22613,2
22615,2
22617,5
22618,1
22619,0
22620,5
22621,3
22622,2
22623,2
22624,3
22625,0
22626,1
22627,2
22630,6
22631,6
22633,1
22634,2
22635,5
22636,2
22637,2
22639,2
22641,1
22642,2
22644,1
22645,2
22648,3
22650,1
22651,2
22652,1
22653,1
22654,2
22657,5
22658,1
22660,4
22661,1
22664,5
22668,1
22669,3
22670,5
22672,0
22673,0
22674,6
22675,2
22676,5
22677,6
22678,4
22679,5
22680,1
22682,6
22683,1
22684,4
22685,2
22686,5
22687,0
22689,3
22690,2
22691,2
22692,2
22694,3
22696,0
22697,6
22701,4
22702,6
22704,4
22705,6
22706,0
22709,2
22711,6
22712,2
22715,2
22717,0
22718,3
22719,5
22720,2
22723,2
22724,5
22725,2
22726,2
22728,3
22729,2
22730,5
22732,0
22733,5
22735,2
22736,1
22739,5
22740,1
22741,5
22742,3
22744,5
22745,0
22746,5
22750,1
22752,2
22754,1
22755,3
22756,6
22757,2
22758,1
22759,1
22760,2
22761,2
22763,4
22765,6
22766,2
22767,1
22768,5
22772,1
22773,4
22774,2
22776,6
22778,3
22779,3
22780,1
22782,4
22784,0
22786,2
22787,3
22788,0
22790,4
22791,5
22793,4
22794,2
22795,3
22796,5
22799,0
22800,1
22801,6
22802,1
22804,4
22805,3
22806,5
22808,1
22809,3
22810,2
22811,1
22812,3
22814,0
22815,3
22817,1
22818,3
22819,6
22820,2
22821,6
22822,5
22823,2
22824,2
22826,3
22827,5
22828,3
22829,1
22830,5
22831,2
22832,6
22833,0
22835,1
22836,0
22837,0
22838,2
22839,5
22840,6
22841,5
22842,1
22843,4
22845,4
22847,2
22848,1
22850,4
22851,1
22852,6
22853,2
22856,1
22859,4
22860,2
22861,6
22862,1
22863,5
22866,6
22867,3
22868,1
22869,6
22870,6
22871,3
22872,2
22873,2
22874,4
22877,2
22878,2
22879,5
22880,3
22881,2
22882,1
22883,2
22884,2
22886,6
22887,1
22890,2
22892,2
22893,3
22895,0
22896,4
22897,5
22898,2
22899,6
22900,4
22901,2
22902,1
22904,0
22905,4
22906,6
22907,2
22908,4
22909,5
22910,0
22913,0
22915,3
22916,3
22917,5
22918,3
22919,1
22920,1
22922,4
22923,1
22924,1
22925,6
22926,3
22929,4
22930,1
22931,1
22932,2
22933,1
22937,4
22941,1
22943,2
22944,6
22945,2
22946,6
22948,3
22950,1
22951,0
22952,2
22953,6
22955,1
22956,0
22957,6
22959,2
22960,1
22961,3
22962,3
22963,2
22964,5
22965,1
22970,4
22971,3
22972,0
22973,3
22976,6
22977,2
22978,1
22980,5
22981,5
22982,3
22984,1
22986,2
22987,3
22990,4
22992,2
22993,0
22994,0
22995,5
22996,4
22997,1
22998,3
22999,5
23001,2
23002,2
23003,5
23005,2
23008,2
23009,4
23011,3
23012,2
23013,2
23014,5
23016,1
23020,5
23021,3
23022,5
23023,5
23024,3
23026,1
23027,5
23028,1
23030,5
23032,0
23033,2
23037,0
23040,2
23041,5
23042,1
23043,2
23044,6
23045,6
23046,4
23048,4
23049,3
23051,2
23052,0
23054,1
23055,2
23056,2
23057,1
23058,2
23059,4
23061,1
23062,1
23063,0
23065,4
23066,5
23067,5
23068,5
23069,6
23070,2
23071,0
23072,3
23073,6
23074,1
23075,2
23077,5
23079,3
23080,0
23082,1
23086,4
23087,2
23088,1
23089,3
23090,1
23091,2
23093,0
23094,4
23097,1
23099,3
23101,1
23102,2
23104,1
23105,3
23106,1
23107,0
23108,3
23109,2
23110,2
23112,6
23113,1
23115,2
23116,6
23117,2
23119,6
23120,1
23122,2
23123,5
23124,0
23125,3
23126,6
23128,1
23129,4
23132,2
23133,3
23134,4
23135,2
23136,2
23137,1
23138,1
23139,3
23140,6
23141,6
23143,2
23144,6
23145,6
23146,1
23147,1
23148,2
23149,2
23151,1
23152,0
23153,1
23155,6
23156,2
23157,1
23159,1
23160,1
23161,2
23162,0
23164,1
23165,1
23166,1
23168,5
23169,2
23170,1
23171,3
23172,5
23173,4
23174,0
23175,2
23176,4
23178,1
23180,4
23181,2
23182,0
23184,0
23185,3
23186,1
23189,6
23190,1
23191,4
23192,5
23194,2
23195,6
23196,1
23197,4
23198,2
23199,0
23200,6
23201,2
23202,5
23203,6
23205,0
23208,4
23209,6
23210,2
23211,6
23212,2
23213,2
23214,5
23215,3
23216,1
23217,1
23219,6
23222,2
23223,6
23224,3
23225,4
23227,2
23228,0
23230,3
23233,1
23234,1
23235,3
23236,2
23237,6
23238,2
23239,1
23240,4
23241,0
23242,1
23243,1
23244,2
23245,1
23246,6
23247,1
23249,5
23250,4
23252,4
23253,2
23254,5
23255,6
23256,3
23257,1
23258,2
23260,2
23261,2
23262,3
23265,3
23266,3
23267,4
23269,1
23270,1
23271,5
23273,5
23274,5
23275,2
23276,5
23277,1
23278,1
23280,3
23283,1
23284,2
23285,6
23287,3
23288,4
23290,1
23291,2
23292,2
23293,2
23294,4
23295,0
23296,1
23298,5
23299,0
23300,2
23302,5
23303,3
23304,6
23305,2
23306,1
23307,2
23308,3
23310,6
23312,5
23313,2
23314,0
23315,5
23317,5
23319,0
23321,5
23322,5
23323,5
23325,6
23326,2
23327,6
23328,6
23330,1
23331,1
23334,0
23335,2
23336,1
23337,4
23338,4
23339,6
23340,1
23341,1
23342,4
23343,5
23345,0
23346,3
23347,2
23348,3
23350,0
23351,2
23352,5
23355,1
23356,1
23358,4
23360,2
23362,1
23363,0
23364,2
23365,2
23366,6
23368,4
23369,4
23370,0
23371,6
23373,2
23374,2
23375,3
23376,4
23377,2
23378,2
23379,0
23380,2
23381,5
23382,3
23383,2
23384,4
23388,5
23389,6
23390,4
23391,5
23392,2
23393,0
23394,6
23395,6
23396,2
23397,2
23398,2
23399,2
23400,3
23401,2
23402,2
23404,6
23405,1
23406,0
23407,1
23411,5
23412,1
23413,2
23414,1
23416,5
23417,1
23418,4
23419,5
23422,5
23423,1
23424,3
23426,2
23427,0
23429,1
23430,6
23431,5
23432,4
23433,1
23435,1
23436,4
23437,2
23439,3
23440,6
23442,3
23445,2
23447,3
23448,4
23449,2
23451,1
23452,3
23453,3
23454,2
23455,4
23458,2
23460,3
23461,4
23462,1
23464,6
23465,2
23468,3
23469,5
23471,6
23472,4
23473,3
23475,1
23476,3
23477,1
23478,5
23479,2
23480,1
23481,1
23482,5
23483,4
23487,2
23490,4
23492,5
23493,2
23494,6
23495,2
23496,3
23498,5
23499,4
23500,6
23502,1
23503,6
23506,1
23507,6
23508,1
23511,6
23512,2
23515,1
23519,3
23520,1
23522,5
23524,3
23526,1
23527,1
23528,1
23530,2
23533,4
23536,1
23537,2
23538,5
23539,1
23542,1
23546,2
23547,6
23548,2
23549,0
23550,2
23551,0
23553,3
23554,4
23555,3
23556,6
23557,2
23558,3
23561,2
23563,2
23564,5
23566,1
23568,2
23569,1
23570,3
23571,2
23572,0
23575,6
23576,2
23579,6
23580,2
23581,5
23582,6
23585,4
23586,2
23587,6
23588,4
23589,2
23590,1
23592,1
23593,1
23594,0
23595,1
23596,6
23597,6
23599,3
23600,0
23602,1
23603,1
23604,2
23605,6
23606,2
23608,6
23609,1
23611,0
23612,5
23613,3
23614,2
23616,5
23617,4
23618,4
23620,1
23621,4
23622,4
23624,3
23625,1
23626,3
23627,1
23628,6
23629,2
23630,0
23631,1
23632,4
23634,0
23635,1
23636,1
23637,1
23638,5
23639,3
23640,5
23642,3
23643,1
23645,3
23647,1
23648,5
23649,1
23650,0
23651,5
23652,1
23653,2
23657,1
23659,5
23661,2
23663,0
23664,2
23666,1
23667,6
23668,5
23669,5
23670,2
23672,2
23673,0
23674,3
23677,2
23678,3
23679,2
23680,1
23681,6
23684,2
23685,0
23690,4
23691,1
23692,1
23693,3
23694,1
23695,2
23696,1
23697,0
23698,2
23699,3
23700,0
23701,4
23702,2
23703,3
23704,1
23705,3
23706,4
23707,6
23709,0
23711,4
23712,2
23713,0
23714,1
23715,4
23716,2
23717,1
23718,1
23720,5
23723,5
23724,3
23725,2
23727,1
23728,0
23729,3
23730,1
23732,1
23733,2
23734,1
23735,0
23736,5
23737,6
23739,4
23744,5
23746,1
23747,2
23749,5
23750,4
23751,2
23752,4
23753,0
23754,5
23755,1
23757,4
23758,0
23760,3
23761,4
23762,0
23763,1
23764,3
23765,3
23766,3
23768,1
23769,2
23770,5
23771,6
23772,5
23773,4
23774,0
23775,4
23776,0
23779,2
23780,2
23781,1
23782,3
23783,2
23784,2
23785,5
23786,2
23787,2
23789,4
23790,6
23791,1
23793,2
23794,5
23795,5
23797,2
23798,4
23799,1
23800,2
23801,3
23802,2
23803,1
23804,2
23805,2
23806,5
23807,1
23808,1
23809,4
23810,2
23811,2
23812,2
23813,1
23814,6
23815,2
23816,2
23817,1
23818,1
23819,5
23820,0
23821,2
23822,2
23823,2
23824,1
23826,0
23828,2
23830,2
23831,6
23832,6
23833,2
23835,3
23836,3
23837,1
23838,1
23842,1
23843,2
23844,2
23845,5
23846,2
23847,1
23848,4
23850,4
23851,2
23853,0
23855,5
23856,2
23860,1
23861,1
23863,6
23865,6
23867,1
23868,3
23869,2
23870,1
23871,3
23876,2
23878,3
23879,1
23881,2
23882,0
23885,4
23886,6
23887,4
23888,2
23890,2
23892,1
23893,1
23894,1
23895,4
23896,5
23897,1
23898,2
23899,4
23901,2
23902,3
23903,6
23904,2
23905,5
23908,1
23909,5
23910,0
23911,5
23913,6
23914,6
23915,4
23917,5
23918,1
23919,2
23923,1
23924,6
23926,3
23928,0
23929,1
23930,5
23932,1
23933,2
23935,2
23937,6
23939,4
23940,5
23941,1
23942,2
23943,2
23945,1
23946,6
23947,2
23948,0
23951,6
23954,4
23956,1
23957,2
23958,2
23959,4
23960,1
23961,6
23964,0
23966,6
23968,3
23971,1
23972,3
23974,6
23975,4
23976,5
23977,1
23978,5
23981,6
23982,5
23983,2
23985,0
23986,1
23987,5
23988,1
23989,5
23991,5
23993,4
23994,5
23996,6
23998,5
23999,0
24000,6
24001,1
24003,1
24004,4
24005,1
24006,2
24008,5
24009,4
24011,1
24013,5
24014,4
24015,3
24017,1
24020,2
24021,5
24022,0
24024,1
24025,1
24027,0
24028,2
24029,1
24030,2
24031,2
24032,1
24034,2
24035,2
24036,2
24037,1
24038,2
24040,0
24041,6
24042,2
24043,6
24044,5
24045,1
24049,6
24050,1
24051,4
24052,6
24053,0
24054,0
24055,5
24056,3
24057,0
24058,4
24059,2
24060,1
24061,1
24063,1
24064,1
24065,1
24067,6
24068,3
24069,2
24070,1
24072,1
24073,6
24076,4
24080,2
24081,2
24082,1
24084,3
24086,1
24088,3
24090,1
24092,2
24094,6
24095,2
24096,2
24097,5
24098,2
24099,3
24100,6
24101,2
24103,2
24104,0
24105,6
24106,3
24107,1
24108,1
24109,4
24110,2
24111,2
24112,1
24114,2
24115,4
24117,2
24120,0
24121,2
24123,1
24125,0
24127,1
24128,2
24129,6
24130,5
24131,1
24134,3
24135,5
24136,6
24137,4
24138,6
24139,3
24140,0
24141,3
24143,5
24144,2
24148,4
24150,2
24151,5
24153,6
24154,2
24157,1
24158,6
24159,4
24160,5
24162,1
24164,0
24165,4
24166,6
24167,0
24168,6
24169,2
24170,1
24171,2
24173,1
24174,6
24177,0
24178,1
24179,1
24180,5
24182,6
24183,0
24184,4
24185,1
24186,2
24187,6
24189,4
24190,4
24191,2
24192,3
24193,2
24194,3
24195,4
24197,2
24198,1
24199,4
24201,4
24203,6
24204,5
24205,1
24206,0
24209,6
24210,1
24211,0
24213,5
24214,5
24216,1
24217,3
24218,1
24219,0
24220,1
24221,0
24222,1
24223,0
24224,5
24225,6
24226,5
24228,1
24229,6
24230,2
24231,1
24232,2
24233,4
24235,2
24236,3
24237,4
24238,3
24239,4
24240,0
24241,4
24242,5
24243,0
24244,2
24246,6
24247,4
24250,3
24252,2
24253,5
24254,4
24255,2
24256,2
24257,1
24258,2
24259,2
24260,0
24262,5
24264,2
24265,5
24266,4
24267,1
24268,2
24269,0
24271,0
24272,2
24273,5
24274,2
24275,5
24278,0
24280,3
24282,2
24283,3
24285,5
24286,1
24287,2
24288,0
24290,0
24291,2
24292,1
24294,0
24295,5
24296,3
24299,4
24300,4
24301,1
24302,1
24303,0
24304,5
24305,3
24307,1
24312,1
24313,1
24314,6
24317,3
24318,2
24319,2
24320,1
24321,1
24322,6
24323,1
24324,5
24325,6
24327,0
24328,6
24329,1
24330,6
24331,6
24332,2
24333,1
24334,2
24335,2
24337,3
24342,2
24343,6
24344,1
24350,3
24351,2
24353,2
24354,6
24355,1
24357,2
24359,3
24363,2
24364,1
24365,6
24367,1
24368,1
24371,4
24372,0
24374,0
24375,6
24376,5
24378,1
24380,5
24381,3
24383,6
24384,5
24388,5
24389,3
24390,2
24392,1
24393,5
24396,2
24397,2
24399,0
24400,1
24401,1
24402,4
24405,0
24406,5
24409,6
24411,4
24412,6
24413,2
24414,2
24415,2
24416,5
24418,4
24419,1
24420,1
24421,4
24423,1
24424,2
24425,3
24426,0
24427,2
24431,2
24432,1
24434,3
24436,1
24439,6
24440,0
24441,4
24443,2
24446,2
24448,1
24449,2
24450,4
24451,2
24452,2
24453,2
24455,5
24457,2
24459,3
24460,3
24461,2
24462,5
24464,6
24466,2
24469,2
24471,2
24473,2
24476,4
24478,1
24479,2
24480,3
24481,6
24482,2
24483,5
24484,5
24485,3
24486,5
24487,2
24488,2
24489,6
24490,5
24491,6
24492,6
24493,4
24494,3
24495,2
24496,1
24497,1
24498,2
24500,4
24501,4
24502,6
24503,2
24504,2
24505,6
24506,5
24507,4
24508,1
24509,2
24512,1
24513,3
24515,2
24516,2
24517,5
24518,6
24520,3
24521,5
24522,2
24523,0
24524,1
24526,6
24527,2
24528,3
24529,5
24531,2
24532,2
24533,6
24534,0
24535,2
24536,0
24537,1
24538,5
24539,5
24540,2
24541,5
24542,4
24545,1
24546,0
24548,2
24549,2
24550,6
24552,0
24553,2
24557,1
24558,1
24560,2
24561,0
24562,1
24563,2
24564,5
24566,6
24567,2
24568,1
24570,6
24572,5
24573,2
24574,2
24575,5
24576,4
24581,4
24582,0
24583,2
24584,4
24585,2
24588,0
24590,6
24591,0
24592,2
24595,1
24596,1
24597,1
24598,0
24600,5
24603,4
24605,3
24606,1
24607,5
24608,3
24610,5
24611,2
24613,1
24614,6
24616,1
24618,3
24619,1
24620,5
24621,0
24622,1
24625,1
24627,0
24628,5
24629,4
24632,4
24634,2
24636,5
24637,6
24640,4
24641,5
24643,0
24645,1
24647,3
24648,4
24649,1
24650,3
24652,3
24655,4
24656,0
24657,5
24659,2
24660,3
24661,5
24662,0
24663,5
24664,5
24665,6
24667,1
24668,4
24670,5
24672,3
24673,1
24675,2
24677,6
24678,2
24680,3
24681,2
24685,6
24687,3
24688,1
24689,2
24690,2
24691,3
24692,2
24693,6
24694,2
24696,3
24697,2
24698,5
24701,5
24703,1
24705,2
24707,1
24708,2
24709,4
24710,5
24711,2
24712,5
24715,6
24717,2
24719,1
24720,3
24721,2
24722,5
24724,1
24727,1
24728,3
24731,6
24732,1
24734,0
24735,1
24737,2
24738,3
24739,1
24740,0
24741,1
24742,4
24743,1
24745,2
24746,1
24747,5
24748,3
24749,5
24750,3
24753,2
24754,1
24755,2
24757,4
24759,3
24762,1
24765,1
24766,2
24767,3
24768,2
24769,1
24770,5
24771,5
24772,1
24773,6
24774,5
24775,1
24777,5
24778,2
24779,5
24782,1
24783,5
24784,5
24786,2
24788,6
24789,0
24793,5
24794,0
24796,1
24797,5
24800,1
24801,2
24802,3
24803,1
24805,1
24807,1
24810,4
24811,6
24812,2
24814,0
24815,2
24816,1
24817,0
24818,5
24819,3
24820,6
24821,3
24827,2
24828,1
24829,3
24830,1
24831,5
24833,5
24835,5
24836,5
24837,3
24838,2
24839,2
24840,1
24841,3
24844,4
24845,6
24846,1
24847,2
24848,5
24849,1
24850,3
24852,5
24853,2
24854,2
24855,5
24858,3
24859,2
24860,6
24863,0
24864,2
24865,0
24866,5
24870,0
24872,0
24874,5
24875,1
24876,1
24877,2
24878,2
24880,6
24881,2
24882,4
24883,5
24886,6
24887,2
24889,5
24892,5
24893,0
24894,2
24897,4
24899,5
24900,5
24901,2
24904,3
24905,3
24906,3
24907,1
24908,5
24911,0
24913,2
24916,1
24917,3
24918,4
24919,1
24920,1
24922,4
24923,0
24924,5
24927,3
24928,1
24929,6
24930,1
24931,2
24932,5
24933,0
24934,4
24935,3
24937,1
24938,1
24939,2
24942,4
24943,6
24944,2
24945,6
24948,1
24950,4
24952,6
24953,6
24954,3
24956,1
24959,6
24960,6
24961,4
24963,2
24964,5
24965,2
24967,3
24969,1
24970,5
24971,1
24973,5
24974,6
24975,1
24976,2
24979,3
24980,0
24981,1
24982,5
24983,2
24984,2
24985,6
24987,5
24990,0
24991,2
24993,2
24994,2
24995,3
25001,1
25006,5
25008,2
25009,6
25010,1
25011,6
25013,1
25014,6
25015,3
25016,3
25017,3
25021,0
25023,3
25024,1
25025,2
25027,2
25028,6
25029,4
25031,3
25032,2
25037,4
25040,1
25042,0
25047,6
25048,2
25049,4
25053,1
25054,3
25055,0
25056,1
25057,4
25059,2
25060,5
25065,0
25066,4
25067,5
25068,0
25069,6
25070,3
25072,3
25073,2
25075,0
25077,2
25078,2
25079,2
25080,1
25081,6
25083,3
25084,4
25085,3
25086,5
25087,1
25088,5
25090,2
25093,2
25095,5
25096,4
25097,1
25099,1
25100,1
25104,5
25105,6
25106,4
25107,2
25108,5
25109,1
25110,5
25111,5
25112,1
25115,0
25116,5
25117,2
25118,4
25119,2
25120,2
25121,4
25123,6
25124,2
25125,3
25127,1
25129,2
25130,0
25131,1
25132,2
25133,5
25134,1
25135,1
25136,0
25137,0
25138,5
25139,5
25141,2
25143,2
25144,1
25147,0
25148,6
25152,2
25153,5
25154,1
25155,1
25156,4
25157,1
25158,2
25159,6
25160,4
25161,1
25162,4
25163,0
25164,4
25165,4
25168,2
25169,6
25170,2
25172,6
25173,3
25174,2
25175,5
25176,2
25177,1
25178,3
25179,5
25180,1
25182,2
25184,4
25187,3
25188,3
25189,3
25190,2
25191,2
25192,4
25193,1
25194,2
25195,5
25196,4
25199,6
25200,3
25201,4
25203,1
25204,1
25205,6
25207,4
25209,6
25210,6
25211,1
25212,1
25213,2
25214,5
25216,3
25217,5
25218,3
25222,2
25223,6
25224,5
25226,4
25228,0
25229,2
25231,4
25232,6
25233,2
25235,0
25236,1
25238,4
25239,1
25240,2
25241,4
25242,2
25243,5
25244,6
25245,5
25247,2
25248,4
25251,4
25254,5
25255,0
25256,5
25257,2
25259,2
25261,2
25262,2
25264,1
25265,2
25267,5
25269,5
25271,4
25272,3
25276,6
25277,1
25278,1
25279,1
25280,0
25281,2
25282,1
25283,2
25284,4
25285,3
25286,1
25287,4
25288,2
25289,6
25291,2
25292,6
25293,5
25294,4
25295,1
25296,6
25297,1
25300,6
25301,2
25302,6
25306,3
25307,2
25308,3
25309,6
25310,5
25311,1
25312,4
25313,2
25315,1
25317,1
25319,0
25321,2
25323,6
25324,2
25325,2
25326,4
25327,2
25328,1
25329,1
25330,3
25331,5
25332,6
25333,2
25334,2
25336,1
25337,1
25338,1
25340,1
25341,4
25343,0
25344,1
25345,3
25346,1
25347,2
25348,1
25349,0
25350,0
25351,1
25353,4
25354,0
25355,3
25357,3
25358,6
25359,4
25360,1
25361,2
25362,5
25363,2
25364,3
25366,2
25367,0
25368,1
25370,1
25373,2
25374,3
25375,4
25376,2
25377,4
25379,1
25380,0
25381,1
25382,6
25383,1
25384,1
25385,1
25386,4
25387,2
25390,2
25391,2
25395,2
25396,0
25398,3
25399,1
25402,6
25403,3
25404,0
25405,4
25408,5
25409,6
25412,2
25414,1
25417,5
25418,2
25419,2
25421,5
25424,1
25425,0
25426,4
25427,3
25428,1
25430,2
25431,1
25433,5
25436,2
25437,0
25438,0
25439,0
25441,2
25442,5
25443,2
25445,3
25446,2
25448,1
25451,6
25452,0
25453,6
25454,4
25455,3
25457,1
25458,0
25459,3
25461,3
25463,1
25464,5
25465,0
25466,5
25469,5
25470,1
25471,1
25473,4
25474,0
25475,1
25476,6
25477,1
25478,2
25479,6
25480,4
25482,2
25486,2
25488,2
25489,1
25490,2
25491,4
25492,5
25493,4
25494,4
25495,2
25496,1
25498,0
25499,1
25502,6
25503,1
25504,1
25505,5
25507,6
25508,5
25509,3
25511,4
25512,2
25514,4
25515,4
25516,1
25517,3
25518,5
25520,5
25522,6
25523,2
25524,3
25525,4
25527,3
25528,0
25529,2
25530,3
25534,2
25535,6
25537,4
25540,1
25541,5
25543,2
25544,0
25545,1
25546,1
25547,0
25548,2
25549,2
25550,5
25551,1
25552,4
25553,5
25555,5
25556,5
25557,1
25558,5
25559,0
25560,4
25561,1
25562,2
25564,3
25565,2
25566,0
25567,4
25570,5
25571,6
25574,4
25575,6
25577,2
25578,1
25579,5
25580,1
25582,4
25585,5
25586,5
25587,2
25589,2
25590,3
25591,2
25593,5
25594,2
25595,3
25596,0
25597,0
25598,6
25599,6
25602,5
25603,1
25604,0
25605,2
25606,6
25607,3
25608,2
25610,0
25611,4
25613,0
25616,2
25617,5
25619,3
25620,2
25622,5
25623,4
25624,0
25625,1
25626,2
25627,4
25629,0
25631,5
25633,1
25634,5
25635,1
25636,4
25637,1
25639,2
25640,1
25641,1
25642,5
25643,4
25644,3
25645,5
25647,4
25648,2
25649,1
25650,0
25651,5
25652,4
25653,1
25654,1
25655,4
25656,1
25657,3
25658,1
25659,4
25661,0
25662,5
25664,4
25665,4
25666,6
25668,1
25669,3
25670,1
25672,3
25673,6
25674,1
25675,6
25676,3
25677,0
25678,5
25679,6
25680,2
25682,0
25683,3
25685,0
25686,1
25687,6
25692,6
25694,1
25696,2
25698,2
25699,5
25700,2
25701,5
25704,2
25705,4
25708,2
25709,5
25710,3
25711,4
25712,3
25713,1
25714,2
25715,0
25717,2
25718,4
25719,1
25720,2
25721,2
25722,4
25723,5
25725,5
25727,1
25730,1
25731,3
25732,0
25733,5
25734,4
25735,2
25736,3
25737,1
25738,4
25739,5
25741,5
25743,1
25745,4
25746,4
25747,5
25748,0
25751,0
25754,5
25755,2
25756,1
25759,1
25761,6
25762,6
25763,2
25764,1
25766,1
25767,4
25768,1
25769,2
25771,1
25772,6
25773,2
25774,5
25776,0
25777,4
25778,3
25780,2
25781,2
25783,2
25786,1
25790,1
25791,4
25792,5
25793,2
25795,3
25796,0
25798,4
25799,4
25800,5
25803,6
25804,5
25805,3
25806,0
25807,2
25808,6
25810,5
25811,1
25814,2
25815,4
25816,6
25817,2
25818,4
25819,6
25820,1
25821,0
25822,5
25824,1
25826,6
25827,6
25828,6
25829,0
25830,1
25831,1
25832,2
25834,3
25835,2
25836,5
25837,6
25838,1
25841,6
25842,5
25843,5
25844,2
25845,2
25846,2
25848,2
25849,1
25853,3
25854,4
25855,2
25857,1
25858,1
25859,3
25860,1
25862,0
25864,4
25865,4
25867,1
25871,5
25872,0
25874,1
25876,1
25877,1
25878,2
25879,0
25880,3
25882,3
25883,3
25884,3
25886,1
25888,4
25889,2
25890,3
25891,1
25892,1
25894,2
25895,1
25897,4
25900,2
25902,5
25904,6
25907,1
25908,4
25909,6
25910,4
25911,0
25912,1
25913,2
25914,3
25915,1
25916,6
25921,5
25922,1
25924,4
25925,2
25926,5
25927,3
25930,5
25931,4
25932,0
25933,0
25935,1
25936,5
25937,2
25939,5
25941,5
25943,1
25944,2
25947,5
25949,0
25950,2
25951,3
25952,6
25953,3
25954,2
25955,1
25957,0
25958,4
25959,0
25960,1
25961,5
25963,0
25964,3
25965,1
25967,2
25968,1
25970,2
25971,2
25972,6
25973,1
25974,3
25975,2
25977,2
25978,0
25979,1
25980,2
25981,1
25983,6
25984,1
25985,2
25988,5
25989,2
25990,2
25991,3
25993,1
25996,5
25997,0
26000,5
26001,2
26002,5
26003,2
26004,5
26005,1
26007,1
26008,1
26009,3
26012,2
26013,5
26014,6
26015,1
26016,3
26017,2
26018,1
26019,5
26020,2
26023,1
26024,3
26026,3
26027,1
26028,1
26029,5
26030,2
26031,5
26032,5
26033,2
26035,1
26036,6
26037,3
26038,3
26039,6
26041,0
26043,1
26044,1
26045,2
26046,6
26047,5
26048,5
26049,6
26050,2
26051,4
26052,6
26053,5
26054,2
26058,0
26060,1
26061,2
26062,5
26065,3
26066,1
26067,5
26068,1
26069,2
26070,6
26072,1
26073,1
26074,1
26076,1
26077,0
26078,1
26079,1
26082,2
26083,3
26084,0
26085,4
26086,1
26087,3
26090,1
26092,1
26093,1
26095,1
26097,1
26098,1
26099,1
26100,5
26102,1
26103,1
26104,6
26105,1
26107,0
26108,2
26109,1
26110,1
26113,2
26115,1
26118,1
26119,2
26120,1
26121,5
26122,1
26123,5
26124,2
26125,6
26127,2
26129,1
26130,5
26131,2
26132,0
26133,2
26135,1
26136,4
26137,4
26139,5
26140,5
26141,1
26143,2
26144,0
26145,0
26147,5
26148,0
26149,4
26150,2
26151,2
26152,0
26153,1
26154,3
26155,6
26157,1
26158,2
26159,0
26160,1
26162,2
26163,0
26164,4
26165,3
26166,6
26167,2
26169,5
26170,2
26171,5
26173,2
26174,6
26175,1
26177,1
26178,2
26179,6
26180,5
26181,3
26182,0
26183,3
26185,2
26187,1
26188,1
26189,4
26190,3
26192,2
26193,2
26194,0
26195,3
26198,2
26201,1
26202,3
26204,6
26205,2
26206,2
26208,0
26209,1
26210,0
26211,6
26212,3
26213,1
26214,1
26215,6
26216,1
26217,2
26219,4
26220,5
26222,1
26223,5
26224,2
26226,0
26227,1
26228,1
26229,4
26230,3
26231,1
26235,2
26236,2
26237,2
26239,2
26240,2
26242,2
26243,1
26244,4
26245,3
26246,5
26248,4
26249,4
26250,5
26253,2
26254,3
26255,2
26257,3
26258,3
26259,4
26260,4
26262,6
26264,5
26265,2
26268,1
26269,1
26272,1
26274,2
26275,4
26276,2
26277,2
26280,1
26281,1
26282,2
26284,6
26285,2
26286,3
26287,2
26288,1
26292,5
26296,4
26297,2
26298,3
26299,0
26300,1
26301,0
26302,6
26303,6
26304,5
26305,4
26306,1
26307,4
26308,3
26310,3
26311,2
26312,2
26314,2
26318,3
26319,3
26320,4
26322,6
26324,0
26326,1
26327,1
26328,6
26329,4
26330,3
26331,2
26332,0
26334,4
26335,3
26337,0
26343,4
26344,1
26345,5
26346,1
26348,1
26350,2
26351,0
26352,3
26354,0
26355,2
26356,0
26357,2
26359,1
26360,1
26362,1
26363,1
26365,2
26367,1
26368,1
26369,1
26370,2
26371,2
26373,2
26375,2
26376,6
26377,6
26378,6
26379,3
26380,2
26381,2
26383,6
26384,5
26385,2
26386,4
26387,4
26388,3
26392,4
26393,2
26396,2
26397,6
26398,0
26399,2
26400,2
26401,4
26403,4
26404,0
26405,1
26407,1
26409,3
26411,4
26412,5
26413,1
26414,5
26417,1
26418,2
26419,5
26420,1
26421,5
26422,3
26423,4
26424,5
26425,5
26426,2
26427,3
26429,3
26430,0
26431,0
26433,2
26434,5
26435,4
26436,3
26438,1
26439,0
26440,2
26441,6
26442,2
26446,3
26447,2
26448,5
26449,2
26451,6
26452,4
26453,5
26454,1
26455,3
26456,5
26459,1
26463,6
26465,2
26467,4
26468,4
26469,0
26470,3
26471,2
26475,6
26476,0
26477,3
26478,6
26479,6
26481,6
26482,1
26483,1
26484,5
26489,2
26491,4
26493,6
26494,3
26495,6
26496,5
26497,3
26498,6
26500,4
26501,4
26502,2
26504,2
26505,1
26506,5
26508,2
26509,0
26510,2
26511,0
26512,5
26513,5
26514,2
26515,6
26516,3
26517,4
26519,5
26520,5
26521,1
26523,2
26524,1
26526,2
26527,2
26528,6
26529,5
26530,4
26532,5
26534,5
26535,1
26536,5
26538,5
26539,4
26540,0
26541,5
26542,1
26543,1
26544,0
26546,5
26547,4
26549,3
26550,6
26552,1
26553,2
26554,5
26555,6
26557,6
26558,4
26559,2
26560,2
26561,0
26562,1
26564,1
26565,3
26566,1
26567,1
26569,4
26570,0
26571,2
26572,3
26576,2
26577,1
26578,5
26579,3
26580,2
26581,1
26582,2
26584,2
26585,5
26586,6
26588,3
26589,3
26591,1
26592,3
26593,0
26594,5
26595,4
26596,6
26597,0
26598,5
26600,0
26602,3
26603,1
26604,6
26605,4
26606,2
26608,2
26609,1
26610,3
26612,1
26614,2
26615,2
26618,3
26619,5
26620,4
26622,4
26624,1
26626,4
26628,3
26630,2
26631,2
26633,4
26634,0
26638,1
26639,1
26640,5
26641,0
26643,6
26646,1
26647,6
26648,1
26649,1
26650,2
26651,6
26655,4
26656,4
26657,3
26658,6
26660,0
26661,6
26662,1
26663,1
26664,1
26666,1
26668,3
26669,0
26670,4
26673,3
26675,4
26676,3
26677,2
26678,5
26679,0
26680,3
26681,2
26682,6
26683,5
26684,0
26685,2
26686,6
26687,6
26689,1
26690,2
26692,0
26693,4
26694,6
26695,3
26696,5
26698,1
26699,4
26700,5
26701,1
26703,3
26704,0
26706,6
26707,0
26709,2
26710,1
26711,2
26713,5
26716,4
26717,2
26718,5
26720,3
26721,6
26722,2
26723,3
26725,3
26726,4
26727,2
26729,4
26730,2
26731,0
26732,1
26733,0
26735,1
26736,6
26737,6
26738,5
26739,1
26741,5
26742,4
26743,1
26744,6
26745,3
26746,0
26747,4
26748,2
26749,1
26753,2
26754,3
26756,0
26760,1
26763,0
26764,5
26765,2
26766,1
26767,1
26768,3
26769,0
26771,5
26773,1
26774,2
26775,5
26776,2
26779,0
26780,5
26781,4
26783,0
26785,2
26786,3
26791,3
26792,5
26793,0
26794,4
26795,5
26798,4
26799,1
26800,6
26803,2
26804,6
26806,4
26808,2
26809,2
26810,2
26811,4
26813,1
26815,4
26816,3
26817,2
26818,1
26822,4
26824,2
26825,5
26826,3
26827,4
26828,2
26829,3
26830,6
26832,5
26834,1
26835,1
26837,5
26839,4
26840,4
26841,6
26843,1
26845,2
26846,0
26847,4
26849,4
26850,2
26852,1
26853,0
26855,0
26858,1
26864,5
26866,1
26867,1
26869,5
26871,2
26872,1
26874,3
26878,1
26879,3
26880,6
26881,1
26882,1
26883,2
26884,4
26885,3
26889,2
26891,6
26893,6
26896,2
26897,0
26898,5
26900,1
26901,1
26903,3
26904,2
26907,2
26908,1
26909,1
26910,1
26913,1
26914,2
26915,2
26916,5
26919,2
26921,6
26922,5
26923,2
26924,4
26926,1
26928,5
26930,2
26931,0
26932,4
26933,1
26934,1
26935,0
26936,5
26938,1
26940,3
26941,6
26942,1
26945,5
26946,1
26948,0
26952,2
26953,6
26954,6
26955,5
26957,0
26958,5
26960,4
26961,3
26964,2
26965,2
26968,5
26970,5
26972,3
26973,4
26974,3
26976,1
26977,2
26979,3
26980,0
26982,6
26983,1
26984,4
26986,2
26987,3
26988,1
26991,0
26992,2
26993,1
26994,1
26995,2
26996,2
26997,3
26998,6
26999,4
27003,4
27004,1
27005,4
27006,2
27007,2
27008,2
27009,4
27011,5
27012,1
27013,4
27014,3
27015,0
27016,2
27017,2
27019,2
27020,4
27022,4
27023,4
27024,2
27026,1
27028,6
27029,3
27030,3
27031,1
27032,2
27033,2
27034,2
27035,5
27036,2
27037,5
27038,6
27039,2
27041,5
27042,3
27044,1
27045,4
27046,4
27047,6
27048,1
27049,2
27050,0
27052,1
27053,5
27054,1
27055,3
27058,5
27059,2
27060,2
27062,2
27064,1
27065,3
27066,1
27067,2
27068,3
27069,5
27071,4
27072,6
27076,1
27077,2
27078,4
27079,5
27080,5
27081,5
27082,2
27083,1
27084,6
27086,2
27087,6
27088,3
27091,0
27092,3
27093,6
27094,5
27096,0
27097,1
27098,2
27099,6
27101,1
27102,6
27103,1
27104,5
27106,2
27108,3
27110,5
27111,4
27112,0
27113,2
27115,3
27116,6
27117,0
27120,5
27121,4
27122,1
27123,6
27124,1
27125,6
27126,0
27128,1
27129,4
27130,4
27133,5
27134,6
27135,2
27136,3
27137,3
27138,6
27140,1
27141,1
27142,2
27143,6
27144,5
27145,2
27146,1
27147,2
27148,0
27149,4
27150,1
27151,2
27152,6
27153,0
27154,5
27155,6
27157,6
27158,1
27159,5
27161,5
27163,1
27164,1
27165,1
27167,1
27169,4
27170,0
27171,6
27172,5
27173,2
27174,2
27175,5
27176,2
27177,2
27178,1
27179,1
27180,3
27182,6
27184,6
27186,1
27187,1
27188,4
27190,2
27191,1
27192,1
27193,5
27194,5
27195,3
27196,3
27202,5
27203,5
27206,4
27207,0
27209,1
27210,4
27211,1
27213,1
27214,1
27215,3
27216,6
27217,6
27218,6
27221,6
27222,4
27223,2
27224,2
27226,2
27230,2
27231,4
27232,3
27234,4
27236,2
27237,2
27239,1
27240,5
27241,4
27243,2
27247,4
27248,1
27251,1
27252,6
27253,3
27255,3
27257,6
27261,6
27262,1
27263,1
27264,0
27265,4
27266,2
27267,4
27268,3
27269,4
27270,1
27271,1
27272,0
27273,0
27274,0
27275,6
27276,4
27277,3
27279,1
27281,0
27282,1
27283,2
27285,5
27287,1
27289,5
27290,3
27291,3
27292,2
27293,1
27294,1
27295,2
27296,1
27297,1
27299,3
27302,5
27305,5
27306,3
27307,4
27308,2
27309,2
27310,5
27311,1
27312,6
27315,5
27316,0
27320,1
27322,3
27323,1
27326,2
27328,5
27329,1
27330,4
27331,1
27333,2
27334,3
27335,5
27336,4
27337,2
27338,0
27339,2
27340,3
27341,1
27342,0
27343,4
27344,5
27345,1
27347,1
27348,1
27349,1
27351,1
27353,0
27354,2
27356,4
27359,0
27363,5
27364,1
27365,1
27367,2
27369,2
27370,5
27371,1
27372,3
27373,0
27374,1
27375,1
27376,1
27377,2
27379,1
27380,0
27381,5
27382,4
27383,3
27384,3
27385,1
27386,5
27387,2
27388,3
27389,5
27390,0
27391,3
27392,3
27394,4
27395,4
27397,5
27401,1
27402,3
27403,2
27407,5
27408,2
27411,5
27412,5
27413,5
27415,0
27416,4
27417,1
27418,1
27420,2
27421,5
27424,1
27425,1
27426,3
27427,5
27428,3
27429,2
27431,4
27432,3
27434,5
27435,2
27436,3
27438,4
27439,5
27440,5
27441,6
27442,3
27444,5
27445,2
27448,5
27449,4
27450,2
27451,3
27453,1
27454,3
27455,1
27456,5
27458,6
27459,2
27461,0
27462,3
27463,1
27465,2
27467,6
27468,1
27469,6
27471,1
27472,6
27473,6
27474,6
27475,1
27477,1
27479,6
27481,3
27482,2
27483,2
27484,4
27485,2
27486,0
27487,3
27489,3
27491,6
27493,2
27494,1
27495,4
27496,5
27498,4
27499,0
27500,0
27501,4
27505,3
27506,0
27507,6
27508,5
27513,1
27515,2
27516,2
27517,6
27518,2
27519,2
27520,3
27521,2
27522,4
27523,3
27525,4
27526,2
27527,0
27529,1
27530,1
27531,5
27533,5
27535,1
27536,5
27538,4
27539,2
27541,0
27542,5
27544,1
27545,2
27546,3
27548,6
27550,0
27551,1
27552,6
27553,3
27554,1
27555,5
27557,0
27558,5
27559,4
27560,4
27561,1
27562,3
27563,2
27565,1
27566,5
27567,2
27569,0
27570,2
27573,1
27575,2
27576,1
27577,2
27578,5
27579,5
27580,1
27582,5
27584,2
27585,2
27587,2
27588,2
27589,4
27590,2
27591,5
27592,4
27593,1
27594,2
27595,0
27596,2
27598,1
27599,2
27600,1
27603,1
27605,6
27606,1
27607,2
27608,2
27609,6
27610,4
27613,1
27614,2
27616,5
27617,5
27618,1
27620,1
27621,1
27622,2
27623,4
27626,3
27629,2
27631,1
27633,2
27636,1
27637,1
27638,0
27639,6
27641,6
27643,2
27644,4
27646,4
27647,2
27648,5
27649,2
27650,4
27651,3
27652,1
27654,5
27655,4
27656,2
27657,2
27658,0
27662,5
27663,4
27666,3
27667,2
27668,1
27670,2
27672,5
27674,3
27675,6
27676,2
27679,5
27680,5
27682,6
27685,2
27686,3
27687,2
27688,0
27689,1
27690,1
27691,5
27692,1
27695,2
27697,4
27698,1
27699,5
27700,3
27701,1
27703,1
27704,5
27706,0
27707,5
27708,1
27709,6
27710,2
27711,1
27712,2
27713,5
27714,4
27715,6
27716,5
27717,3
27718,5
27719,2
27720,5
27722,3
27724,4
27725,4
27726,3
27727,2
27728,1
27731,1
27732,5
27733,6
27734,0
27736,1
27737,6
27739,1
27740,1
27742,1
27744,2
27746,5
27747,5
27748,3
27749,0
27750,4
27756,5
27757,2
27758,5
27759,2
27761,0
27763,3
27764,2
27766,4
27767,0
27769,3
27771,1
27772,2
27774,1
27776,2
27777,5
27779,2
27781,6
27782,0
27783,3
27784,5
27785,6
27789,1
27790,4
27792,2
27793,6
27796,2
27797,3
27798,3
27799,5
27800,4
27802,3
27803,3
27804,2
27805,2
27807,1
27808,0
27809,5
27811,5
27814,2
27815,4
27816,6
27817,2
27818,3
27819,1
27821,1
27822,1
27823,4
27824,2
27825,2
27828,1
27831,2
27832,5
27833,6
27834,5
27835,4
27837,1
27839,2
27841,2
27842,5
27844,1
27846,4
27848,6
27849,6
27850,2
27851,5
27852,0
27853,1
27855,0
27856,2
27858,2
27859,5
27860,6
27861,1
27863,1
27864,3
27867,1
27869,1
27871,3
27872,3
27873,2
27875,2
27877,3
27878,1
27879,6
27880,4
27881,3
27882,2
27883,5
27885,2
27887,3
27889,2
27891,1
27892,2
27893,2
27894,3
27895,1
27898,4
27900,2
27901,2
27904,1
27905,1
27906,1
27907,5
27908,1
27910,3
27911,0
27912,0
27913,3
27917,1
27918,2
27919,1
27921,6
27922,2
27923,1
27924,4
27928,2
27931,4
27933,1
27934,2
27935,6
27937,2
27938,1
27939,0
27940,1
27943,6
27947,0
27948,5
27950,1
27951,4
27953,0
27954,3
27955,6
27959,2
27965,2
27966,0
27967,5
27969,2
27970,6
27974,2
27975,2
27976,4
27977,0
27979,2
27980,6
27982,2
27983,5
27984,1
27985,5
27986,1
27987,6
27988,6
27989,1
27990,1
27992,5
27993,5
27994,1
27997,1
28000,5
28001,2
28002,6
28005,6
28006,3
28007,0
28008,6
28009,1
28011,2
28014,4
28018,6
28020,3
28021,6
28022,6
28023,5
28024,4
28026,2
28028,2
28029,1
28030,4
28031,2
28032,1
28034,5
28036,3
28038,4
28039,2
28040,2
28041,1
28042,5
28045,2
28046,2
28047,2
28049,0
28050,5
28052,1
28053,0
28054,2
28055,6
28056,2
28057,6
28058,1
28059,6
28060,1
28061,1
28063,6
28065,2
28066,5
28067,1
28068,2
28069,4
28072,3
28074,6
28075,5
28076,1
28079,1
28080,5
28081,4
28083,1
28085,6
28087,6
28091,6
28092,3
28093,1
28094,1
28095,2
28098,5
28100,2
28101,5
28102,2
28103,2
28104,6
28105,1
28107,6
28108,3
28110,5
28111,5
28112,4
28114,1
28116,5
28118,1
28120,5
28121,0
28122,4
28123,2
28125,4
28126,2
28130,1
28131,6
28132,3
28133,4
28134,5
28135,3
28137,3
28140,5
28141,4
28142,1
28143,2
28144,0
28146,1
28148,5
28149,1
28150,3
28151,1
28152,1
28153,0
28154,1
28157,3
28158,1
28161,6
28162,1
28164,6
28165,2
28166,0
28167,5
28168,1
28169,1
28170,3
28171,2
28172,4
28173,6
28175,4
28176,2
28177,1
28178,1
28180,3
28181,6
28182,1
28183,5
28184,2
28185,1
28186,1
28187,4
28192,0
28193,5
28194,3
28195,0
28198,2
28199,4
28200,2
28201,4
28203,1
28204,2
28205,2
28206,3
28208,6
28209,0
28210,1
28211,1
28212,1
28213,0
28214,0
28215,0
28216,3
28217,6
28219,4
28220,3
28221,2
28223,5
28224,2
28227,4
28228,3
28229,6
28230,0
28231,1
28232,3
28233,3
28234,2
28235,3
28238,2
28240,6
28241,0
28242,4
28243,6
28244,5
28245,2
28246,0
28247,1
28248,1
28249,6
28250,2
28252,1
28253,6
28254,2
28255,3
28257,4
28259,2
28260,1
28261,6
28262,6
28263,6
28264,5
28265,0
28266,1
28269,5
28270,5
28272,1
28273,0
28274,6
28275,3
28276,1
28277,6
28278,1
28279,5
28280,4
28282,5
28283,4
28284,0
28285,5
28286,1
28288,6
28290,6
28294,1
28295,3
28296,5
28297,2
28298,4
28300,1
28301,5
28302,1
28303,3
28304,1
28305,0
28306,4
28307,1
28308,0
28309,2
28310,0
28312,2
28313,4
28314,3
28315,6
28316,5
28317,4
28321,2
28322,0
28323,2
28326,1
28327,5
28328,0
28329,4
28330,3
28331,5
28332,0
28334,0
28341,3
28342,6
28343,2
28344,0
28345,2
28346,3
28348,6
28349,1
28350,2
28352,3
28353,0
28354,3
28355,2
28358,1
28359,4
28362,4
28363,2
28364,2
28365,4
28366,2
28369,3
28370,1
28371,1
28372,1
28374,1
28375,4
28376,1
28377,5
28379,4
28381,5
28382,6
28383,3
28384,2
28385,3
28387,2
28388,2
28389,1
28391,2
28395,4
28397,6
28398,5
28399,5
28400,1
28403,2
28404,0
28405,5
28406,3
28407,3
28409,5
28410,0
28411,4
28414,5
28415,0
28417,6
28418,4
28419,2
28420,1
28421,1
28422,1
28423,2
28424,2
28425,1
28427,2
28429,5
28431,1
28433,1
28434,3
28435,4
28437,5
28439,3
28440,1
28441,3
28442,4
28444,5
28445,5
28446,1
28447,0
28451,4
28452,0
28453,4
28454,2
28455,3
28456,3
28459,2
28461,1
28462,1
28463,2
28464,3
28465,4
28466,2
28468,5
28469,2
28471,5
28472,1
28473,2
28476,2
28482,5
28483,3
28485,1
28486,4
28487,1
28489,3
28491,5
28492,5
28493,2
28495,0
28497,5
28498,6
28501,5
28504,1
28505,0
28506,2
28507,1
28508,4
28511,2
28512,1
28514,1
28515,2
28516,0
28517,1
28518,3
28521,6
28525,2
28526,2
28527,0
28528,5
28530,1
28531,0
28533,2
28535,1
28537,5
28539,5
28540,1
28542,1
28543,2
28544,5
28545,2
28547,5
28548,5
28549,2
28550,2
28551,1
28552,3
28553,2
28556,3
28557,3
28558,6
28559,4
28560,2
28561,4
28563,2
28564,5
28565,6
28566,0
28567,1
28570,1
28572,1
28573,5
28574,4
28575,3
28576,3
28578,5
28579,4
28582,1
28583,4
28584,1
28585,6
28586,0
28587,2
28588,2
28590,1
28592,5
28593,4
28594,4
28595,2
28596,4
28597,6
28599,2
28600,1
28601,1
28602,3
28603,4
28604,6
28605,1
28607,1
28608,2
28609,1
28612,2
28613,6
28614,1
28615,1
28617,3
28618,1
28619,1
28621,2
28622,1
28624,6
28625,2
28626,5
28629,3
28630,5
28631,1
28632,5
28633,5
28634,2
28635,1
28636,0
28637,2
28639,4
28640,4
28642,4
28643,2
28644,5
28645,5
28647,2
28648,6
28649,2
28650,2
28652,1
28653,1
28655,5
28656,1
28659,1
28660,5
28661,4
28662,1
28663,1
28664,1
28666,2
28667,2
28668,6
28670,2
28671,4
28672,6
28673,4
28674,4
28675,4
28676,5
28678,2
28680,1
28681,2
28684,4
28685,2
28688,5
28689,4
28690,4
28691,6
28693,1
28694,3
28695,2
28696,1
28697,3
28698,4
28699,1
28700,6
28702,1
28706,5
28707,6
28708,1
28709,1
28710,2
28712,6
28713,3
28714,3
28717,2
28718,0
28720,4
28721,2
28722,6
28723,1
28725,2
28727,5
28728,3
28729,3
28730,3
28731,1
28732,1
28733,3
28734,0
28737,3
28738,1
28739,2
28740,5
28742,3
28743,0
28744,3
28746,1
28747,3
28748,0
28749,2
28750,2
28751,2
28752,1
28754,3
28755,3
28757,0
28758,3
28759,2
28760,1
28761,3
28762,5
28763,6
28764,6
28766,1
28767,1
28768,2
28769,2
28771,2
28772,1
28773,5
28775,5
28776,4
28777,2
28778,4
28779,5
28780,1
28781,6
28782,2
28783,1
28785,1
28786,1
28787,4
28788,3
28789,1
28790,2
28793,0
28795,2
28796,5
28798,0
28799,5
28802,1
28804,2
28806,0
28809,0
28810,1
28811,2
28815,5
28816,5
28819,0
28820,3
28822,4
28823,4
28825,2
28826,3
28827,0
28828,0
28829,0
28831,4
28832,1
28834,1
28836,6
28837,1
28839,5
28840,5
28841,5
28844,3
28845,6
28846,6
28847,0
28848,0
28850,1
28851,0
28853,2
28854,5
28856,2
28857,5
28859,6
28860,1
28864,0
28866,3
28867,1
28869,1
28871,4
28872,1
28874,4
28875,2
28877,4
28878,4
28879,2
28880,5
28882,5
28883,2
28884,6
28885,0
28886,1
28887,1
28888,1
28889,5
28890,3
28891,2
28893,3
28894,1
28895,2
28897,2
28899,0
28900,2
28901,4
28903,1
28904,1
28908,6
28909,2
28910,3
28915,1
28916,6
28918,2
28919,5
28921,2
28922,6
28924,6
28926,1
28927,2
28928,5
28929,3
28932,6
28933,2
28934,2
28935,4
28936,4
28938,2
28939,2
28941,1
28942,1
28943,1
28944,5
28947,2
28948,1
28949,0
28950,3
28953,6
28954,4
28955,1
28958,3
28959,2
28962,6
28963,2
28965,6
28966,5
28967,1
28968,5
28969,1
28970,3
28971,1
28973,3
28974,6
28976,4
28977,4
28978,2
28979,2
28980,3
28981,0
28982,0
28984,3
28985,6
28987,6
28989,2
28993,5
28995,2
28996,3
28997,0
28998,2
28999,4
29002,2
29003,1
29004,1
29005,2
29007,4
29009,1
29010,1
29011,1
29012,4
29013,6
29014,1
29016,2
29019,5
29020,5
29021,1
29022,6
29023,3
29024,0
29025,6
29026,6
29027,4
29030,4
29033,4
29034,1
29035,2
29036,1
29037,1
29038,3
29039,4
29040,6
29041,1
29042,2
29043,1
29046,2
29047,2
29048,1
29050,6
29051,1
29053,2
29054,6
29055,5
29057,4
29058,4
29059,3
29061,1
29063,3
29066,6
29069,2
29071,4
29072,2
29073,2
29074,2
29075,6
29076,2
29077,5
29078,0
29079,5
29080,2
29081,4
29082,2
29083,1
29084,2
29085,1
29086,0
29087,4
29089,5
29090,5
29092,5
29094,5
29095,2
29096,4
29097,5
29099,4
29100,4
29102,1
29103,5
29104,5
29105,3
29107,1
29111,2
29112,5
29113,6
29114,2
29116,1
29117,2
29118,2
29119,2
29120,5
29121,3
29122,5
29123,2
29126,1
29127,4
29128,6
29129,3
29130,6
29133,1
29134,3
29135,1
29136,2
29137,5
29139,5
29142,0
29143,5
29144,2
29145,1
29147,4
29148,4
29149,2
29150,6
29151,6
29152,5
29153,5
29157,4
29159,1
29160,3
29161,5
29165,1
29166,6
29167,6
29168,3
29170,0
29171,6
29173,5
29174,1
29175,3
29176,4
29177,5
29178,2
29179,3
29180,0
29181,2
29185,6
29187,5
29189,1
29190,5
29191,5
29193,3
29194,0
29195,4
29196,2
29197,3
29198,2
29200,6
29201,3
29203,1
29204,2
29206,0
29207,5
29208,2
29209,6
29210,6
29211,5
29212,4
29214,0
29216,2
29219,0
29220,5
29221,1
29223,1
29224,6
29225,0
29226,2
29228,2
29230,1
29231,1
29232,2
29234,0
29236,2
29239,2
29240,2
29241,1
29242,3
29243,2
29244,3
29245,2
29246,1
29247,1
29248,1
29249,5
29250,3
29251,4
29252,3
29253,2
29254,4
29255,1
29257,6
29261,1
29262,0
29263,0
29264,1
29265,6
29266,1
29267,4
29268,4
29269,4
29270,1
29271,6
29272,0
29273,0
29274,4
29275,4
29276,1
29277,6
29278,3
29279,2
29281,1
29282,4
29284,2
29285,2
29286,2
29287,1
29289,6
29290,1
29292,2
29294,4
29297,3
29298,2
29299,3
29300,1
29301,3
29302,1
29303,5
29305,5
29307,5
29308,3
29310,2
29311,1
29313,1
29314,6
29315,2
29317,2
29318,5
29319,1
29321,4
29323,4
29324,0
29325,6
29327,2
29328,1
29330,0
29331,5
29332,6
29333,1
29335,5
29338,0
29341,0
29342,2
29343,1
29345,2
29346,3
29347,2
29348,1
29349,0
29350,6
29351,0
29352,2
29353,0
29354,2
29356,5
29359,2
29360,1
29362,1
29363,5
29364,2
29365,0
29366,4
29367,1
29368,2
29369,1
29370,4
29371,1
29372,2
29373,1
29374,0
29375,0
29376,1
29378,1
29379,1
29380,3
29382,3
29383,5
29384,5
29385,1
29386,2
29387,3
29388,1
29389,6
29390,1
29395,5
29396,1
29397,6
29398,2
29399,1
29400,2
29401,1
29402,2
29403,1
29405,6
29406,0
29407,5
29409,3
29410,3
29411,2
29412,1
29413,0
29415,3
29416,3
29418,0
29419,0
29420,2
29421,5
29423,5
29425,1
29427,3
29428,0
29429,0
29430,1
29432,5
29434,6
29435,1
29437,6
29438,6
29442,4
29443,5
29444,2
29445,2
29446,3
29448,4
29449,1
29451,1
29452,1
29453,1
29455,2
29456,5
29457,5
29459,5
29462,0
29463,6
29465,4
29466,6
29467,2
29469,4
29471,2
29472,1
29473,1
29474,1
29476,5
29477,3
29479,6
29480,1
29481,2
29482,2
29483,5
29486,5
29487,4
29488,1
29491,3
29492,0
29495,6
29497,0
29498,5
29502,6
29503,2
29504,2
29505,1
29506,1
29507,5
29508,3
29510,4
29511,3
29513,2
29514,6
29516,0
29517,1
29521,6
29522,2
29523,5
29524,5
29525,1
29526,6
29527,2
29529,6
29532,1
29533,3
29534,4
29540,4
29541,1
29542,3
29543,2
29544,5
29545,2
29546,3
29547,1
29548,0
29551,1
29552,4
29553,6
29555,5
29560,0
29561,5
29562,5
29564,4
29565,2
29567,5
29568,4
29570,6
29571,0
29572,4
29573,1
29574,2
29577,1
29578,0
29579,5
29580,6
29582,5
29584,1
29585,5
29586,3
29587,5
29588,6
29589,6
29590,5
29593,1
29594,5
29595,4
29596,2
29597,2
29598,1
29599,1
29602,3
29605,1
29606,2
29607,5
29608,2
29609,6
29611,6
29612,2
29613,0
29614,3
29615,1
29617,6
29618,2
29619,2
29620,1
29622,2
29623,1
29624,5
29626,0
29627,2
29629,0
29631,1
29632,1
29633,1
29635,3
29637,2
29640,1
29642,2
29644,0
29646,3
29648,3
29649,5
29653,4
29655,1
29656,6
29660,6
29661,1
29662,3
29663,1
29664,5
29666,2
29667,1
29668,1
29672,0
29673,2
29674,4
29675,5
29676,2
29677,3
29678,4
29680,1
29681,3
29683,2
29684,6
29686,5
29687,0
29688,1
29689,2
29691,3
29693,2
29694,2
29695,5
29696,0
29698,5
29699,2
29700,2
29701,5
29703,5
29704,2
29706,1
29707,6
29709,1
29710,3
29711,1
29712,1
29713,2
29715,2
29716,1
29717,4
29720,2
29723,4
29724,4
29725,3
29726,0
29728,2
29729,5
29730,6
29731,6
29732,0
29733,5
29734,1
29735,1
29737,1
29740,2
29741,6
29742,2
29744,1
29746,2
29747,6
29748,2
29749,2
29751,2
29752,6
29753,3
29754,0
29755,2
29756,1
29757,2
29760,1
29762,4
29763,1
29766,2
29768,3
29771,5
29772,0
29773,6
29774,1
29776,5
29777,1
29779,1
29780,1
29782,2
29783,1
29784,3
29785,3
29786,6
29787,4
29789,4
29790,1
29791,2
29792,1
29794,5
29795,2
29797,5
29799,1
29802,1
29805,6
29806,2
29807,2
29808,2
29809,5
29812,1
29817,0
29818,5
29819,5
29820,2
29822,6
29823,5
29824,4
29825,3
29826,2
29827,2
29830,4
29831,4
29833,2
29834,3
29835,3
29836,3
29837,1
29838,2
29839,0
29840,5
29841,2
29842,3
29843,3
29845,6
29847,1
29848,2
29849,6
29850,3
29852,6
29854,2
29855,2
29856,6
29857,1
29858,2
29859,0
29860,1
29865,5
29866,1
29869,1
29872,6
29874,5
29875,3
29876,4
29877,0
29878,1
29880,2
29881,3
29882,5
29884,4
29886,1
29887,2
29889,1
29890,2
29891,1
29892,6
29893,1
29894,4
29895,1
29896,2
29899,6
29900,2
29901,0
29908,1
29909,4
29910,3
29913,5
29914,1
29916,1
29917,5
29918,4
29919,3
29920,5
29921,0
29922,5
29923,2
29924,0
29925,1
29928,4
29930,6
29933,6
29935,0
29936,2
29937,0
29938,2
29940,1
29942,3
29943,5
29945,0
29946,4
29947,5
29948,5
29949,2
29951,3
29952,3
29956,2
29958,1
29959,1
29960,4
29961,5
29962,1
29963,2
29964,0
29965,0
29967,1
29969,5
29970,5
29971,5
29972,2
29974,1
29975,4
29977,2
29978,3
29979,0
29981,1
29983,2
29984,1
29985,5
29987,2
29988,6
29990,1
29991,1
29994,3
29996,6
29997,5
30001,0
30004,2
30005,2
30006,1
30007,4
30008,3
30009,6
30010,5
30011,3
30012,3
30014,1
30015,4
30016,0
30017,0
30018,0
30020,4
30022,3
30023,6
30024,1
30025,0
30027,2
30028,1
30029,3
30031,6
30032,2
30033,2
30034,2
30035,3
30036,4
30038,2
30039,0
30040,1
30041,6
30042,6
30043,1
30044,1
30045,5
30047,5
30048,3
30050,1
30053,2
30054,2
30055,4
30056,3
30057,1
30058,3
30059,1
30060,5
30062,1
30063,1
30064,5
30065,2
30066,6
30067,2
30068,5
30071,2
30072,4
30073,5
30076,4
30077,2
30079,6
30080,6
30081,2
30082,5
30083,2
30084,0
30085,0
30086,4
30087,0
30088,6
30090,4
30092,1
30095,0
30096,3
30097,2
30098,2
30099,3
30101,2
30102,1
30103,1
30104,3
30107,5
30108,1
30110,0
30112,4
30114,6
30115,2
30117,4
30118,5
30120,0
30122,2
30123,5
30124,2
30125,3
30126,1
30127,4
30128,5
30129,2
30130,5
30131,1
30133,5
30135,1
30136,3
30137,2
30139,2
30141,3
30142,4
30143,2
30145,4
30146,1
30147,1
30148,2
30149,5
30150,0
30151,2
30152,5
30153,6
30154,1
30155,1
30156,1
30157,5
30158,3
30159,0
30164,0
30165,3
30167,2
30168,2
30169,2
30170,3
30171,2
30172,0
30173,2
30174,1
30175,0
30176,3
30177,5
30178,3
30179,3
30180,2
30181,1
30183,1
30184,0
30185,1
30186,3
30187,0
30189,1
30190,1
30191,2
30192,6
30193,2
30195,3
30196,2
30198,6
30199,5
30203,1
30204,3
30205,1
30207,5
30209,3
30210,1
30211,1
30213,1
30214,4
30215,1
30217,3
30220,1
30221,1
30222,5
30223,3
30224,1
30225,1
30226,1
30227,1
30228,6
30229,3
30230,1
30231,1
30232,2
30233,2
30234,2
30235,5
30236,0
30237,5
30239,0
30240,3
30241,1
30242,4
30243,5
30244,4
30245,2
30246,1
30247,6
30249,1
30250,4
30251,4
30252,5
30256,1
30259,5
30260,1
30261,2
30262,2
30263,1
30264,3
30266,2
30267,0
30270,4
30272,4
30273,6
30275,2
30276,6
30277,6
30278,0
30280,3
30282,2
30283,6
30284,4
30285,1
30287,4
30288,2
30289,5
30291,5
30293,2
30294,1
30296,2
30297,3
30298,2
30300,3
30301,3
30302,6
30304,2
30305,1
30306,1
30307,3
30308,1
30311,0
30312,4
30313,6
30315,2
30319,2
30320,4
30321,1
30323,0
30324,2
30325,0
30327,1
30328,5
30329,2
30330,2
30332,2
30336,1
30338,5
30339,2
30340,2
30342,1
30343,4
30344,4
30346,5
30347,1
30348,1
30349,2
30350,2
30354,2
30355,6
30356,6
30357,4
30358,1
30360,3
30361,3
30362,2
30363,4
30365,3
30366,1
30368,2
30369,2
30370,6
30371,5
30372,4
30374,1
30375,1
30377,3
30378,3
30379,1
30382,5
30384,4
30385,6
30387,2
30388,0
30389,1
30391,0
30392,5
30393,2
30395,4
30397,1
30399,5
30401,2
30403,1
30405,2
30406,6
30408,6
30410,0
30413,3
30415,1
30417,1
30418,1
30419,3
30421,1
30422,0
30423,2
30424,1
30425,1
30426,3
30427,4
30428,3
30429,2
30430,4
30431,2
30434,0
30435,1
30439,1
30440,1
30442,2
30443,5
30444,0
30446,2
30447,0
30448,3
30449,5
30451,3
30452,6
30453,2
30454,0
30456,1
30458,2
30459,2
30462,1
30463,4
30464,1
30465,2
30467,0
30470,3
30472,1
30474,1
30475,4
30477,5
30478,1
30480,6
30482,1
30483,6
30484,0
30486,4
30488,6
30489,5
30490,1
30491,2
30493,2
30494,2
30495,2
30496,4
30497,3
30498,6
30499,1
30500,4
30501,0
30504,1
30505,1
30508,6
30509,1
30512,4
30513,1
30514,2
30515,2
30517,0
30518,1
30519,2
30523,1
30524,4
30525,3
30527,3
30528,2
30529,5
30530,5
30531,0
30532,6
30533,6
30534,3
30535,5
30536,6
30537,5
30539,1
30541,5
30544,6
30546,1
30547,4
30548,1
30552,6
30553,5
30554,1
30555,1
30556,4
30557,3
30558,1
30560,0
30561,1
30562,0
30565,3
30567,4
30569,2
30570,2
30572,6
30573,2
30574,6
30578,3
30579,4
30580,2
30581,6
30582,5
30583,6
30584,5
30585,2
30586,4
30587,5
30588,1
30589,4
30592,3
30593,2
30594,1
30596,2
30597,0
30599,4
30600,1
30602,3
30603,3
30604,4
30605,3
30606,6
30608,5
30609,5
30610,5
30611,5
30612,4
30614,1
30617,0
30618,4
30619,3
30620,1
30621,6
30624,0
30625,3
30626,3
30628,5
30629,3
30633,0
30634,1
30637,5
30638,5
30639,4
30640,4
30641,3
30642,5
30643,3
30644,2
30645,2
30647,1
30648,2
30651,3
30652,4
30653,5
30654,1
30655,3
30656,5
30658,2
30660,1
30662,4
30663,5
30664,3
30665,1
30666,2
30667,1
30669,5
30670,3
30671,1
30673,2
30674,2
30675,4
30676,1
30677,6
30679,2
30680,5
30681,0
30687,1
30688,4
30689,1
30690,2
30692,2
30693,6
30694,1
30695,1
30696,2
30697,0
30698,1
30699,2
30700,2
30701,1
30702,3
30703,1
30705,4
30707,4
30708,2
30709,2
30710,0
30711,6
30712,4
30713,4
30714,6
30715,4
30716,2
30719,0
30722,5
30723,1
30724,2
30725,2
30726,3
30727,6
30728,2
30730,0
30731,2
30732,3
30733,2
30734,3
30736,2
30737,2
30739,2
30741,1
30742,2
30743,2
30744,2
30748,4
30749,0
30751,6
30753,2
30755,4
30756,5
30757,1
30758,1
30762,4
30763,2
30764,6
30767,5
30770,3
30771,6
30772,1
30773,4
30774,0
30775,2
30776,1
30777,1
30778,3
30781,2
30782,1
30783,3
30784,6
30786,2
30789,3
30790,0
30791,4
30792,0
30793,3
30794,2
30795,4
30796,1
30797,3
30798,1
30799,5
30800,1
30801,2
30802,0
30803,5
30804,0
30805,2
30810,2
30813,1
30814,2
30815,1
30816,3
30817,2
30818,6
30820,3
30821,4
30822,5
30823,2
30827,0
30829,6
30830,6
30831,2
30833,5
30834,6
30835,1
30836,1
30837,6
30838,4
30839,3
30840,2
30841,1
30843,1
30844,3
30845,2
30846,4
30848,2
30849,1
30850,1
30852,0
30853,6
30856,5
30858,1
30860,2
30861,5
30862,3
30864,4
30869,3
30870,0
30872,3
30873,4
30874,1
30875,4
30877,1
30878,2
30880,3
30881,5
30882,2
30884,2
30885,1
30886,1
30887,3
30888,4
30889,6
30890,0
30891,4
30893,2
30895,4
30896,6
30897,2
30898,2
30899,2
30900,2
30904,0
30905,4
30906,4
30907,6
30908,3
30909,2
30910,5
30911,1
30913,2
30914,1
30915,0
30916,3
30917,4
30919,2
30920,4
30921,2
30922,2
30925,1
30926,5
30927,4
30928,4
30929,1
30931,4
30932,2
30933,0
30937,2
30939,0
30940,5
30941,2
30942,4
30943,2
30944,0
30945,5
30947,3
30949,2
30950,2
30951,5
30952,0
30953,1
30954,1
30955,2
30956,3
30957,4
30960,5
30961,2
30962,6
30963,1
30964,1
30966,2
30967,1
30968,2
30969,6
30971,1
30972,1
30973,3
30974,2
30977,5
30979,4
30980,3
30982,2
30983,2
30984,2
30985,4
30986,1
30987,1
30988,2
30989,5
30990,1
30992,1
30993,2
30994,2
30996,5
30997,4
31000,2
31001,6
31003,2
31004,6
31006,3
31007,6
31008,2
31009,2
31010,2
31012,1
31015,1
31017,0
31018,0
31019,0
31020,0
31021,6
31022,2
31026,1
31028,4
31030,1
31031,5
31032,0
31033,2
31034,5
31035,2
31036,2
31037,0
31038,1
31039,3
31040,0
31042,2
31044,2
31047,1
31048,2
31049,5
31056,1
31057,5
31058,4
31061,3
31062,2
31065,5
31066,2
31067,2
31068,2
31069,0
31070,5
31071,4
31072,5
31073,5
31074,1
31075,3
31078,2
31079,4
31080,1
31082,2
31083,0
31084,2
31085,3
31086,2
31088,2
31089,5
31090,4
31091,5
31092,2
31096,3
31097,4
31098,1
31099,6
31100,3
31101,5
31103,4
31104,3
31105,5
31108,5
31109,3
31110,2
31111,5
31112,2
31116,3
31117,2
31118,0
31119,2
31121,5
31122,1
31123,2
31126,5
31127,6
31129,1
31132,2
31133,1
31136,6
31137,6
31138,5
31139,6
31141,5
31142,1
31144,0
31145,5
31147,3
31148,1
31151,3
31152,1
31153,2
31154,6
31155,5
31157,3
31158,3
31160,3
31161,1
31162,3
31163,5
31164,2
31165,1
31166,1
31167,2
31168,2
31170,2
31173,3
31174,4
31175,1
31177,6
31178,5
31180,1
31181,3
31183,6
31184,1
31185,3
31186,4
31188,2
31189,5
31190,4
31191,2
31193,1
31195,2
31196,1
31197,2
31198,1
31199,5
31200,0
31201,4
31202,3
31203,1
31204,1
31205,6
31206,2
31208,2
31209,2
31210,6
31211,1
31212,2
31213,3
31214,1
31215,4
31216,6
31217,2
31218,5
31219,5
31220,3
31222,6
31223,0
31224,2
31225,6
31226,5
31228,4
31229,1
31230,3
31231,1
31233,5
31235,2
31237,2
31240,0
31241,2
31242,1
31243,1
31244,5
31246,5
31247,3
31248,4
31251,1
31253,3
31254,2
31257,4
31258,2
31260,2
31261,4
31262,6
31264,2
31265,2
31266,4
31267,6
31268,0
31269,3
31270,6
31271,5
31272,5
31273,6
31274,3
31275,2
31276,6
31277,3
31278,6
31279,1
31280,1
31281,5
31283,2
31284,4
31285,4
31286,1
31287,1
31288,4
31290,3
31291,5
31292,4
31294,1
31295,5
31296,6
31297,1
31298,1
31299,0
31300,3
31301,3
31303,6
31304,0
31305,2
31307,2
31309,2
31310,2
31312,2
31313,5
31314,0
31317,5
31321,1
31322,2
31323,1
31324,3
31326,2
31328,5
31329,0
31330,0
31332,2
31333,1
31334,2
31336,0
31339,6
31341,1
31342,6
31344,1
31345,6
31346,0
31347,4
31348,3
31349,2
31352,2
31353,1
31355,2
31356,1
31357,5
31359,4
31360,0
31362,6
31363,5
31364,2
31365,5
31369,5
31371,1
31372,2
31374,1
31375,4
31377,2
31378,2
31379,6
31380,2
31381,5
31383,5
31384,5
31385,6
31387,2
31388,4
31390,1
31393,1
31394,3
31395,4
31396,1
31398,3
31399,2
31400,2
31401,4
31402,1
31403,2
31404,2
31405,2
31406,3
31407,5
31409,1
31411,5
31412,2
31413,0
31415,5
31417,5
31418,0
31420,4
31421,4
31422,1
31423,5
31424,3
31425,2
31426,5
31429,4
31431,5
31433,2
31436,0
31438,4
31443,1
31444,1
31445,3
31446,2
31448,2
31449,1
31450,5
31451,2
31452,4
31453,1
31454,1
31455,1
31457,6
31458,1
31459,4
31460,1
31461,5
31463,6
31464,3
31465,5
31466,6
31467,5
31468,2
31469,1
31470,2
31471,2
31472,1
31473,1
31474,1
31476,4
31478,2
31480,0
31481,5
31482,6
31483,2
31485,1
31488,6
31489,1
31490,6
31491,1
31492,4
31493,1
31494,1
31495,1
31496,2
31497,6
31498,1
31499,5
31502,1
31503,4
31504,6
31506,6
31507,2
31508,4
31510,6
31511,2
31512,2
31513,1
31515,2
31517,2
31519,5
31520,6
31521,4
31523,1
31524,1
31525,3
31526,6
31527,4
31528,5
31530,2
31531,4
31533,5
31535,2
31536,4
31537,1
31538,2
31539,6
31540,6
31541,1
31542,5
31543,2
31544,4
31545,0
31547,2
31548,3
31549,5
31552,6
31553,6
31554,6
31555,3
31556,3
31557,1
31558,1
31559,5
31560,6
31561,0
31562,0
31563,2
31564,1
31565,5
31567,2
31568,6
31569,3
31570,6
31571,1
31572,2
31573,2
31574,0
31576,1
31577,2
31579,1
31580,6
31581,4
31584,2
31587,1
31588,4
31589,5
31590,1
31593,2
31594,3
31595,5
31596,0
31597,1
31600,3
31601,6
31605,0
31606,2
31607,5
31608,1
31610,2
31611,1
31612,6
31613,2
31614,0
31615,1
31616,4
31619,6
31620,3
31621,1
31622,5
31623,1
31624,6
31625,0
31626,6
31627,4
31628,1
31629,4
31630,1
31631,4
31632,2
31634,6
31635,0
31637,2
31638,0
31639,2
31642,5
31643,2
31644,6
31645,3
31646,1
31647,6
31648,1
31649,2
31650,1
31651,2
31652,6
31653,5
31654,5
31656,0
31657,4
31658,5
31659,1
31660,6
31661,1
31662,3
31663,3
31664,0
31665,3
31666,6
31667,5
31668,2
31670,1
31671,1
31672,4
31674,1
31677,5
31678,5
31679,2
31681,0
31682,6
31683,4
31684,6
31685,4
31686,2
31687,6
31688,2
31690,5
31691,1
31693,1
31694,0
31695,5
31696,0
31697,2
31699,5
31700,3
31701,6
31702,0
31703,4
31704,4
31705,0
31706,6
31707,1
31708,2
31709,2
31710,3
31712,4
31713,2
31714,2
31716,5
31717,5
31718,2
31720,1
31721,1
31722,4
31723,4
31724,5
31726,3
31727,6
31729,3
31730,5
31732,4
31733,1
31734,1
31736,3
31737,3
31738,1
31739,4
31741,2
31742,3
31743,2
31744,2
31746,1
31750,1
31751,4
31752,3
31754,6
31755,5
31756,4
31757,2
31758,4
31759,6
31760,3
31761,6
31762,1
31765,4
31766,6
31767,6
31768,2
31769,1
31770,6
31771,2
31772,1
31773,2
31774,1
31776,1
31778,2
31779,5
31780,1
31781,3
31782,0
31783,0
31784,4
31786,1
31787,4
31788,2
31789,1
31790,4
31794,2
31797,2
31800,1
31801,1
31802,4
31804,4
31807,2
31808,5
31811,0
31815,2
31818,0
31819,2
31821,2
31823,3
31826,5
31827,3
31828,6
31829,3
31830,1
31831,6
31832,5
31833,6
31834,1
31835,2
31836,6
31838,2
31839,0
31841,0
31842,3
31843,5
31844,6
31846,2
31848,2
31849,6
31850,1
31851,4
31854,6
31855,4
31856,3
31859,2
31860,3
31861,6
31862,1
31863,2
31864,2
31865,6
31866,6
31867,3
31868,1
31870,6
31872,4
31873,2
31874,1
31875,3
31876,1
31877,4
31878,3
31879,5
31881,1
31882,5
31883,3
31884,5
31886,0
31887,1
31889,2
31890,4
31892,1
31893,2
31894,1
31896,1
31897,1
31898,1
31899,3
31900,4
31901,6
31902,2
31903,3
31904,2
31905,2
31907,0
31908,4
31909,6
31910,3
31912,3
31913,2
31916,1
31917,6
31918,3
31920,3
31921,0
31923,1
31924,5
31925,1
31928,3
31929,2
31930,6
31933,5
31934,0
31936,2
31937,1
31938,1
31939,1
31940,6
31941,3
31942,2
31943,1
31944,1
31945,2
31946,1
31947,4
31948,3
31949,0
31951,1
31953,5
31954,0
31956,1
31958,5
31959,6
31960,2
31962,3
31963,2
31964,3
31965,5
31966,5
31970,4
31971,3
31972,5
31974,1
31975,1
31979,4
31980,1
31981,1
31985,3
31988,4
31990,3
31991,2
31992,0
31993,6
31996,6
31997,6
31999,3
32002,3
32004,1
32009,2
32011,0
32012,6
32013,0
32017,5
32021,6
32022,4
32023,1
32025,4
32026,3
32030,3
32031,6
32032,5
32033,2
32034,2
32035,1
32036,6
32037,5
32038,1
32039,3
32040,5
32041,6
32042,2
32043,6
32045,1
32047,1
32049,1
32051,0
32052,2
32053,1
32054,0
32056,1
32058,4
32060,0
32062,5
32063,1
32064,6
32065,2
32067,3
32069,3
32071,6
32072,2
32073,1
32075,1
32079,0
32080,1
32081,2
32082,5
32083,5
32085,3
32086,4
32088,5
32089,2
32090,1
32091,5
32092,0
32093,1
32094,0
32095,2
32096,3
32097,2
32098,3
32099,6
32100,2
32101,3
32103,2
32104,1
32106,1
32107,2
32108,1
32110,1
32111,4
32113,3
32114,2
32115,1
32116,1
32117,3
32118,4
32119,5
32121,2
32124,3
32125,2
32126,3
32128,2
32130,6
32131,0
32132,1
32133,1
32138,4
32139,0
32141,3
32142,1
32145,2
32146,0
32148,4
32149,2
32150,2
32152,5
32153,2
32154,5
32155,5
32157,1
32160,2
32162,1
32164,2
32165,2
32166,6
32168,1
32169,0
32170,6
32171,1
32172,2
32174,1
32175,0
32176,5
32177,6
32178,0
32179,5
32182,4
32185,4
32187,3
32188,1
32189,0
32190,2
32192,6
32194,4
32195,2
32196,5
32199,5
32200,4
32202,3
32204,4
32205,2
32206,2
32209,6
32210,6
32211,5
32212,1
32213,0
32214,6
32215,2
32216,0
32217,3
32218,4
32219,5
32221,6
32223,2
32224,3
32226,6
32229,3
32230,5
32231,2
32232,1
32233,6
32235,5
32237,5
32238,1
32239,4
32240,1
32241,5
32243,5
32244,6
32245,1
32246,5
32248,1
32250,3
32251,1
32252,3
32255,2
32256,4
32257,5
32258,2
32259,4
32260,2
32261,5
32264,1
32266,5
32267,2
32268,2
32269,2
32270,0
32271,4
32272,1
32273,2
32275,1
32276,1
32277,2
32278,1
32279,2
32280,1
32282,1
32283,4
32284,1
32285,0
32286,2
32287,5
32289,2
32291,3
32292,5
32294,2
32295,2
32297,6
32298,2
32299,5
32300,1
32303,5
32306,1
32308,2
32309,5
32310,6
32311,2
32312,1
32316,3
32317,1
32318,6
32320,2
32321,0
32322,5
32323,6
32324,2
32325,5
32326,5
32327,1
32328,2
32329,3
32332,2
32333,1
32334,5
32335,2
32337,4
32338,1
32339,4
32342,6
32343,1
32344,0
32345,4
32346,5
32348,3
32349,3
32350,1
32351,3
32352,5
32353,5
32354,2
32355,2
32356,6
32357,1
32358,1
32359,4
32360,1
32361,1
32362,3
32363,5
32365,6
32366,1
32367,2
32369,3
32370,3
32371,6
32372,3
32374,1
32375,3
32376,1
32377,0
32378,6
32379,5
32380,1
32381,5
32382,6
32384,4
32387,2
32388,0
32390,2
32391,4
32392,6
32393,5
32394,5
32396,2
32398,3
32400,3
32401,4
32402,3
32405,1
32407,6
32409,1
32412,4
32416,3
32417,2
32419,5
32421,0
32423,2
32424,6
32426,0
32428,1
32429,0
32430,0
32431,0
32432,1
32433,6
32434,1
32436,2
32437,3
32438,1
32439,2
32440,2
32442,5
32443,5
32446,4
32447,1
32451,2
32452,5
32453,2
32455,2
32458,4
32462,1
32463,4
32464,2
32465,4
32466,2
32468,5
32469,2
32470,6
32472,1
32473,3
32474,4
32475,3
32476,1
32480,1
32481,1
32482,2
32483,6
32484,5
32485,2
32486,4
32488,0
32489,2
32490,5
32491,1
32492,3
32493,2
32494,1
32495,3
32497,2
32498,5
32499,2
32500,2
32501,2
32503,3
32504,2
32506,0
32507,5
32508,2
32511,4
32514,1
32515,1
32516,5
32517,1
32518,1
32521,1
32522,2
32524,2
32525,6
32526,1
32527,2
32529,6
32530,5
32531,2
32532,2
32534,1
32535,2
32536,3
32538,2
32539,6
32540,2
32542,3
32543,0
32544,2
32548,5
32549,5
32550,5
32551,6
32552,1
32553,1
32555,2
32556,4
32559,1
32560,1
32561,2
32562,4
32563,2
32565,0
32566,2
32567,4
32569,3
32570,1
32571,0
32572,4
32576,1
32577,1
32578,5
32579,3
32580,0
32582,3
32583,1
32584,2
32586,6
32587,5
32588,5
32589,2
32590,2
32591,2
32592,2
32594,3
32595,5
32597,5
32598,2
32599,5
32600,5
32601,4
32602,0
32603,5
32604,4
32606,0
32609,5
32610,5
32611,1
32612,5
32614,2
32615,6
32616,4
32617,0
32618,5
32619,2
32621,4
32622,2
32624,3
32625,3
32626,5
32628,5
32629,1
32630,4
32631,6
32632,4
32634,4
32635,2
32637,1
32638,2
32639,6
32642,3
32643,6
32645,5
32646,4
32647,2
32650,0
32651,5
32652,0
32656,5
32661,2
32662,5
32665,4
32667,4
32668,1
32669,3
32671,3
32672,4
32675,2
32676,1
32677,1
32679,0
32683,4
32684,2
32685,2
32686,6
32688,6
32692,6
32693,0
32694,1
32695,5
32696,1
32697,1
32698,5
32699,2
32700,5
32702,5
32703,1
32704,3
32705,2
32706,2
32707,2
32708,5
32709,1
32710,2
32711,6
32712,2
32713,1
32714,1
32716,3
32717,5
32721,1
32722,1
32723,1
32724,1
32727,3
32728,2
32729,1
32730,1
32731,2
32732,1
32733,6
32735,3
32736,4
32737,1
32738,5
32739,3
32742,1
32743,1
32744,5
32745,2
32749,5
32750,6
32751,2
32752,3
32754,0
32755,0
32758,2
32760,1
32761,1
32763,4
32764,1
32766,0
32768,6
32769,2
32770,5
32771,2
32772,2
32773,6
32775,3
32776,2
32777,2
32780,4
32783,1
32784,1
32785,1
32786,2
32787,6
32788,2
32789,1
32791,3
32794,1
32795,3
32797,0
32799,3
32800,0
32802,2
32804,2
32805,1
32806,6
32807,1
32810,5
32811,6
32815,1
32816,1
32817,6
32818,0
32819,4
32820,2
32821,4
32822,0
32825,2
32826,4
32828,0
32829,5
32830,1
32831,3
32832,2
32834,2
32835,5
32836,5
32837,0
32838,3
32839,6
32840,2
32841,2
32842,2
32843,1
32845,2
32846,3
32847,2
32848,2
32849,1
32850,2
32851,6
32852,3
32853,4
32854,1
32855,4
32856,0
32858,1
32859,2
32860,2
32862,3
32863,0
32865,5
32867,2
32868,5
32871,1
32873,6
32876,3
32877,5
32878,0
32879,6
32881,1
32882,2
32883,1
32885,1
32886,2
32887,1
32889,2
32890,1
32891,3
32893,4
32894,3
32895,6
32896,6
32898,0
32899,3
32900,4
32901,5
32902,1
32904,4
32905,5
32906,2
32909,2
32911,5
32912,2
32913,0
32915,1
32916,6
32917,5
32919,2
32921,3
32922,5
32923,3
32924,1
32926,4
32927,4
32928,1
32931,1
32932,3
32933,5
32935,5
32940,2
32941,6
32942,2
32944,1
32945,0
32946,2
32948,5
32949,3
32950,3
32951,0
32952,4
32953,2
32954,4
32955,5
32956,3
32957,5
32959,4
32962,5
32963,6
32964,6
32965,6
32966,1
32967,3
32968,2
32970,1
32972,3
32973,5
32975,1
32976,5
32978,2
32979,6
32981,3
32982,5
32983,1
32985,0
32986,2
32989,2
32990,1
32991,1
32992,6
32993,2
32994,2
32996,2
32999,2
33000,2
33001,5
33002,1
33006,2
33009,2
33010,1
33011,1
33012,2
33013,1
33015,2
33016,0
33017,1
33018,0
33020,4
33022,5
33025,4
33028,6
33029,2
33030,6
33033,0
33035,0
33036,1
33037,3
33038,3
33039,5
33041,5
33043,6
33044,4
33046,1
33047,1
33048,5
33049,6
33050,6
33052,4
33055,2
33056,1
33057,2
33058,1
33060,2
33061,4
33062,0
33063,2
33064,3
33065,6
33067,4
33068,1
33071,5
33073,2
33075,5
33076,0
33080,1
33081,5
33082,2
33085,3
33086,4
33087,1
33088,0
33089,1
33090,6
33092,1
33095,2
33097,6
33098,6
33099,1
33100,1
33102,6
33103,6
33104,1
33105,2
33106,6
33108,1
33109,5
33110,2
33111,2
33112,1
33113,1
33115,1
33116,2
33117,3
33119,3
33122,4
33123,3
33124,4
33125,2
33127,3
33128,4
33129,1
33132,1
33133,0
33134,2
33136,1
33137,5
33139,4
33140,1
33141,5
33142,0
33143,6
33144,4
33145,6
33146,5
33148,5
33149,6
33152,5
33153,1
33154,5
33155,1
33156,2
33158,2
33159,1
33160,4
33163,2
33165,3
33168,2
33169,6
33170,4
33171,2
33172,1
33174,0
33175,2
33177,6
33181,1
33182,5
33184,2
33185,1
33186,2
33187,5
33188,1
33189,0
33192,2
33195,4
33198,4
33199,1
33200,1
33203,2
33204,0
33205,5
33206,1
33207,5
33209,0
33210,4
33211,2
33212,2
33213,1
33214,5
33215,6
33216,3
33218,4
33219,3
33220,6
33221,6
33222,4
33223,5
33224,1
33225,5
33226,3
33227,1
33228,5
33231,5
33232,2
33233,1
33234,0
33235,3
33238,0
33239,3
33240,6
33242,3
33246,2
33247,3
33249,1
33251,5
33252,4
33253,6
33255,2
33256,3
33257,2
33258,3
33260,5
33261,3
33263,1
33264,1
33266,3
33267,3
33271,1
33272,0
33273,0
33274,1
33275,3
33276,5
33277,5
33279,5
33280,4
33281,2
33282,3
33283,1
33284,4
33286,2
33287,1
33288,4
33289,0
33291,4
33292,2
33294,3
33296,1
33297,3
33302,2
33303,4
33304,1
33305,1
33306,2
33308,6
33309,2
33311,1
33312,1
33313,0
33314,5
33315,2
33316,1
33317,2
33318,4
33319,6
33321,2
33323,2
33324,0
33327,3
33329,1
33330,2
33331,1
33332,5
33333,2
33334,2
33336,3
33338,1
33339,5
33340,2
33342,3
33343,0
33344,3
33345,3
33346,5
33348,4
33350,2
33352,2
33353,5
33355,1
33357,1
33358,4
33359,5
33362,2
33363,0
33364,0
33365,1
33367,2
33369,1
33370,3
33371,2
33373,4
33375,6
33376,3
33377,5
33378,5
33379,6
33380,5
33382,2
33383,6
33384,2
33386,1
33387,2
33393,5
33394,4
33397,0
33398,2
33400,2
33401,4
33403,0
33404,5
33406,5
33407,2
33408,0
33410,1
33411,1
33412,3
33413,5
33414,2
33415,1
33416,1
33417,5
33419,3
33420,2
33421,5
33422,4
33423,2
33424,6
33425,1
33426,1
33427,2
33428,2
33429,2
33430,6
33431,2
33432,2
33433,1
33435,0
33436,1
33437,5
33438,4
33439,1
33440,6
33441,5
33443,6
33445,1
33446,2
33448,5
33449,0
33453,3
33454,2
33455,0
33456,2
33457,2
33458,3
33459,2
33460,5
33461,4
33463,6
33464,5
33466,2
33467,2
33468,2
33469,2
33470,3
33471,1
33472,5
33474,2
33475,5
33476,3
33478,2
33479,3
33480,1
33483,6
33484,1
33486,6
33490,1
33494,1
33495,4
33496,1
33498,6
33499,1
33503,5
33505,3
33506,2
33507,5
33510,3
33511,1
33512,2
33513,5
33515,3
33517,2
33519,3
33520,1
33521,2
33522,5
33523,1
33524,6
33525,4
33526,1
33527,3
33528,6
33529,0
33530,0
33531,2
33532,5
33533,0
33535,4
33536,1
33539,6
33540,2
33541,1
33542,4
33543,4
33544,1
33547,6
33548,5
33549,2
33550,1
33551,1
33552,1
33554,3
33555,6
33556,2
33559,1
33560,3
33561,3
33562,3
33563,4
33565,2
33566,4
33567,2
33570,5
33571,2
33572,1
33573,6
33574,2
33575,3
33577,2
33579,0
33580,0
33581,0
33584,0
33586,1
33587,4
33588,2
33589,5
33590,5
33591,0
33592,2
33594,1
33595,1
33596,5
33597,4
33598,1
33600,1
33602,1
33603,2
33604,5
33605,0
33607,0
33608,1
33609,1
33610,1
33611,1
33613,2
33614,4
33615,1
33616,1
33618,4
33619,1
33620,5
33624,5
33626,1
33628,1
33629,3
33630,4
33632,2
33636,0
33637,0
33639,2
33640,5
33641,1
33643,6
33644,3
33646,1
33647,6
33648,6
33649,5
33651,1
33652,0
33654,4
33655,1
33656,2
33658,6
33659,3
33660,6
33661,6
33662,1
33663,2
33664,1
33665,3
33667,3
33669,4
33671,2
33672,5
33673,1
33676,2
33677,2
33678,2
33679,0
33680,1
33681,4
33683,2
33684,2
33685,2
33686,3
33688,6
33689,5
33690,1
33691,5
33692,1
33693,4
33694,2
33695,6
33696,1
33698,4
33699,0
33700,2
33701,2
33703,5
33704,3
33705,6
33706,5
33707,4
33709,2
33711,1
33713,1
33715,2
33716,4
33717,1
33719,0
33720,2
33721,2
33722,0
33723,1
33725,5
33727,2
33729,6
33730,0
33732,1
33733,1
33734,5
33735,2
33737,3
33740,1
33744,5
33745,5
33746,1
33747,2
33749,5
33750,5
33751,1
33752,1
33753,2
33754,2
33756,5
33759,6
33760,4
33761,1
33762,1
33764,4
33765,6
33766,3
33767,6
33768,2
33769,6
33770,6
33772,5
33773,1
33774,6
33775,1
33776,5
33777,6
33778,6
33779,2
33780,0
33781,2
33782,0
33783,2
33785,2
33786,4
33787,4
33788,5
33790,2
33791,1
33792,6
33793,2
33794,1
33795,3
33796,1
33797,3
33802,5
33804,2
33805,4
33807,0
33808,1
33809,4
33810,3
33812,3
33813,5
33815,4
33816,5
33817,4
33818,3
33819,2
33820,0
33821,0
33822,6
33823,0
33826,2
33827,4
33828,2
33829,3
33830,1
33831,2
33832,2
33833,1
33834,5
33835,3
33836,6
33837,4
33838,5
33839,5
33840,0
33843,0
33844,0
33845,6
33847,5
33848,2
33849,6
33850,2
33852,1
33853,3
33855,2
33856,2
33858,6
33859,0
33860,2
33861,3
33862,5
33863,2
33865,2
33866,5
33867,2
33868,2
33869,2
33870,5
33872,2
33873,3
33874,5
33875,0
33876,0
33877,6
33879,2
33881,6
33882,6
33883,2
33884,4
33886,1
33889,0
33890,6
33891,3
33892,3
33893,2
33894,5
33896,2
33899,1
33901,0
33903,3
33905,4
33907,2
33908,2
33910,3
33911,0
33912,6
33913,5
33915,4
33916,1
33921,5
33922,2
33923,1
33924,2
33926,3
33927,1
33930,2
33931,3
33932,3
33933,2
33935,1
33936,0
33937,1
33938,3
33939,2
33940,2
33941,1
33943,2
33944,2
33945,1
33948,5
33951,1
33953,1
33954,4
33957,5
33959,2
33960,1
33962,6
33964,4
33965,6
33966,1
33967,4
33968,2
33969,3
33970,0
33971,4
33972,6
33974,5
33975,6
33976,3
33977,6
33978,5
33980,5
33985,1
33986,5
33988,5
33989,0
33990,5
33992,5
33993,2
33994,5
33997,2
33998,3
33999,2
34003,1
34004,5
34005,4
34006,0
34008,2
34009,2
34012,0
34014,5
34015,3
34016,3
34017,6
34018,5
34019,4
34020,1
34022,5
34023,2
34025,5
34027,5
34029,2
34030,2
34031,3
34033,3
34035,0
34037,3
34038,2
34039,1
34041,6
34042,5
34044,2
34045,3
34046,2
34047,4
34050,2
34052,6
34054,4
34056,4
34057,1
34059,1
34061,6
34063,4
34064,5
34065,6
34066,6
34067,5
34068,1
34069,2
34071,4
34072,1
34073,3
34074,2
34075,1
34077,2
34078,6
34079,6
34080,2
34084,1
34085,2
34086,0
34087,6
34089,1
34091,2
34093,3
34094,0
34096,1
34098,4
34099,1
34100,0
34101,5
34103,2
34107,2
34108,3
34112,5
34113,0
34115,5
34116,2
34119,5
34124,2
34125,5
34126,3
34128,2
34129,4
34130,0
34131,6
34132,4
34133,3
34134,2
34135,1
34137,1
34138,5
34141,1
34142,2
34145,5
34146,2
34147,6
34148,4
34150,1
34151,5
34152,4
34153,0
34154,2
34155,2
34156,6
34158,0
34159,1
34160,1
34162,6
34163,2
34164,2
34166,6
34167,1
34169,1
34170,4
34171,2
34172,3
34174,2
34176,1
34177,6
34178,1
34179,1
34180,3
34182,5
34183,5
34184,1
34185,2
34186,1
34188,3
34189,0
34190,1
34192,5
34195,5
34196,5
34197,2
34199,1
34201,1
34202,2
34203,2
34204,2
34206,2
34208,6
34210,3
34211,1
34212,5
34213,2
34214,6
34215,3
34216,1
34217,6
34218,6
34220,4
34221,6
34222,3
34223,0
34224,5
34225,4
34226,1
34227,5
34228,1
34230,1
34233,4
34234,3
34235,2
34236,4
34237,1
34239,2
34241,2
34243,1
34246,1
34247,0
34248,4
34249,5
34250,6
34251,5
34252,3
34253,1
34254,3
34256,1
34257,1
34258,2
34259,4
34260,6
34262,0
34265,1
34266,5
34267,4
34268,1
34269,1
34270,1
34272,4
34273,1
34274,0
34277,2
34278,4
34280,0
34281,3
34283,2
34286,1
34287,5
34290,4
34291,6
34293,2
34295,0
34297,2
34298,5
34300,4
34301,5
34303,6
34304,3
34305,5
34308,5
34309,4
34310,4
34315,6
34317,3
34318,1
34319,3
34320,1
34322,0
34323,1
34324,1
34325,5
34326,4
34327,3
34328,3
34329,4
34330,4
34331,1
34332,2
34334,5
34335,3
34336,1
34337,0
34338,5
34339,1
34341,1
34343,6
34344,6
34345,2
34346,2
34348,1
34349,1
34351,0
34353,1
34354,2
34356,2
34357,2
34358,1
34359,3
34361,1
34363,1
34364,2
34365,4
34367,2
34368,3
34369,5
34370,3
34371,0
34372,4
34374,1
34375,2
34376,5
34377,6
34379,0
34381,3
34383,1
34384,2
34385,5
34386,4
34389,5
34391,6
34392,0
34393,6
34394,5
34395,3
34396,3
34397,2
34398,0
34399,2
34400,0
34401,1
34405,3
34406,5
34408,4
34410,4
34414,1
34415,0
34416,0
34419,5
34422,2
34425,3
34426,2
34427,1
34429,1
34431,0
34432,2
34433,5
34434,3
34435,1
34436,1
34437,2
34438,2
34439,1
34441,3
34442,2
34445,2
34446,1
34447,1
34448,5
34450,5
34452,2
34453,2
34454,1
34455,5
34457,0
34458,6
34459,0
34461,6
34462,5
34463,1
34465,4
34466,1
34467,2
34470,2
34471,4
34472,4
34474,6
34475,4
34477,1
34479,2
34481,6
34482,2
34483,5
34485,6
34487,1
34490,2
34492,6
34493,6
34494,4
34495,4
34496,4
34497,4
34498,4
34499,1
34500,6
34501,2
34503,5
34504,2
34505,1
34506,2
34508,0
34509,3
34511,2
34513,1
34514,1
34515,3
34516,0
34517,4
34518,6
34519,1
34520,2
34521,2
34522,5
34524,1
34526,1
34527,6
34528,2
34529,2
34532,5
34534,3
34535,3
34539,4
34540,6
34541,2
34542,0
34543,2
34544,5
34546,0
34547,2
34550,2
34551,3
34552,5
34554,5
34558,1
34561,3
34562,5
34563,3
34564,3
34565,2
34566,1
34567,6
34568,1
34569,2
34571,0
34573,1
34579,2
34580,1
34581,1
34582,5
34583,1
34584,2
34585,2
34586,1
34587,3
34588,1
34589,6
34590,1
34592,5
34594,1
34597,1
34598,2
34600,5
34603,3
34604,1
34605,4
34607,5
34608,3
34609,2
34610,0
34612,1
34614,4
34615,1
34616,3
34617,2
34618,2
34620,5
34622,1
34624,2
34625,4
34626,6
34627,3
34628,5
34629,4
34630,6
34631,6
34632,0
34634,3
34635,3
34638,4
34639,2
34640,5
34641,2
34642,2
34643,6
34644,6
34645,0
34646,5
34647,4
34649,4
34650,4
34652,3
34653,0
34654,0
34655,2
34656,3
34657,5
34659,0
34661,1
34662,1
34666,6
34667,2
34668,1
34669,5
34670,1
34671,6
34672,0
34674,3
34676,2
34677,4
34679,4
34680,3
34682,3
34683,1
34684,5
34685,6
34686,2
34688,2
34689,4
34690,1
34691,2
34692,5
34693,5
34694,2
34698,5
34699,1
34700,2
34701,6
34702,5
34703,1
34704,5
34706,6
34707,3
34708,4
34709,5
34711,6
34712,0
34713,3
34714,2
34715,3
34716,5
34718,6
34719,1
34721,2
34722,2
34723,1
34724,4
34725,2
34728,6
34730,6
34731,0
34733,1
34735,4
34736,2
34738,2
34740,3
34745,5
34747,0
34748,5
34749,5
34750,4
34751,2
34753,1
34754,0
34755,0
34756,2
34757,2
34758,1
34759,5
34761,1
34762,1
34763,5
34764,2
34766,1
34767,6
34768,1
34770,2
34772,6
34773,5
34774,0
34776,2
34777,1
34778,1
34780,2
34781,2
34782,4
34783,2
34785,1
34787,2
34788,2
34789,3
34790,5
34794,3
34795,1
34796,4
34797,6
34798,4
34799,1
34800,0
34802,3
34803,4
34804,4
34805,6
34806,1
34807,1
34809,5
34810,2
34811,1
34812,1
34814,1
34815,1
34816,1
34817,1
34818,6
34820,1
34821,6
34822,2
34823,3
34824,2
34825,2
34826,1
34831,5
34833,5
34835,1
34836,6
34837,2
34839,5
34840,0
34841,5
34843,2
34844,2
34845,1
34846,5
34847,1
34848,1
34849,0
34851,6
34852,6
34853,2
34854,0
34855,2
34857,2
34858,6
34859,5
34860,1
34861,0
34863,2
34864,3
34866,2
34867,4
34869,4
34870,3
34871,1
34872,0
34873,3
34874,4
34875,1
34876,2
34877,5
34878,5
34879,2
34880,1
34881,6
34883,0
34885,3
34887,2
34888,2
34889,6
34890,2
34891,6
34892,0
34893,2
34894,1
34895,0
34897,6
34898,4
34899,1
34903,5
34904,1
34905,5
34906,4
34908,0
34910,1
34912,2
34913,3
34914,2
34915,6
34917,0
34919,1
34920,2
34921,2
34923,2
34924,5
34925,1
34926,5
34927,5
34928,2
34929,1
34930,1
34931,1
34932,6
34933,0
34935,1
34936,3
34939,6
34942,4
34944,2
34945,3
34946,1
34947,2
34949,0
34950,1
34951,5
34952,2
34955,2
34956,1
34957,4
34958,6
34959,2
34961,3
34963,1
34964,2
34965,3
34966,2
34967,4
34968,3
34969,4
34970,3
34972,5
34974,6
34975,6
34977,2
34978,1
34979,2
34980,5
34982,2
34985,3
34986,1
34987,0
34988,5
34989,4
34990,0
34991,2
34992,5
34993,2
34994,2
34995,4
34998,1
34999,6
35000,2
35001,2
35002,1
35003,1
35004,1
35005,6
35006,2
35007,6
35008,1
35009,2
35011,2
35012,5
35014,1
35016,4
35017,3
35018,5
35019,1
35020,2
35022,3
35023,1
35024,3
35025,3
35026,5
35027,3
35030,5
35033,0
35035,4
35037,5
35038,4
35039,6
35040,2
35041,5
35042,3
35043,4
35044,1
35045,1
35046,2
35048,1
35049,2
35050,5
35051,6
35053,1
35055,0
35059,6
35060,2
35061,0
35062,2
35064,5
35065,1
35067,2
35068,4
35069,6
35070,4
35072,5
35073,4
35074,3
35075,4
35076,4
35077,3
35081,3
35082,2
35083,2
35084,1
35086,2
35087,2
35088,2
35089,2
35090,1
35091,4
35092,1
35093,2
35094,1
35095,1
35096,2
35097,6
35098,4
35100,0
35101,2
35103,5
35105,4
35106,1
35107,5
35108,4
35109,1
35115,6
35116,3
35117,3
35118,2
35119,1
35121,3
35122,5
35123,5
35124,5
35128,1
35129,2
35132,6
35133,1
35134,6
35137,2
35140,3
35141,2
35142,2
35143,1
35144,2
35145,4
35146,1
35148,0
35150,4
35151,3
35152,2
35153,5
35155,4
35156,3
35157,6
35158,5
35159,5
35162,1
35164,0
35167,4
35168,1
35170,5
35173,0
35175,2
35177,1
35178,4
35180,4
35181,4
35182,4
35184,2
35189,2
35191,2
35192,5
35193,2
35194,6
35196,2
35197,4
35198,0
35199,1
35200,0
35202,0
35204,1
35205,1
35206,2
35208,2
35209,0
35210,2
35211,0
35213,5
35214,2
35216,4
35217,1
35220,4
35222,3
35223,2
35224,3
35227,4
35228,0
35230,6
35234,2
35235,4
35236,6
35237,6
35239,1
35240,2
35241,4
35242,1
35243,6
35244,1
35245,2
35246,4
35247,6
35248,2
35249,2
35250,2
35251,6
35252,1
35253,3
35254,4
35255,0
35257,4
35260,6
35262,6
35263,6
35264,3
35265,3
35268,3
35270,2
35271,4
35272,4
35275,0
35276,4
35279,2
35282,4
35285,4
35287,6
35288,1
35289,1
35291,5
35292,6
35294,2
35295,0
35296,1
35298,4
35299,4
35300,3
35302,6
35304,6
35307,1
35310,0
35311,4
35312,2
35313,0
35314,1
35316,5
35317,1
35318,3
35319,4
35321,3
35323,6
35324,1
35325,4
35326,3
35327,5
35328,1
35329,1
35330,2
35331,3
35333,0
35334,2
35335,2
35336,4
35337,2
35338,0
35339,3
35341,0
35342,3
35343,2
35344,3
35347,2
35353,3
35354,2
35356,3
35358,4
35361,3
35363,2
35365,6
35368,4
35369,4
35370,6
35371,0
35372,1
35373,6
35375,2
35376,3
35377,1
35378,5
35379,2
35380,1
35381,5
35383,1
35384,3
35385,3
35387,4
35389,3
35390,1
35391,5
35393,2
35396,2
35397,5
35399,5
35400,2
35401,1
35402,1
35404,6
35406,1
35407,5
35409,3
35410,2
35412,4
35413,0
35414,2
35415,2
35416,5
35417,3
35418,4
35419,4
35420,3
35421,2
35423,3
35424,4
35425,1
35426,3
35427,0
35428,4
35429,6
35430,5
35431,4
35432,2
35433,2
35434,4
35436,5
35437,5
35438,2
35439,0
35440,2
35441,5
35442,0
35444,5
35445,1
35446,3
35447,3
35450,6
35452,2
35453,4
35454,1
35455,3
35456,5
35457,2
35458,5
35459,1
35460,2
35462,2
35463,6
35464,1
35465,1
35466,4
35467,1
35468,1
35469,6
35470,1
35473,2
35475,3
35477,3
35478,4
35479,1
35480,3
35481,5
35483,5
35484,0
35487,2
35488,6
35489,2
35490,1
35491,0
35493,2
35495,3
35497,5
35499,3
35500,3
35501,0
35503,2
35505,1
35506,0
35509,1
35510,1
35511,1
35512,6
35513,2
35515,1
35516,6
35517,6
35519,1
35520,2
35521,5
35523,6
35526,0
35527,2
35528,2
35529,5
35530,2
35531,3
35532,5
35535,0
35536,2
35537,0
35539,0
35540,1
35541,1
35542,6
35543,6
35544,0
35545,3
35548,2
35549,4
35551,1
35552,1
35553,2
35554,6
35556,0
35557,1
35559,2
35560,3
35562,2
35563,4
35564,1
35566,2
35567,5
35569,5
35570,6
35571,0
35572,1
35574,2
35575,3
35576,2
35579,0
35580,3
35581,2
35582,4
35583,1
35584,1
35586,3
35589,6
35590,2
35591,5
35592,2
35593,5
35594,2
35595,5
35596,5
35599,4
35600,2
35602,3
35603,2
35604,2
35606,2
35607,5
35608,4
35609,5
35610,2
35611,1
35612,4
35617,1
35618,3
35619,1
35620,5
35621,5
35623,5
35624,4
35626,0
35627,3
35629,6
35632,4
35633,1
35634,0
35635,2
35636,5
35637,3
35638,0
35639,2
35640,2
35641,4
35642,2
35644,2
35645,2
35647,1
35648,2
35649,3
35654,4
35656,1
35657,5
35658,6
35661,2
35662,5
35663,1
35666,1
35667,1
35668,4
35669,0
35670,1
35671,2
35672,1
35673,4
35674,2
35676,2
35678,1
35679,3
35682,6
35684,5
35686,1
35689,5
35690,6
35691,4
35692,6
35694,3
35696,5
35697,2
35698,1
35699,3
35701,2
35702,2
35703,2
35704,1
35705,5
35707,4
35709,1
35710,6
35711,2
35712,1
35713,1
35718,2
35721,1
35722,1
35723,6
35724,4
35725,3
35726,3
35727,6
35728,3
35730,5
35732,4
35734,5
35735,1
35737,2
35738,1
35741,4
35743,3
35745,1
35747,2
35748,6
35749,5
35750,1
35751,4
35752,0
35755,1
35758,0
35760,1
35762,3
35764,2
35765,1
35766,2
35767,5
35768,2
35769,5
35770,4
35772,2
35774,2
35775,6
35776,1
35777,5
35778,3
35780,4
35781,0
35782,2
35786,2
35789,2
35790,3
35791,5
35793,1
35794,5
35795,3
35796,4
35797,6
35798,2
35799,1
35800,1
35802,5
35804,6
35805,5
35806,6
35807,3
35808,5
35810,2
35813,3
35814,5
35815,0
35816,1
35817,1
35818,4
35819,0
35821,0
35822,5
35823,6
35824,0
35826,2
35827,1
35828,6
35829,2
35831,5
35832,1
35833,2
35835,1
35837,6
35838,1
35839,2
35840,6
35841,5
35842,2
35843,0
35844,1
35846,3
35848,6
35851,0
35853,5
35854,0
35855,3
35858,6
35860,2
35861,1
35862,2
35863,2
35864,6
35865,0
35866,0
35867,2
35868,2
35869,4
35871,2
35872,1
35873,3
35875,1
35877,4
35880,2
35881,6
35882,2
35883,6
35884,6
35885,3
35887,6
35888,5
35889,6
35891,3
35893,5
35894,4
35895,2
35897,2
35898,1
35899,5
35900,3
35901,3
35902,4
35903,2
35904,2
35907,3
35908,5
35909,1
35911,6
35912,6
35914,1
35915,3
35917,5
35918,3
35919,1
35920,5
35921,3
35922,6
35923,1
35924,2
35927,1
35928,1
35929,1
35930,2
35931,0
35932,4
35933,1
35936,1
35937,1
35938,0
35939,5
35944,5
35946,2
35950,2
35954,3
35955,2
35956,2
35958,1
35959,3
35960,2
35961,6
35962,2
35963,1
35964,0
35965,0
35966,5
35967,2
35969,3
35972,6
35973,4
35975,6
35976,3
35977,0
35978,1
35979,4
35981,4
35983,3
35984,1
35987,1
35988,2
35989,0
35990,2
35991,1
35992,2
35993,6
35994,4
35996,5
35997,2
36000,4
36001,5
36002,1
36005,5
36006,3
36008,4
36010,1
36011,3
36013,1
36015,2
36016,1
36018,1
36019,6
36020,2
36021,6
36022,2
36023,1
36024,4
36025,6
36026,5
36028,2
36031,6
36032,2
36034,1
36035,5
36036,5
36038,6
36039,4
36040,2
36041,4
36042,2
36044,4
36046,2
36047,0
36049,5
36051,2
36052,3
36054,2
36055,2
36056,0
36057,1
36058,2
36060,5
36061,5
36062,1
36064,6
36065,2
36066,1
36067,1
36068,2
36069,0
36070,0
36071,1
36072,5
36073,5
36074,1
36076,3
36077,5
36080,6
36081,2
36083,1
36084,2
36085,3
36086,2
36090,2
36091,3
36092,1
36094,4
36096,2
36097,4
36099,1
36100,3
36101,1
36103,5
36104,1
36105,6
36106,2
36108,5
36110,3
36113,1
36114,1
36115,2
36118,2
36119,3
36120,3
36122,1
36123,3
36126,2
36127,0
36129,3
36130,1
36131,6
36132,5
36134,5
36136,2
36139,1
36141,2
36143,2
36145,5
36147,2
36148,6
36149,2
36151,2
36152,2
36153,4
36155,6
36156,2
36157,4
36158,1
36159,2
36160,2
36161,4
36164,1
36166,5
36168,2
36169,3
36171,6
36173,3
36174,2
36176,1
36178,2
36182,3
36183,1
36185,2
36186,0
36190,1
36193,5
36195,2
36196,2
36197,2
36199,4
36200,5
36201,4
36204,1
36205,1
36206,5
36207,2
36208,0
36211,2
36212,2
36213,5
36214,5
36215,2
36216,5
36218,3
36219,2
36221,1
36222,2
36224,4
36226,1
36229,3
36232,6
36233,1
36234,3
36235,1
36236,2
36237,5
36238,3
36239,2
36241,2
36242,5
36244,0
36245,1
36246,4
36247,1
36250,5
36253,5
36254,4
36255,3
36257,1
36258,2
36261,2
36263,2
36266,4
36267,5
36270,1
36271,4
36272,3
36273,2
36274,2
36275,1
36276,5
36277,1
36278,0
36282,0
36285,1
36287,3
36288,5
36289,2
36290,3
36292,3
36298,6
36299,1
36303,2
36304,2
36305,2
36307,1
36309,3
36310,4
36311,3
36313,4
36314,5
36315,2
36316,1
36317,1
36318,2
36320,4
36322,1
36323,0
36324,2
36325,5
36326,2
36328,4
36331,4
36332,3
36333,1
36334,0
36336,6
36337,4
36338,1
36340,2
36341,2
36342,1
36343,2
36344,2
36345,2
36346,1
36347,4
36348,5
36349,1
36350,5
36353,4
36355,0
36356,2
36357,1
36358,6
36360,3
36362,0
36363,1
36366,2
36367,6
36368,1
36371,1
36372,6
36374,0
36375,5
36377,2
36378,1
36379,5
36380,5
36381,6
36382,6
36383,2
36384,2
36385,3
36386,5
36387,1
36388,3
36389,1
36392,2
36395,0
36396,1
36398,6
36399,1
36401,1
36402,5
36403,6
36404,4
36405,5
36407,3
36408,4
36409,2
36410,1
36411,5
36414,5
36415,2
36416,2
36417,4
36419,4
36420,1
36421,5
36422,3
36423,0
36424,1
36425,4
36428,6
36431,2
36432,5
36433,4
36434,2
36435,1
36438,4
36439,5
36441,0
36443,1
36444,4
36445,2
36446,2
36448,1
36449,6
36450,1
36454,6
36455,3
36456,5
36457,6
36458,1
36459,1
36461,5
36462,5
36463,6
36464,4
36465,2
36466,5
36468,2
36469,0
36470,1
36472,4
36473,1
36474,1
36475,6
36478,5
36481,4
36482,6
36483,1
36484,2
36485,1
36486,1
36487,3
36489,1
36491,6
36492,2
36493,2
36494,2
36495,4
36496,3
36498,2
36499,2
36500,6
36501,3
36502,5
36503,5
36504,3
36505,2
36507,4
36508,1
36511,0
36512,5
36513,6
36514,3
36515,6
36516,0
36517,0
36518,2
36519,6
36520,5
36522,3
36524,3
36525,2
36526,2
36527,2
36529,4
36530,4
36531,6
36532,3
36533,0
36536,1
36537,1
36538,2
36539,5
36540,3
36543,2
36544,0
36545,5
36546,6
36548,2
36550,2
36551,2
36552,2
36553,3
36555,3
36557,2
36558,5
36559,2
36560,6
36561,5
36563,5
36564,2
36565,2
36567,4
36568,6
36569,6
36570,3
36572,3
36574,1
36575,0
36576,2
36581,1
36582,2
36583,4
36584,4
36585,2
36586,5
36587,5
36588,1
36589,1
36590,3
36591,4
36592,1
36593,2
36596,5
36597,5
36598,3
36599,0
36601,1
36603,3
36604,1
36605,1
36608,1
36609,6
36610,0
36612,2
36613,5
36615,1
36617,3
36618,4
36619,2
36622,2
36625,5
36626,5
36628,2
36629,3
36630,2
36631,0
36632,2
36636,0
36637,0
36638,2
36640,2
36642,1
36644,2
36646,2
36648,6
36649,4
36650,5
36652,4
36653,6
36654,4
36656,2
36657,2
36659,1
36664,5
36665,4
36667,3
36668,1
36669,5
36671,2
36672,0
36673,2
36676,5
36677,0
36679,2
36681,1
36682,2
36683,5
36684,0
36685,4
36686,1
36689,1
36690,2
36691,0
36692,3
36693,4
36694,2
36695,1
36696,0
36697,2
36700,1
36703,1
36704,1
36709,1
36710,1
36711,1
36712,6
36713,4
36714,4
36715,1
36717,6
36718,3
36719,3
36721,3
36725,4
36727,1
36728,5
36729,3
36730,2
36731,3
36732,1
36734,6
36735,6
36736,5
36737,3
36739,0
36740,5
36742,2
36744,4
36745,1
36747,3
36749,1
36750,2
36752,2
36753,0
36754,0
36755,3
36756,3
36757,3
36759,2
36761,2
36763,6
36764,3
36765,2
36767,6
36768,4
36770,1
36771,2
36772,2
36773,4
36776,5
36777,0
36780,5
36781,6
36782,1
36783,4
36784,1
36785,3
36786,1
36787,2
36788,6
36789,4
36791,2
36793,6
36795,5
36797,2
36799,4
36800,2
36803,0
36804,5
36805,1
36806,3
36807,6
36808,5
36811,0
36812,3
36813,2
36815,1
36816,2
36817,1
36818,2
36819,5
36820,2
36821,2
36823,2
36825,1
36826,0
36828,3
36831,2
36834,5
36835,6
36838,0
36839,0
36840,0
36844,2
36845,4
36846,3
36848,2
36849,3
36850,1
36851,5
36853,2
36856,0
36857,5
36858,0
36859,3
36860,2
36861,5
36862,5
36863,5
36864,1
36865,6
36866,4
36867,6
36868,2
36869,3
36870,2
36871,5
36872,2
36873,1
36874,2
36875,1
36876,2
36878,1
36881,1
36882,2
36884,5
36885,2
36887,0
36888,5
36890,1
36891,0
36892,3
36893,6
36895,6
36897,1
36900,5
36901,2
36902,3
36903,5
36904,0
36905,6
36906,0
36909,4
36910,3
36912,3
36914,2
36917,1
36922,5
36923,1
36924,3
36925,1
36926,3
36928,3
36931,5
36932,1
36933,2
36934,0
36935,1
36936,2
36937,2
36938,2
36939,4
36940,2
36941,3
36942,0
36944,6
36945,4
36947,5
36949,1
36950,3
36951,1
36952,2
36953,5
36954,5
36959,2
36960,4
36961,1
36962,4
36965,3
36966,6
36967,1
36968,6
36972,1
36973,5
36976,4
36977,1
36979,0
36980,5
36981,2
36982,3
36984,5
36985,2
36986,2
36987,6
36988,1
36989,2
36991,6
36992,6
36996,1
36997,2
36998,1
37001,6
37002,6
37003,1
37004,5
37005,5
37006,4
37007,5
37008,1
37009,0
37010,5
37011,1
37012,6
37013,1
37014,1
37015,2
37017,5
37019,1
37020,2
37021,1
37022,5
37023,5
37024,4
37025,6
37026,0
37029,1
37032,1
37034,4
37036,1
37037,1
37038,0
37039,2
37041,2
37042,0
37043,1
37045,3
37046,3
37047,4
37048,2
37050,2
37051,2
37052,6
37053,6
37054,1
37055,4
37056,2
37057,0
37058,2
37063,2
37064,0
37066,4
37070,2
37071,5
37072,2
37079,2
37080,1
37081,5
37084,3
37086,2
37087,1
37089,0
37090,1
37092,2
37093,2
37094,1
37095,3
37096,0
37097,2
37098,2
37099,4
37101,1
37102,3
37103,6
37104,5
37105,5
37106,2
37107,2
37111,6
37112,4
37113,3
37114,2
37116,1
37117,5
37118,4
37119,1
37121,2
37122,6
37123,1
37124,5
37127,2
37128,0
37130,0
37133,4
37136,1
37137,2
37138,0
37140,2
37144,4
37145,5
37146,3
37147,5
37149,5
37150,6
37151,1
37152,6
37153,2
37154,4
37156,5
37157,5
37158,0
37159,1
37160,1
37161,2
37162,4
37163,6
37165,2
37166,2
37168,3
37169,4
37170,3
37172,0
37173,3
37174,1
37175,4
37177,2
37178,6
37179,2
37180,4
37184,3
37185,5
37186,6
37188,2
37189,4
37191,6
37194,1
37195,0
37197,1
37198,6
37199,3
37200,1
37203,0
37206,2
37207,5
37208,2
37209,1
37210,1
37211,1
37212,6
37214,2
37215,5
37216,5
37218,3
37219,6
37220,5
37221,5
37222,6
37225,5
37227,2
37228,3
37230,4
37231,4
37232,5
37234,1
37236,2
37237,1
37238,2
37240,5
37241,6
37243,1
37244,2
37246,6
37248,3
37251,6
37252,4
37253,2
37254,2
37256,4
37258,3
37260,4
37262,1
37265,1
37266,2
37267,0
37268,3
37269,1
37271,2
37272,5
37274,3
37276,5
37277,0
37278,2
37282,6
37283,4
37286,1
37287,6
37288,6
37289,2
37292,0
37295,1
37296,4
37298,1
37299,6
37300,2
37301,2
37303,3
37304,4
37305,6
37306,1
37308,4
37309,4
37310,1
37311,1
37312,1
37313,2
37314,2
37315,6
37316,4
37317,1
37319,0
37320,6
37321,0
37323,2
37324,2
37325,1
37326,4
37328,2
37329,1
37330,4
37331,0
37333,0
37334,0
37335,1
37336,1
37337,5
37338,2
37339,6
37341,5
37344,4
37345,5
37347,1
37348,2
37350,1
37352,0
37354,5
37355,3
37357,1
37360,3
37361,0
37362,4
37364,1
37365,0
37366,1
37367,6
37368,3
37369,3
37370,1
37374,6
37379,5
37381,5
37382,2
37383,5
37384,2
37385,4
37388,6
37389,5
37390,6
37391,1
37392,0
37393,0
37394,3
37395,4
37396,3
37397,2
37398,5
37400,2
37401,3
37403,6
37405,2
37407,2
37408,0
37411,3
37412,1
37414,2
37415,0
37416,2
37417,1
37421,0
37422,5
37423,2
37424,5
37425,6
37426,4
37428,2
37429,0
37430,1
37431,5
37432,5
37433,2
37434,6
37435,5
37436,0
37437,6
37438,1
37439,1
37440,2
37441,4
37442,0
37444,0
37445,4
37447,0
37448,6
37450,6
37453,3
37454,6
37457,0
37458,5
37459,3
37460,5
37461,5
37462,1
37464,3
37465,3
37467,1
37469,4
37471,4
37473,4
37474,4
37476,0
37477,3
37479,4
37481,6
37483,5
37484,1
37486,3
37487,3
37488,5
37490,2
37491,0
37493,0
37494,0
37497,6
37498,0
37500,5
37502,0
37504,2
37506,2
37508,1
37510,3
37511,3
37514,1
37515,5
37516,2
37517,1
37518,1
37520,2
37521,5
37523,6
37524,2
37525,2
37526,3
37527,1
37528,6
37529,1
37531,2
37535,4
37536,4
37537,2
37541,1
37542,1
37545,4
37548,2
37550,2
37551,5
37553,3
37554,2
37555,2
37556,0
37557,4
37558,1
37559,4
37560,3
37561,5
37562,2
37565,1
37566,5
37569,2
37570,0
37572,2
37573,3
37574,3
37576,4
37577,3
37578,3
37579,1
37581,1
37582,2
37583,3
37584,4
37585,0
37586,5
37587,1
37588,2
37589,3
37590,2
37591,6
37592,5
37595,0
37596,1
37597,4
37598,1
37599,0
37600,0
37601,2
37602,2
37603,2
37605,4
37606,1
37608,2
37610,1
37612,2
37613,4
37614,1
37617,3
37622,5
37623,1
37625,6
37626,3
37629,6
37630,4
37631,2
37634,6
37635,6
37638,0
37639,1
37640,4
37641,5
37642,4
37643,1
37645,2
37647,6
37648,4
37649,6
37650,3
37652,1
37653,2
37654,1
37656,0
37657,0
37658,6
37659,1
37660,2
37661,5
37662,2
37663,5
37665,1
37666,6
37667,2
37669,0
37670,0
37671,2
37672,0
37673,3
37676,2
37679,1
37682,4
37683,1
37684,3
37685,4
37686,4
37689,3
37691,5
37693,1
37695,0
37696,6
37699,4
37700,1
37701,2
37702,1
37703,6
37704,1
37706,0
37707,3
37710,2
37711,2
37713,2
37714,6
37715,6
37716,2
37717,4
37718,3
37720,1
37721,2
37723,0
37724,3
37725,2
37726,5
37727,6
37732,2
37733,2
37735,1
37736,1
37738,6
37739,2
37740,6
37743,4
37745,5
37749,1
37750,4
37751,4
37752,4
37754,6
37756,0
37757,3
37758,3
37760,4
37761,2
37762,4
37764,6
37765,2
37768,2
37769,6
37770,2
37771,2
37772,0
37773,2
37775,1
37776,5
37777,5
37779,2
37780,6
37781,1
37782,0
37783,2
37784,2
37785,2
37786,1
37787,0
37788,0
37790,1
37791,5
37792,1
37793,2
37795,4
37797,3
37798,1
37799,4
37802,3
37803,4
37806,2
37807,3
37808,1
37809,5
37810,0
37812,2
37813,1
37816,3
37817,3
37818,1
37819,6
37821,5
37823,5
37824,0
37826,5
37828,6
37830,2
37831,2
37833,2
37834,2
37835,1
37836,5
37838,1
37839,4
37841,1
37842,2
37843,6
37844,3
37845,1
37846,0
37848,3
37849,1
37850,1
37851,2
37852,4
37853,2
37854,0
37855,3
37856,0
37857,0
37858,3
37859,3
37860,3
37861,2
37865,4
37867,2
37868,0
37870,2
37871,6
37872,2
37874,2
37876,1
37877,1
37878,2
37879,4
37880,0
37881,6
37885,5
37886,2
37887,3
37888,6
37889,1
37890,4
37891,5
37893,4
37895,5
37897,5
37898,2
37900,2
37903,2
37905,5
37906,2
37907,1
37908,3
37912,6
37913,2
37915,5
37916,2
37917,2
37918,0
37919,6
37921,6
37922,1
37923,1
37924,0
37925,3
37930,2
37931,0
37932,1
37934,2
37936,2
37937,2
37938,3
37940,3
37941,3
37942,6
37943,0
37944,2
37946,2
37947,1
37948,6
37950,2
37952,5
37953,1
37954,3
37956,1
37957,0
37958,5
37959,2
37961,1
37962,4
37963,3
37965,6
37966,4
37967,6
37969,5
37970,3
37972,1
37978,0
37980,2
37981,3
37983,5
37984,2
37985,3
37986,4
37987,1
37989,5
37990,0
37993,1
37995,2
37996,5
37998,0
38001,2
38002,1
38003,0
38006,5
38008,0
38012,2
38013,6
38014,5
38016,4
38017,2
38018,4
38019,2
38020,4
38021,3
38022,1
38024,4
38025,1
38026,4
38027,6
38028,2
38029,4
38031,2
38032,2
38033,6
38034,4
38035,0
38036,2
38037,2
38038,1
38040,3
38041,1
38042,1
38043,1
38044,2
38046,5
38048,0
38049,6
38050,6
38051,6
38052,6
38053,2
38056,6
38057,4
38058,1
38059,0
38060,3
38062,5
38065,4
38066,1
38067,5
38068,2
38070,3
38071,2
38073,2
38074,6
38076,2
38077,1
38078,2
38079,6
38080,2
38082,1
38085,1
38086,2
38087,2
38088,1
38089,2
38090,3
38091,0
38093,0
38096,2
38097,4
38098,2
38099,1
38100,0
38101,4
38102,1
38106,2
38109,2
38110,0
38111,2
38112,4
38113,3
38116,3
38118,1
38119,2
38121,1
38122,0
38124,3
38125,2
38126,1
38127,2
38129,4
38131,5
38133,5
38134,6
38135,0
38136,6
38137,1
38141,5
38142,3
38143,1
38144,0
38145,6
38146,1
38148,2
38150,6
38151,1
38153,2
38154,2
38155,1
38156,1
38157,0
38160,2
38161,3
38162,3
38163,2
38164,6
38165,5
38166,2
38167,2
38168,2
38169,1
38171,0
38173,4
38174,2
38176,2
38177,3
38179,6
38180,5
38182,3
38183,3
38184,0
38185,4
38187,5
38188,0
38189,2
38190,1
38191,2
38192,0
38193,5
38196,5
38197,2
38198,1
38199,6
38200,5
38201,4
38203,5
38204,6
38206,3
38207,5
38209,4
38210,3
38212,2
38213,6
38216,4
38217,4
38221,1
38222,6
38223,6
38227,6
38228,2
38230,1
38231,1
38233,5
38234,1
38235,1
38236,2
38237,2
38238,2
38239,3
38241,3
38242,3
38243,6
38244,5
38245,5
38246,6
38248,0
38250,1
38251,5
38252,1
38255,4
38256,2
38257,0
38258,2
38259,5
38260,2
38261,1
38262,2
38263,3
38267,0
38268,1
38269,1
38270,0
38271,0
38273,2
38274,2
38275,5
38277,2
38278,2
38280,1
38281,2
38284,2
38285,4
38286,5
38288,5
38290,3
38294,2
38295,0
38297,2
38300,4
38301,2
38302,5
38305,3
38306,2
38307,6
38309,1
38310,2
38311,5
38313,3
38314,4
38317,1
38318,0
38319,1
38320,4
38321,1
38322,5
38323,4
38324,6
38325,1
38328,6
38329,2
38330,3
38331,3
38332,2
38333,5
38334,3
38335,2
38336,6
38337,2
38339,1
38340,6
38342,4
38343,4
38344,4
38345,1
38346,1
38348,3
38349,6
38350,6
38352,2
38353,2
38354,6
38355,2
38356,1
38357,2
38358,1
38359,6
38360,0
38361,2
38362,1
38363,3
38364,2
38367,3
38369,2
38370,2
38371,5
38372,1
38373,3
38374,3
38376,5
38377,4
38379,4
38380,2
38381,5
38382,0
38385,4
38386,2
38388,2
38390,4
38392,3
38393,1
38395,4
38397,4
38398,0
38399,6
38400,2
38401,5
38402,2
38404,4
38405,2
38406,0
38407,6
38408,5
38409,4
38411,4
38414,6
38415,1
38417,3
38418,6
38420,2
38421,3
38422,4
38423,0
38424,3
38426,6
38427,6
38429,6
38430,5
38431,0
38433,2
38434,4
38435,2
38438,1
38440,3
38441,2
38442,0
38444,2
38445,4
38447,2
38449,5
38450,6
38453,5
38457,2
38459,4
38460,3
38461,1
38462,2
38464,1
38465,2
38466,1
38467,6
38468,3
38470,5
38471,0
38473,5
38477,1
38478,1
38481,0
38482,5
38484,4
38486,3
38487,1
38489,2
38490,1
38492,6
38493,3
38494,6
38495,1
38497,6
38498,4
38499,2
38501,3
38502,2
38503,1
38504,0
38505,2
38506,2
38507,5
38508,6
38510,3
38511,0
38512,4
38513,2
38514,5
38516,2
38517,1
38518,2
38520,1
38521,1
38522,5
38523,2
38524,1
38525,2
38526,6
38528,1
38530,5
38531,6
38532,2
38533,1
38535,4
38537,3
38538,2
38540,1
38541,6
38543,2
38544,2
38545,5
38548,3
38550,5
38552,2
38553,2
38554,2
38555,0
38557,5
38558,3
38559,1
38560,1
38561,2
38562,1
38563,4
38564,6
38565,1
38568,0
38570,1
38571,0
38573,0
38574,5
38575,1
38576,1
38577,3
38580,6
38581,2
38582,1
38583,5
38584,6
38585,2
38586,1
38587,6
38588,6
38589,4
38591,1
38592,1
38593,2
38594,0
38595,2
38596,1
38598,1
38601,4
38602,4
38606,4
38608,3
38609,3
38610,4
38611,2
38612,0
38614,1
38615,6
38616,5
38617,3
38618,6
38619,4
38620,1
38622,4
38624,6
38625,0
38626,2
38627,2
38628,1
38630,0
38631,5
38632,4
38633,2
38634,1
38638,0
38640,2
38642,5
38643,6
38644,5
38645,4
38646,1
38648,6
38649,4
38650,6
38652,5
38654,6
38655,4
38656,4
38659,2
38661,2
38662,2
38663,2
38664,2
38666,2
38669,4
38670,5
38671,0
38673,1
38674,2
38675,4
38680,0
38681,6
38682,1
38683,4
38684,6
38685,2
38686,2
38687,5
38688,1
38689,5
38691,4
38692,3
38693,0
38694,2
38695,6
38696,2
38697,3
38698,4
38699,3
38700,4
38701,4
38703,2
38704,2
38705,5
38706,1
38708,4
38709,5
38710,0
38713,1
38714,1
38715,5
38716,0
38717,2
38718,6
38719,1
38721,2
38722,6
38725,2
38726,3
38728,3
38729,4
38730,1
38731,6
38733,1
38734,2
38737,2
38738,2
38739,6
38741,5
38743,1
38744,2
38745,1
38746,4
38747,1
38748,2
38749,3
38751,4
38752,5
38753,4
38754,3
38755,4
38756,1
38757,2
38758,1
38759,5
38761,6
38762,2
38763,3
38764,5
38766,6
38768,6
38769,3
38771,5
38772,6
38774,5
38778,1
38779,6
38780,4
38781,2
38782,6
38784,0
38786,1
38787,4
38788,2
38789,1
38791,3
38793,1
38794,5
38796,2
38797,6
38798,2
38799,2
38802,6
38803,2
38804,4
38806,2
38807,5
38808,3
38811,6
38813,6
38814,5
38815,1
38818,2
38819,1
38820,2
38821,0
38822,5
38825,5
38826,2
38827,6
38828,1
38829,2
38830,1
38831,1
38833,4
38835,0
38836,1
38837,0
38839,0
38841,6
38842,1
38843,0
38844,2
38845,0
38846,2
38849,2
38851,5
38852,6
38853,6
38854,1
38855,0
38857,5
38860,2
38861,2
38864,2
38867,5
38869,3
38871,2
38872,2
38874,0
38875,6
38876,2
38877,1
38878,1
38879,2
38880,5
38881,1
38882,6
38883,5
38884,4
38885,2
38889,5
38890,5
38891,2
38892,1
38893,2
38896,4
38897,2
38898,2
38899,0
38903,1
38904,0
38905,1
38907,0
38910,5
38912,2
38913,2
38914,6
38915,3
38916,2
38918,6
38919,1
38920,5
38921,6
38923,4
38924,2
38927,1
38928,1
38929,0
38930,3
38931,1
38934,6
38936,6
38937,3
38938,5
38939,0
38940,1
38941,1
38943,1
38944,4
38946,1
38947,2
38949,5
38950,4
38952,0
38954,5
38955,0
38956,5
38958,1
38959,0
38960,2
38962,5
38963,3
38964,1
38965,5
38967,2
38968,6
38969,4
38970,1
38971,0
38974,5
38975,6
38976,1
38977,0
38978,5
38979,4
38980,2
38981,5
38982,3
38983,3
38984,2
38985,1
38988,5
38989,2
38990,1
38996,2
38997,2
38999,2
39000,2
39001,3
39002,0
39004,2
39005,6
39006,4
39008,6
39009,1
39011,3
39012,1
39013,6
39014,6
39015,2
39016,0
39017,3
39019,0
39020,3
39021,3
39022,5
39023,6
39025,3
39026,3
39027,2
39028,5
39030,4
39031,3
39032,5
39033,2
39034,4
39035,2
39036,2
39037,4
39039,5
39040,2
39041,5
39042,4
39043,6
39044,5
39045,1
39047,1
39048,2
39049,2
39050,2
39052,3
39053,1
39054,3
39055,2
39056,1
39058,1
39059,5
39060,1
39061,6
39062,2
39067,1
39068,2
39069,6
39071,5
39075,4
39076,6
39077,5
39078,3
39080,5
39081,5
39082,2
39083,5
39084,5
39085,6
39086,5
39087,0
39088,2
39089,3
39091,4
39094,4
39095,1
39096,1
39097,0
39099,2
39100,5
39101,5
39102,5
39103,1
39104,2
39106,2
39107,1
39108,1
39109,0
39110,1
39111,2
39113,6
39115,1
39116,6
39117,5
39119,5
39120,0
39122,4
39123,1
39125,4
39126,1
39128,3
39129,1
39130,2
39131,3
39132,2
39133,0
39135,4
39136,6
39138,2
39140,1
39141,4
39145,6
39146,6
39147,2
39149,5
39151,2
39152,3
39153,2
39154,1
39156,2
39157,3
39158,1
39159,0
39161,0
39162,0
39163,5
39164,1
39165,5
39166,0
39168,4
39170,2
39173,0
39174,0
39175,5
39176,4
39178,4
39180,3
39181,1
39184,2
39185,0
39186,4
39187,1
39188,0
39190,1
39191,2
39192,0
39193,2
39194,1
39195,6
39196,2
39197,4
39198,1
39199,6
39201,6
39202,2
39203,1
39204,1
39205,2
39206,2
39207,3
39208,2
39209,4
39210,6
39212,1
39213,4
39214,5
39216,6
39218,5
39219,5
39220,5
39221,1
39223,5
39226,2
39227,6
39229,1
39230,5
39231,2
39232,5
39234,2
39236,3
39238,3
39239,5
39241,0
39242,2
39243,4
39244,4
39245,0
39246,3
39247,6
39249,2
39251,4
39252,6
39255,2
39257,2
39258,2
39260,3
39261,6
39262,6
39265,6
39267,5
39268,2
39271,2
39274,3
39275,2
39276,6
39277,1
39278,3
39279,4
39283,4
39285,5
39286,4
39287,1
39288,5
39289,5
39291,1
39292,6
39295,2
39296,3
39297,1
39298,6
39299,1
39301,2
39302,2
39304,2
39305,0
39306,0
39307,6
39308,1
39309,2
39310,1
39311,4
39312,2
39313,0
39314,3
39317,1
39318,4
39320,4
39322,6
39323,5
39330,2
39332,2
39333,3
39335,1
39336,5
39337,4
39338,4
39339,4
39340,2
39343,3
39344,0
39345,2
39346,1
39347,3
39348,0
39349,0
39350,3
39351,6
39353,3
39354,2
39355,3
39356,2
39357,2
39358,1
39359,5
39360,2
39363,1
39365,4
39368,5
39369,4
39370,4
39371,6
39372,6
39373,6
39375,4
39378,3
39379,5
39381,5
39382,2
39384,3
39385,3
39386,1
39387,2
39388,1
39391,2
39392,4
39394,3
39395,1
39397,6
39398,2
39400,5
39401,5
39402,1
39404,3
39405,1
39413,3
39414,4
39416,4
39417,2
39418,1
39419,6
39420,3
39423,2
39424,4
39426,6
39427,1
39428,3
39429,3
39430,1
39431,0
39433,6
39435,5
39437,4
39439,3
39440,3
39443,0
39445,1
39447,2
39448,3
39449,3
39451,1
39452,4
39453,2
39454,6
39456,0
39458,4
39459,0
39460,2
39461,1
39463,1
39464,6
39465,2
39466,6
39470,6
39472,2
39475,0
39476,5
39477,1
39478,1
39479,1
39480,0
39481,3
39482,1
39484,2
39485,5
39486,1
39487,5
39488,0
39489,2
39490,2
39491,1
39492,1
39493,6
39497,1
39498,1
39499,4
39501,4
39502,2
39503,6
39504,3
39505,1
39506,6
39507,1
39511,2
39512,4
39513,6
39514,3
39515,1
39516,6
39517,1
39518,0
39519,2
39521,5
39525,0
39526,2
39527,2
39528,5
39529,2
39531,1
39532,3
39533,1
39534,4
39535,0
39536,1
39537,2
39538,2
39539,5
39543,3
39544,2
39545,2
39546,1
39548,2
39549,2
39550,3
39551,2
39552,0
39553,3
39554,4
39555,5
39559,2
39560,0
39561,0
39563,1
39565,5
39568,3
39569,2
39571,1
39572,0
39573,6
39574,3
39575,2
39576,5
39578,5
39579,2
39581,4
39582,1
39583,0
39585,2
39587,5
39588,2
39589,1
39590,1
39591,1
39592,0
39594,2
39596,1
39598,1
39603,2
39604,4
39608,2
39609,1
39610,0
39611,1
39614,2
39615,5
39617,3
39618,1
39620,4
39621,1
39622,0
39623,5
39624,2
39625,4
39628,1
39629,2
39631,6
39632,0
39633,1
39637,2
39639,2
39640,1
39641,1
39643,1
39644,1
39645,1
39646,2
39648,5
39649,1
39652,2
39653,0
39654,2
39658,1
39659,2
39660,1
39662,6
39663,1
39664,1
39665,5
39666,5
39667,5
39668,1
39670,2
39672,1
39673,4
39674,4
39675,1
39677,0
39678,0
39679,0
39681,0
39683,1
39684,5
39685,2
39686,1
39687,2
39689,5
39690,1
39691,1
39692,5
39693,3
39694,5
39696,1
39697,4
39698,0
39699,5
39700,6
39703,2
39705,5
39706,3
39707,6
39708,6
39710,2
39711,1
39713,5
39714,6
39715,1
39717,2
39718,2
39719,2
39721,6
39722,0
39723,6
39726,5
39729,2
39730,4
39731,1
39732,6
39733,2
39735,5
39736,2
39737,5
39738,2
39739,0
39740,3
39741,2
39742,1
39743,1
39744,5
39745,1
39746,4
39747,5
39748,1
39750,6
39751,3
39752,1
39753,0
39755,3
39757,2
39758,6
39759,4
39760,4
39761,6
39762,5
39763,6
39764,0
39765,0
39766,3
39767,0
39768,0
39770,3
39771,6
39772,6
39773,1
39774,2
39775,5
39777,4
39778,1
39779,5
39780,0
39782,1
39784,1
39786,1
39787,2
39788,2
39789,2
39791,6
39793,2
39796,2
39797,3
39798,4
39799,6
39801,1
39805,5
39806,4
39807,1
39808,1
39809,4
39810,0
39811,4
39812,0
39815,0
39817,2
39818,1
39819,6
39820,1
39824,2
39825,1
39826,2
39827,6
39828,2
39829,2
39830,0
39832,1
39833,1
39834,6
39835,0
39836,5
39837,5
39839,0
39840,2
39842,0
39843,6
39844,3
39845,4
39846,5
39848,2
39853,4
39855,2
39856,5
39857,2
39858,4
39859,1
39860,2
39862,1
39863,2
39865,4
39866,5
39867,5
39868,2
39869,2
39870,3
39871,3
39872,5
39874,2
39875,2
39877,2
39878,0
39879,2
39882,1
39883,2
39884,1
39885,6
39886,6
39887,5
39889,0
39890,2
39891,6
39892,0
39893,1
39894,1
39895,1
39896,3
39897,5
39898,1
39899,1
39900,2
39901,3
39904,3
39907,1
39908,0
39909,0
39910,1
39911,5
39913,0
39914,2
39915,3
39916,1
39918,1
39919,3
39920,5
39922,3
39923,1
39924,5
39925,4
39926,4
39927,6
39930,5
39933,6
39934,0
39938,1
39939,6
39941,4
39942,3
39944,6
39945,2
39946,0
39947,1
39948,2
39950,2
39954,6
39956,2
39957,1
39963,0
39964,2
39965,6
39966,4
39967,2
39968,6
39970,0
39971,6
39972,5
39974,5
39975,1
39977,4
39978,5
39979,0
39980,3
39981,1
39983,1
39984,2
39985,6
39988,5
39989,2
39991,3
39992,2
39994,2
39998,6
39999,2
40000,5
