customer_id,cluster_kmeans
3,3
4,0
5,4
7,1
9,5
10,2
14,5
15,0
16,3
18,1
19,4
20,2
22,0
24,5
25,3
26,2
27,3
28,3
29,4
30,5
31,1
34,4
35,4
36,2
37,2
38,3
39,2
40,2
41,5
42,3
44,0
46,0
48,3
49,2
50,2
52,1
53,3
55,2
57,3
59,3
60,4
61,5
62,2
64,3
66,5
69,0
71,5
72,0
73,1
74,0
75,1
76,4
77,0
78,2
80,3
81,3
83,1
84,2
85,4
86,2
87,2
89,5
90,1
91,3
92,3
94,5
95,1
97,3
100,3
102,1
103,0
105,2
106,1
107,2
108,3
109,0
112,3
114,4
115,1
116,1
117,2
119,5
121,2
122,2
123,2
124,0
125,5
127,2
128,1
129,0
130,4
131,4
132,3
134,3
135,4
136,3
137,5
141,0
142,2
144,1
145,1
146,5
147,2
148,5
149,2
154,1
157,3
158,3
159,3
160,5
161,4
162,3
163,5
165,2
166,2
168,3
170,1
171,3
172,5
173,3
174,4
176,3
179,4
180,2
182,3
184,1
185,2
186,2
188,5
189,0
191,3
192,3
196,3
197,5
198,3
199,4
200,2
201,2
202,4
203,3
204,3
205,0
206,2
207,2
208,2
211,2
212,4
213,4
214,3
215,2
216,3
218,3
220,4
221,2
225,3
226,5
229,2
231,2
232,3
233,1
235,3
236,1
238,3
240,1
241,4
243,0
244,4
245,4
248,2
249,3
250,5
251,4
254,3
256,2
257,2
258,4
259,3
260,1
261,2
262,3
263,1
264,0
266,4
270,0
272,3
274,2
278,2
280,2
282,3
283,3
285,5
287,4
290,4
292,4
295,3
296,4
297,0
298,0
299,2
300,1
301,2
303,0
304,4
305,4
306,3
307,0
308,3
310,2
311,0
312,3
313,3
315,3
317,0
322,2
323,3
324,0
325,2
326,2
328,3
329,0
330,3
331,1
336,3
338,1
339,2
341,4
342,2
343,3
344,2
346,3
347,2
350,4
351,4
352,4
353,2
355,4
356,0
358,5
362,4
363,1
364,5
365,5
366,5
367,4
368,3
369,4
370,3
371,2
372,2
373,2
375,2
376,3
377,3
378,4
379,2
381,3
382,4
383,2
384,3
385,4
387,3
390,1
391,2
392,3
396,1
397,4
399,0
400,0
402,3
403,0
405,2
406,2
407,3
408,1
410,2
411,4
412,1
413,2
414,2
416,0
417,0
419,5
420,5
421,4
422,2
424,5
425,0
426,1
427,3
428,2
429,4
431,2
432,0
435,2
436,4
437,2
438,2
440,3
441,0
443,2
445,1
446,3
447,4
448,4
449,4
450,2
451,2
452,2
453,2
455,2
456,0
457,5
461,2
464,4
465,1
467,0
470,1
471,3
472,1
473,2
474,2
475,5
476,2
477,2
479,3
480,0
481,1
482,4
484,4
485,3
487,3
488,2
489,4
490,2
492,3
494,3
495,4
496,5
497,2
498,4
499,3
502,3
503,2
504,2
505,2
506,4
508,2
509,1
510,2
511,3
513,1
514,3
515,5
516,1
517,5
518,4
520,2
521,4
522,3
524,4
526,0
527,4
528,3
529,3
530,3
531,2
532,4
533,4
534,2
535,5
536,5
537,2
538,3
539,3
540,3
541,3
543,3
545,4
547,5
548,3
549,0
550,3
551,3
552,3
554,3
556,1
557,3
559,3
561,3
562,3
566,5
568,1
569,0
570,2
571,2
573,2
574,4
575,3
577,3
578,4
579,2
580,2
581,4
582,2
584,3
585,3
587,1
589,1
592,4
593,3
594,3
595,2
596,2
597,3
603,0
604,4
605,3
611,5
613,1
614,3
615,4
617,3
618,5
619,3
622,3
623,5
624,4
625,3
626,3
627,2
628,2
629,5
631,4
632,3
633,4
634,1
635,5
637,3
638,1
639,2
640,4
641,5
642,5
644,0
645,4
646,3
647,4
648,1
654,2
655,4
656,2
657,3
658,4
659,3
660,0
662,2
663,3
664,4
666,3
668,0
669,5
671,3
673,1
674,0
675,0
676,5
677,4
678,5
679,4
681,4
682,0
685,0
686,3
687,3
689,4
691,3
692,1
694,2
695,2
697,2
699,3
700,3
701,4
703,1
704,0
705,1
707,0
708,0
709,0
710,5
712,4
715,3
718,3
721,3
723,4
725,4
727,4
728,2
729,4
730,4
731,3
732,0
733,5
734,4
735,2
736,2
737,2
738,3
739,3
741,0
742,4
743,3
744,5
745,2
746,1
747,3
749,5
752,4
753,5
757,2
758,3
759,4
761,3
762,3
763,3
764,4
765,0
766,1
767,4
768,5
769,3
771,4
772,0
773,5
776,2
779,0
780,4
783,3
785,4
787,1
789,3
791,1
792,0
793,3
794,3
795,5
797,4
798,2
799,3
800,2
805,4
806,1
808,3
810,3
811,4
812,2
813,3
814,3
815,3
816,3
818,2
819,4
820,3
823,0
824,2
826,0
830,5
831,4
832,4
835,3
836,5
837,5
838,3
839,0
840,3
842,3
843,4
844,3
845,3
846,3
847,3
848,2
849,2
851,0
852,2
853,2
854,0
856,1
859,5
860,4
862,2
863,0
864,3
865,5
866,5
867,3
868,5
870,3
873,3
874,1
875,2
876,0
878,5
879,5
880,0
883,0
884,5
886,3
887,4
889,4
890,3
891,0
893,3
896,4
897,2
898,3
900,3
901,3
902,2
903,2
904,4
905,2
906,4
908,2
909,5
910,5
911,2
913,4
914,3
916,3
918,4
919,1
920,4
921,4
922,2
923,4
925,0
926,3
927,3
928,3
930,3
931,0
933,1
934,2
935,1
936,4
937,1
938,2
939,1
940,0
941,5
942,1
944,0
945,4
946,4
947,2
948,3
950,2
953,3
954,0
955,4
956,2
957,2
958,4
960,1
963,5
964,2
965,4
966,3
967,1
968,0
969,3
970,3
973,4
974,0
975,0
977,1
978,4
979,1
980,3
981,3
982,1
983,5
986,3
990,3
991,1
992,2
993,4
994,2
996,2
997,5
998,3
1000,0
1001,0
1002,5
1003,2
1004,4
1007,5
1008,5
1011,3
1015,1
1016,2
1018,3
1019,0
1021,1
1022,3
1023,2
1024,4
1025,2
1026,1
1027,2
1029,0
1030,2
1031,4
1032,3
1033,0
1034,2
1035,2
1038,3
1039,3
1040,2
1041,0
1042,2
1043,4
1044,3
1046,4
1048,3
1049,3
1050,1
1051,5
1052,4
1055,1
1058,3
1060,2
1061,3
1063,4
1064,2
1065,1
1066,3
1067,5
1069,2
1071,1
1072,1
1073,2
1074,2
1075,2
1076,2
1077,1
1078,4
1079,5
1080,5
1082,4
1084,3
1085,3
1086,1
1087,4
1088,3
1092,3
1093,0
1094,2
1095,2
1096,5
1098,0
1099,1
1101,3
1103,1
1104,1
1105,2
1108,4
1110,3
1112,5
1114,2
1115,1
1117,5
1118,3
1119,4
1120,2
1121,3
1122,1
1123,4
1124,0
1125,3
1128,4
1129,1
1130,4
1131,0
1134,5
1135,3
1136,0
1137,2
1139,1
1140,1
1141,3
1142,3
1143,4
1145,2
1146,1
1150,2
1153,2
1154,2
1155,4
1156,1
1157,5
1158,5
1159,0
1160,1
1163,4
1164,2
1167,2
1168,3
1170,2
1171,3
1172,2
1173,2
1175,0
1177,1
1178,4
1179,1
1181,0
1182,3
1183,1
1184,2
1187,2
1189,3
1190,2
1191,1
1193,2
1194,4
1197,0
1199,3
1200,3
1201,2
1203,1
1205,3
1206,4
1207,2
1209,2
1210,0
1211,2
1212,3
1213,3
1216,5
1217,0
1218,2
1222,3
1224,2
1227,1
1228,0
1229,4
1230,2
1231,4
1233,4
1234,3
1235,0
1236,5
1237,5
1238,5
1239,2
1240,1
1241,4
1242,2
1243,0
1245,2
1246,4
1247,5
1249,2
1250,4
1253,1
1255,2
1256,4
1257,4
1258,4
1259,5
1261,2
1262,4
1263,4
1264,4
1265,3
1266,0
1268,2
1269,3
1271,3
1272,4
1273,5
1274,3
1275,2
1277,3
1278,3
1279,4
1280,5
1281,3
1282,1
1283,2
1284,5
1285,3
1286,2
1290,3
1291,0
1293,4
1294,1
1295,3
1296,2
1297,0
1300,3
1301,2
1302,3
1303,1
1304,1
1305,3
1306,4
1307,4
1310,2
1311,3
1312,2
1314,5
1315,1
1316,4
1317,3
1318,3
1320,3
1321,4
1322,5
1323,5
1326,2
1327,3
1328,3
1329,0
1330,3
1331,5
1332,3
1333,2
1334,3
1335,2
1339,1
1340,0
1341,2
1342,2
1343,3
1344,0
1345,3
1346,2
1347,2
1348,3
1350,2
1351,5
1352,1
1353,2
1354,5
1355,3
1356,3
1357,3
1358,3
1359,3
1360,5
1361,4
1362,2
1363,2
1364,2
1366,1
1367,3
1368,2
1370,4
1371,2
1373,3
1374,2
1376,0
1377,2
1378,3
1379,0
1380,3
1381,5
1383,3
1387,2
1388,3
1389,3
1390,0
1391,4
1392,5
1393,4
1396,2
1397,5
1398,5
1399,3
1400,5
1401,0
1402,0
1403,2
1404,4
1405,0
1406,5
1408,1
1409,1
1411,4
1412,2
1413,4
1415,3
1417,3
1419,2
1420,2
1422,2
1423,2
1424,3
1426,3
1427,3
1428,5
1429,2
1430,5
1431,3
1432,2
1433,3
1434,4
1435,0
1436,1
1437,2
1438,3
1439,2
1440,3
1441,4
1442,2
1443,2
1444,4
1447,3
1448,3
1450,4
1451,2
1452,0
1453,1
1454,2
1456,5
1461,5
1462,3
1463,2
1465,2
1466,3
1467,2
1468,1
1469,2
1471,2
1474,1
1476,4
1477,2
1478,5
1480,5
1483,0
1485,3
1486,3
1487,3
1488,5
1489,3
1490,1
1492,2
1495,4
1496,4
1497,1
1498,5
1500,2
1501,4
1502,3
1503,0
1504,4
1505,3
1506,4
1510,4
1511,2
1512,0
1513,1
1514,3
1517,3
1518,5
1522,4
1523,4
1524,4
1526,0
1528,2
1529,2
1530,1
1531,4
1532,3
1533,0
1534,4
1535,4
1536,4
1538,3
1539,2
1541,2
1544,2
1546,3
1547,2
1550,3
1551,3
1552,2
1553,2
1555,0
1556,1
1557,1
1559,4
1560,0
1561,3
1562,4
1564,3
1565,5
1566,4
1568,0
1570,1
1571,3
1572,3
1580,5
1581,1
1583,5
1584,3
1585,0
1586,2
1587,0
1591,3
1592,2
1593,1
1596,2
1597,4
1598,5
1599,2
1600,2
1601,2
1602,4
1603,2
1604,5
1605,1
1606,3
1608,2
1609,0
1610,2
1611,3
1612,2
1613,3
1614,2
1616,3
1618,3
1620,5
1621,5
1622,0
1623,4
1625,5
1626,4
1627,5
1628,3
1629,0
1631,2
1633,4
1636,2
1637,3
1638,4
1639,4
1642,0
1643,5
1644,3
1646,0
1647,1
1649,4
1650,4
1651,4
1652,2
1653,0
1655,4
1657,2
1658,4
1659,0
1660,2
1661,3
1662,4
1665,2
1667,3
1669,1
1670,2
1671,5
1672,5
1673,4
1675,0
1676,3
1677,0
1678,4
1681,2
1682,3
1683,4
1684,3
1685,3
1686,0
1687,4
1688,4
1689,2
1690,0
1691,4
1692,4
1693,1
1694,3
1695,3
1696,2
1698,2
1699,4
1701,2
1702,1
1703,3
1704,0
1705,5
1707,1
1708,4
1709,3
1710,3
1711,3
1712,4
1714,4
1715,5
1716,2
1717,1
1718,3
1719,4
1720,3
1721,2
1722,0
1723,0
1724,0
1726,1
1727,5
1728,2
1729,0
1730,1
1732,0
1733,2
1734,2
1735,4
1736,0
1737,2
1738,0
1739,3
1741,3
1744,1
1747,4
1749,3
1750,2
1751,2
1752,2
1753,0
1754,1
1755,2
1756,5
1757,0
1758,4
1759,5
1760,4
1761,5
1763,3
1764,3
1767,5
1770,3
1771,3
1772,2
1773,3
1775,2
1778,2
1779,2
1780,5
1781,3
1783,1
1784,2
1785,3
1786,3
1787,4
1788,3
1789,2
1790,2
1791,3
1792,3
1793,3
1794,2
1795,0
1796,3
1797,3
1798,1
1799,3
1800,2
1803,0
1804,3
1805,3
1806,3
1807,2
1808,5
1809,3
1810,0
1811,4
1813,1
1814,2
1818,4
1820,5
1825,2
1828,1
1829,2
1830,3
1831,5
1832,4
1833,3
1834,3
1835,1
1836,2
1837,5
1838,4
1839,5
1840,3
1841,4
1844,5
1845,2
1848,4
1849,1
1850,1
1853,3
1854,4
1856,5
1859,2
1860,3
1861,3
1863,4
1864,2
1865,3
1866,2
1867,0
1869,1
1870,3
1871,2
1872,4
1874,5
1876,1
1877,2
1878,5
1880,3
1881,3
1882,2
1884,2
1886,5
1888,3
1889,0
1890,3
1891,0
1893,4
1897,4
1898,3
1900,1
1903,5
1905,4
1906,2
1908,1
1910,4
1911,1
1912,4
1914,3
1915,4
1917,3
1918,3
1920,2
1922,1
1923,3
1924,2
1925,3
1926,1
1927,0
1928,4
1930,2
1931,5
1932,0
1936,5
1939,1
1940,3
1941,1
1942,3
1943,2
1944,0
1945,4
1946,2
1948,2
1949,0
1950,4
1951,1
1952,5
1953,3
1954,1
1956,3
1957,0
1958,3
1962,0
1963,2
1964,2
1965,2
1967,2
1969,5
1970,3
1971,5
1972,3
1973,0
1975,2
1976,4
1977,2
1979,2
1980,5
1982,4
1984,2
1985,3
1986,0
1987,0
1990,3
1991,3
1992,4
1993,3
1994,3
1995,5
1996,3
1999,5
2000,3
2001,1
2002,3
2004,5
2005,1
2006,4
2007,2
2008,4
2009,0
2011,1
2012,1
2013,3
2014,3
2015,2
2016,5
2017,1
2020,0
2022,1
2023,3
2024,4
2025,2
2026,3
2027,5
2028,3
2029,2
2031,2
2032,0
2033,3
2034,1
2035,5
2038,4
2039,5
2040,4
2041,4
2042,2
2043,2
2044,5
2045,1
2046,5
2047,3
2049,3
2051,3
2053,1
2055,3
2058,0
2059,5
2061,0
2062,4
2063,2
2064,3
2065,1
2066,3
2067,3
2069,2
2070,4
2071,4
2072,5
2075,5
2076,5
2077,3
2078,4
2082,4
2083,2
2084,3
2085,0
2086,3
2087,2
2090,2
2091,5
2093,3
2094,0
2095,3
2098,2
2099,3
2100,3
2101,1
2103,3
2104,3
2105,1
2107,3
2108,0
2109,2
2111,3
2112,2
2113,2
2116,1
2117,4
2118,4
2119,4
2121,5
2123,4
2124,0
2125,0
2126,3
2127,4
2128,0
2129,0
2130,3
2132,3
2133,1
2134,1
2135,1
2137,0
2139,1
2143,1
2144,1
2146,2
2148,3
2149,4
2150,2
2151,3
2154,5
2155,2
2158,5
2159,2
2160,1
2161,2
2162,3
2163,0
2165,5
2167,3
2168,5
2169,5
2172,2
2174,5
2175,5
2176,4
2177,5
2178,4
2179,0
2182,0
2185,3
2186,4
2188,5
2189,0
2190,4
2191,2
2192,5
2193,3
2195,3
2196,1
2197,2
2199,3
2200,2
2203,2
2204,4
2205,5
2206,3
2207,4
2209,0
2210,3
2212,0
2213,3
2214,0
2215,5
2217,5
2218,4
2222,3
2223,0
2224,5
2225,4
2226,5
2227,1
2228,1
2231,3
2232,3
2233,0
2234,3
2236,3
2238,3
2239,1
2240,4
2242,0
2243,0
2244,4
2248,3
2249,5
2250,0
2252,2
2253,0
2255,0
2256,3
2257,2
2259,0
2261,3
2262,2
2263,3
2265,3
2266,5
2267,2
2268,1
2269,2
2271,0
2272,4
2273,3
2275,1
2276,2
2277,2
2279,1
2280,4
2285,2
2286,0
2288,3
2289,3
2290,0
2291,2
2292,2
2293,3
2295,4
2296,4
2297,4
2299,4
2302,3
2303,1
2304,2
2305,0
2306,0
2309,3
2310,2
2311,1
2312,3
2313,3
2314,1
2315,0
2316,3
2317,2
2318,5
2319,4
2320,0
2321,1
2323,5
2326,5
2328,1
2330,3
2331,1
2332,1
2333,5
2334,2
2336,3
2337,1
2338,1
2339,4
2340,4
2341,1
2343,3
2344,4
2345,4
2346,4
2347,4
2348,5
2349,3
2351,2
2352,3
2354,1
2356,2
2357,4
2358,4
2359,3
2360,2
2361,0
2363,3
2364,0
2365,2
2369,4
2370,4
2372,3
2373,3
2376,3
2377,0
2378,3
2379,5
2380,4
2381,2
2382,4
2385,1
2386,5
2388,3
2389,1
2392,2
2393,3
2394,1
2395,3
2397,3
2398,5
2399,0
2401,1
2402,3
2403,3
2404,3
2405,1
2406,0
2407,2
2408,2
2409,2
2411,4
2412,2
2413,1
2414,5
2416,4
2417,4
2418,0
2419,3
2420,3
2421,5
2422,4
2423,2
2426,2
2427,3
2428,3
2431,1
2432,4
2433,0
2435,3
2437,5
2438,2
2439,4
2442,1
2443,4
2445,4
2447,3
2448,3
2452,3
2453,3
2456,2
2457,0
2458,0
2459,0
2462,3
2463,3
2464,0
2465,3
2467,0
2468,1
2469,3
2470,0
2471,5
2473,3
2474,4
2476,0
2478,2
2479,0
2480,2
2484,2
2485,4
2486,2
2488,3
2490,3
2491,3
2492,3
2494,2
2495,5
2496,0
2498,1
2499,2
2500,5
2502,2
2503,5
2504,4
2505,1
2506,3
2507,4
2508,1
2509,5
2511,5
2512,5
2514,3
2515,5
2517,3
2518,3
2520,2
2521,3
2522,4
2524,5
2525,0
2526,2
2528,2
2529,5
2530,2
2531,4
2533,1
2534,5
2538,5
2541,3
2542,2
2544,2
2545,0
2546,4
2547,2
2549,2
2550,4
2552,3
2553,0
2554,0
2555,1
2556,0
2557,5
2558,2
2559,2
2560,1
2561,5
2564,3
2565,5
2566,4
2567,1
2569,3
2570,4
2572,3
2573,4
2575,1
2576,1
2577,3
2580,0
2583,1
2584,3
2586,2
2590,2
2591,3
2592,1
2593,4
2594,0
2596,2
2597,3
2599,3
2600,2
2601,3
2602,5
2603,2
2604,2
2606,5
2607,2
2610,3
2611,4
2612,3
2614,3
2615,1
2617,3
2618,2
2619,3
2621,2
2622,2
2625,4
2626,4
2627,0
2628,1
2629,3
2631,3
2633,5
2634,1
2638,5
2639,4
2640,3
2643,3
2644,3
2645,3
2647,3
2648,3
2649,5
2650,5
2651,2
2652,4
2653,3
2654,4
2655,4
2657,5
2659,3
2660,1
2661,0
2663,3
2664,3
2665,2
2667,3
2668,5
2669,5
2670,1
2671,2
2672,4
2674,4
2675,4
2676,2
2677,3
2678,3
2681,4
2682,2
2683,3
2685,3
2686,1
2690,2
2694,3
2695,3
2696,5
2697,3
2698,2
2699,5
2701,3
2702,3
2703,3
2704,3
2705,4
2706,2
2707,3
2708,2
2709,0
2710,3
2711,3
2712,3
2713,1
2715,4
2716,3
2718,4
2719,2
2720,0
2721,0
2722,1
2723,5
2725,0
2727,3
2728,4
2729,4
2732,1
2733,4
2734,5
2735,4
2737,4
2738,2
2740,4
2741,0
2742,0
2743,3
2745,4
2746,0
2747,3
2750,2
2751,4
2752,5
2754,3
2756,0
2757,0
2759,2
2760,2
2761,0
2762,2
2764,3
2766,3
2769,4
2772,1
2774,5
2775,2
2777,2
2778,5
2780,2
2782,3
2784,2
2786,2
2789,1
2790,3
2792,2
2793,0
2794,2
2796,1
2797,5
2798,4
2799,3
2800,2
2801,0
2802,4
2803,0
2804,4
2807,3
2808,2
2809,5
2810,0
2811,4
2812,4
2813,2
2814,4
2815,3
2818,5
2819,2
2821,2
2822,4
2823,2
2824,3
2826,2
2828,2
2829,2
2830,3
2832,5
2833,1
2834,0
2836,5
2837,3
2838,5
2840,0
2841,4
2842,0
2843,4
2844,2
2846,2
2848,1
2850,3
2853,0
2854,2
2855,1
2856,1
2858,5
2860,5
2861,0
2863,3
2865,3
2866,4
2867,2
2869,4
2870,0
2875,4
2877,5
2878,5
2880,1
2882,0
2883,1
2884,2
2885,3
2886,3
2887,2
2888,3
2892,3
2893,3
2894,2
2896,0
2897,5
2899,2
2900,3
2901,4
2902,0
2903,3
2904,0
2905,4
2906,2
2907,3
2908,1
2909,4
2910,2
2911,1
2912,4
2913,3
2916,3
2917,3
2918,0
2919,1
2920,1
2921,4
2923,5
2925,5
2926,0
2927,1
2929,3
2930,3
2932,3
2934,0
2935,0
2936,5
2939,4
2940,5
2942,2
2943,3
2944,2
2945,2
2946,5
2947,3
2948,4
2949,2
2951,3
2952,1
2953,2
2955,2
2956,3
2958,0
2959,0
2960,2
2961,3
2962,4
2963,1
2965,4
2967,4
2969,3
2972,2
2974,3
2975,2
2976,2
2977,3
2978,2
2980,3
2981,3
2982,3
2984,0
2985,3
2987,4
2989,2
2991,4
2992,4
2993,2
2995,3
2996,5
2997,0
2998,4
2999,2
3001,2
3002,4
3003,4
3004,4
3005,0
3007,4
3008,0
3009,4
3010,5
3011,2
3012,4
3013,5
3015,3
3017,3
3019,1
3020,4
3021,0
3024,4
3025,0
3026,4
3028,3
3029,3
3030,2
3032,0
3033,5
3035,3
3036,3
3037,2
3038,2
3039,4
3040,5
3042,3
3043,2
3044,2
3045,5
3046,4
3048,0
3049,5
3050,3
3051,1
3052,3
3053,3
3054,2
3056,2
3057,2
3060,2
3063,1
3064,3
3065,0
3067,0
3069,4
3070,4
3071,0
3072,2
3075,1
3076,2
3079,4
3081,2
3082,2
3083,4
3086,2
3088,3
3089,4
3090,2
3091,2
3092,4
3093,3
3094,4
3095,2
3096,0
3097,4
3098,5
3099,2
3101,3
3105,2
3106,5
3110,2
3112,3
3114,4
3115,5
3117,0
3118,1
3119,1
3120,3
3121,2
3124,2
3129,2
3130,3
3131,5
3132,0
3133,3
3135,4
3139,2
3140,3
3143,3
3146,3
3147,2
3149,0
3150,4
3155,4
3156,0
3157,2
3159,3
3160,3
3161,4
3162,3
3163,5
3164,1
3165,1
3168,5
3169,2
3170,5
3171,0
3172,2
3173,3
3175,3
3176,3
3177,4
3178,1
3179,0
3180,2
3183,3
3184,2
3185,0
3186,4
3187,4
3188,3
3189,4
3190,2
3192,4
3193,4
3194,0
3196,3
3197,4
3198,3
3200,3
3201,2
3202,0
3204,3
3205,3
3206,5
3207,4
3209,3
3211,4
3213,5
3214,2
3216,4
3217,1
3219,1
3220,0
3221,1
3223,0
3224,2
3225,3
3227,3
3230,4
3232,1
3234,0
3235,0
3238,1
3240,2
3241,4
3242,0
3243,3
3244,2
3245,0
3246,3
3247,4
3249,3
3250,5
3251,2
3253,1
3255,5
3258,4
3259,3
3262,4
3264,3
3265,2
3266,4
3267,2
3269,4
3270,1
3271,5
3272,3
3273,5
3274,2
3275,0
3276,0
3278,5
3279,0
3280,2
3283,1
3287,3
3288,3
3289,3
3291,3
3293,2
3294,3
3295,3
3296,3
3297,2
3298,4
3299,4
3300,3
3301,5
3303,4
3306,1
3307,4
3309,5
3310,1
3311,3
3312,3
3314,4
3315,3
3317,3
3322,5
3324,2
3325,4
3328,3
3329,2
3330,5
3332,2
3334,2
3335,4
3336,0
3337,1
3338,2
3341,1
3342,0
3343,4
3345,3
3346,2
3347,2
3349,3
3350,1
3352,2
3354,3
3356,3
3359,5
3360,2
3361,4
3362,0
3363,3
3364,3
3365,4
3366,3
3367,3
3369,1
3370,0
3371,5
3372,4
3374,2
3377,4
3378,3
3379,4
3381,3
3382,1
3383,5
3384,2
3387,2
3388,2
3389,2
3390,3
3391,4
3392,5
3393,3
3395,4
3396,2
3397,4
3398,5
3399,2
3400,2
3401,0
3402,5
3404,3
3410,2
3411,5
3412,2
3413,3
3415,4
3416,2
3419,4
3421,2
3422,2
3425,1
3427,5
3428,1
3430,3
3431,4
3432,2
3433,3
3434,0
3435,1
3440,2
3442,2
3443,5
3444,3
3446,2
3447,4
3448,0
3449,3
3451,0
3454,2
3455,5
3456,1
3458,1
3459,3
3460,5
3461,2
3463,2
3464,2
3465,3
3466,3
3467,3
3468,2
3469,4
3471,3
3472,2
3473,3
3474,3
3475,3
3476,4
3478,2
3479,3
3481,4
3483,3
3484,3
3485,0
3486,3
3489,0
3490,3
3491,4
3492,2
3493,4
3494,4
3495,2
3496,0
3497,4
3498,3
3501,1
3502,3
3504,2
3505,3
3507,3
3508,2
3511,3
3513,0
3516,5
3517,3
3518,2
3519,2
3521,4
3522,3
3523,1
3524,2
3525,1
3526,3
3530,3
3535,3
3536,0
3537,1
3538,4
3539,5
3541,4
3542,4
3543,5
3544,5
3546,4
3547,5
3551,3
3552,3
3553,2
3554,3
3555,1
3556,4
3560,4
3562,3
3564,2
3565,3
3567,0
3568,4
3569,0
3570,2
3571,1
3572,4
3573,5
3575,1
3576,0
3578,4
3579,2
3580,2
3581,1
3584,4
3585,4
3586,3
3587,5
3588,2
3589,2
3591,2
3593,5
3594,2
3595,4
3596,1
3598,0
3599,3
3601,2
3603,4
3604,0
3605,3
3607,3
3608,2
3610,3
3612,3
3615,3
3616,4
3617,5
3618,1
3619,2
3620,3
3622,4
3623,3
3625,3
3626,4
3627,3
3628,1
3631,2
3633,4
3635,2
3639,0
3640,2
3641,1
3642,3
3643,3
3644,3
3645,1
3646,1
3647,2
3648,4
3649,5
3650,2
3652,4
3653,5
3654,2
3655,3
3656,1
3658,4
3660,2
3661,3
3662,0
3664,4
3665,0
3666,5
3668,3
3669,3
3670,3
3671,0
3672,4
3674,0
3675,5
3677,4
3679,0
3680,3
3681,1
3682,4
3684,3
3689,4
3690,0
3691,2
3692,3
3693,2
3694,4
3695,3
3696,0
3697,2
3699,3
3703,1
3704,1
3705,1
3707,5
3708,3
3712,0
3713,4
3715,3
3716,5
3717,4
3718,4
3719,3
3720,2
3721,4
3722,4
3723,3
3728,4
3729,1
3732,1
3733,3
3734,1
3735,3
3736,1
3737,4
3739,2
3740,3
3743,0
3745,4
3748,3
3749,2
3751,2
3752,3
3753,5
3754,2
3757,3
3760,2
3761,4
3762,3
3763,2
3765,3
3770,2
3771,5
3772,2
3773,5
3774,4
3775,1
3777,4
3779,2
3780,5
3781,2
3782,1
3783,2
3785,0
3786,3
3789,3
3790,1
3791,2
3792,1
3793,4
3795,5
3796,0
3797,4
3798,4
3799,3
3800,3
3801,4
3802,3
3803,2
3805,2
3807,0
3808,2
3809,5
3811,0
3812,4
3813,0
3814,5
3816,3
3817,3
3818,2
3819,2
3821,3
3822,2
3823,1
3824,4
3825,5
3828,3
3830,4
3831,1
3833,2
3837,2
3838,1
3839,3
3840,3
3841,3
3842,4
3843,4
3844,1
3845,1
3846,3
3847,2
3848,5
3849,1
3852,0
3855,5
3856,4
3858,3
3859,4
3860,0
3861,1
3862,2
3863,5
3864,3
3865,0
3866,3
3867,4
3868,1
3869,4
3870,0
3872,3
3873,0
3874,3
3875,4
3876,3
3877,1
3878,4
3879,4
3881,3
3882,2
3883,4
3884,5
3887,2
3889,5
3892,3
3894,4
3895,2
3896,3
3899,3
3900,3
3901,4
3902,5
3903,2
3904,0
3905,2
3907,3
3908,3
3910,5
3912,4
3913,1
3914,2
3916,4
3917,2
3920,1
3922,3
3925,2
3926,5
3927,1
3932,3
3933,2
3934,2
3937,4
3938,4
3940,0
3942,4
3943,4
3944,3
3946,0
3947,2
3948,0
3949,4
3950,0
3951,0
3952,5
3953,3
3954,3
3955,4
3956,4
3957,0
3958,3
3960,2
3963,3
3965,2
3967,1
3970,5
3971,4
3972,2
3973,0
3974,2
3977,0
3978,4
3979,1
3980,1
3981,0
3985,1
3986,3
3988,1
3989,2
3991,1
3992,4
3993,2
3994,0
3995,5
3996,2
3997,2
3998,5
3999,2
4000,4
4002,1
4003,5
4005,5
4007,0
4008,5
4009,5
4010,3
4011,4
4013,3
4014,0
4015,3
4016,0
4017,2
4018,4
4019,3
4020,3
4021,3
4022,2
4023,0
4024,3
4025,3
4026,4
4027,3
4028,2
4029,4
4030,0
4035,2
4036,3
4037,2
4038,3
4039,2
4041,0
4042,4
4043,0
4044,0
4045,2
4046,4
4048,5
4049,4
4050,0
4052,3
4054,4
4055,2
4056,3
4057,5
4058,2
4059,3
4060,2
4061,5
4062,3
4063,5
4064,3
4065,3
4066,4
4068,5
4069,2
4070,4
4071,5
4072,2
4074,4
4076,3
4077,0
4079,4
4080,5
4081,3
4082,2
4085,2
4087,2
4088,0
4089,2
4090,5
4091,5
4092,0
4093,5
4095,3
4096,4
4098,4
4099,2
4100,3
4101,4
4103,5
4104,2
4106,0
4108,3
4109,4
4110,4
4111,2
4112,4
4113,2
4116,3
4117,4
4118,3
4119,2
4121,2
4122,3
4123,2
4126,1
4127,4
4129,1
4130,3
4132,4
4133,2
4134,2
4136,0
4137,0
4140,4
4141,5
4142,2
4143,2
4144,4
4145,2
4148,3
4149,3
4150,2
4151,3
4152,1
4153,1
4154,3
4156,0
4157,2
4158,4
4160,0
4162,2
4163,2
4164,5
4165,4
4166,2
4167,5
4168,2
4171,4
4173,2
4176,3
4177,1
4179,1
4180,4
4181,2
4182,3
4183,2
4185,5
4186,3
4187,1
4189,1
4190,5
4194,2
4195,0
4197,4
4198,2
4202,2
4204,3
4205,5
4206,5
4207,4
4208,1
4209,2
4210,3
4212,2
4214,0
4215,0
4221,2
4222,1
4224,0
4225,5
4226,2
4227,4
4229,2
4230,1
4234,1
4235,3
4237,1
4238,5
4239,5
4242,3
4246,2
4247,4
4249,2
4250,5
4251,2
4253,3
4254,1
4257,5
4259,2
4260,1
4261,3
4264,4
4265,2
4267,3
4268,2
4270,0
4271,5
4272,4
4273,3
4275,2
4277,5
4278,4
4281,3
4282,3
4283,2
4284,5
4285,3
4286,3
4288,4
4289,3
4290,0
4291,1
4292,5
4293,1
4295,0
4297,4
4298,2
4299,2
4301,2
4302,3
4303,2
4304,2
4305,4
4307,3
4308,3
4309,5
4311,0
4312,5
4313,2
4314,0
4315,2
4316,3
4318,2
4319,2
4320,3
4322,1
4324,5
4325,0
4326,1
4327,5
4329,5
4330,0
4331,3
4332,1
4333,5
4334,2
4336,4
4338,4
4339,2
4343,4
4344,0
4345,2
4346,4
4348,4
4349,3
4353,2
4354,1
4356,2
4357,0
4358,2
4360,0
4362,4
4363,3
4364,0
4367,2
4368,4
4369,5
4370,2
4371,2
4372,2
4373,4
4374,2
4378,0
4380,3
4383,1
4385,2
4386,0
4392,4
4393,3
4395,3
4396,2
4397,3
4398,3
4399,4
4400,4
4401,1
4403,2
4404,3
4406,3
4407,2
4408,0
4409,2
4411,1
4412,0
4413,4
4414,4
4415,5
4417,5
4421,5
4423,5
4424,3
4425,3
4427,4
4428,1
4429,4
4430,2
4433,2
4434,4
4436,4
4438,2
4440,3
4441,2
4442,5
4443,1
4446,4
4447,5
4449,4
4451,2
4452,2
4453,5
4455,1
4458,0
4459,2
4461,1
4462,2
4464,3
4467,2
4468,5
4469,1
4470,5
4472,4
4473,5
4474,2
4476,1
4477,3
4478,0
4480,5
4482,0
4484,3
4485,3
4489,2
4492,4
4494,0
4495,2
4497,3
4498,5
4500,2
4502,5
4504,3
4505,3
4506,0
4507,3
4508,3
4510,5
4511,4
4513,3
4515,2
4516,3
4517,3
4518,2
4521,1
4523,4
4524,5
4525,1
4527,3
4528,1
4532,3
4533,3
4534,4
4536,5
4537,5
4538,3
4540,3
4541,3
4542,5
4543,2
4544,0
4545,4
4546,2
4547,3
4548,5
4550,0
4551,4
4552,4
4553,3
4554,0
4556,1
4559,4
4560,4
4562,3
4563,3
4565,3
4566,2
4567,4
4568,2
4570,4
4571,2
4572,4
4574,2
4575,3
4576,5
4577,2
4578,5
4579,2
4580,1
4581,3
4585,3
4586,3
4587,2
4588,0
4589,3
4590,3
4591,2
4592,2
4593,5
4594,4
4596,3
4597,5
4598,4
4599,3
4601,0
4602,3
4603,2
4604,1
4606,4
4607,1
4608,4
4609,4
4610,1
4611,0
4613,0
4614,4
4616,0
4617,2
4619,2
4621,0
4624,4
4625,4
4626,1
4627,2
4628,2
4629,4
4631,4
4632,3
4633,5
4634,3
4635,0
4636,4
4637,2
4639,0
4640,3
4641,3
4643,2
4644,3
4645,3
4646,2
4647,4
4649,2
4651,3
4652,1
4653,0
4655,0
4657,4
4658,3
4659,1
4660,0
4661,2
4662,5
4664,2
4665,4
4666,2
4667,2
4668,0
4669,3
4670,4
4672,0
4673,4
4674,2
4676,3
4677,1
4679,2
4680,3
4681,2
4683,2
4684,0
4685,3
4686,1
4687,4
4689,1
4690,2
4692,1
4693,3
4694,3
4697,4
4702,3
4705,1
4706,4
4707,5
4708,4
4709,5
4710,0
4712,4
4713,2
4715,2
4716,3
4717,5
4718,0
4719,3
4721,5
4722,3
4724,3
4726,3
4727,4
4729,4
4730,4
4731,4
4733,2
4735,3
4737,3
4739,2
4741,2
4742,2
4744,2
4745,2
4747,2
4748,5
4749,0
4750,2
4751,3
4753,2
4754,4
4756,4
4757,2
4759,5
4760,3
4761,2
4764,3
4765,2
4767,4
4768,3
4771,2
4774,5
4775,3
4776,3
4777,1
4778,4
4779,1
4781,5
4783,2
4784,3
4785,0
4787,0
4790,0
4791,4
4796,0
4797,5
4798,2
4799,3
4801,3
4802,1
4803,0
4805,5
4806,4
4807,3
4808,5
4809,5
4810,2
4811,3
4812,1
4814,3
4815,3
4817,2
4818,0
4819,3
4820,4
4821,4
4824,3
4826,2
4828,4
4829,3
4830,3
4831,0
4833,0
4834,2
4835,5
4836,3
4837,1
4839,0
4840,2
4841,4
4842,3
4844,3
4849,3
4851,4
4856,2
4857,2
4860,4
4862,2
4863,4
4864,1
4865,2
4866,2
4868,3
4871,3
4872,0
4874,5
4875,4
4876,2
4877,1
4878,4
4880,5
4881,3
4882,3
4884,0
4885,4
4886,2
4889,3
4890,4
4891,2
4893,3
4894,1
4896,2
4897,2
4898,5
4900,4
4901,5
4902,4
4905,2
4907,3
4909,3
4910,1
4911,3
4912,0
4914,5
4916,5
4918,5
4920,4
4922,0
4924,4
4925,3
4926,5
4927,1
4929,3
4930,4
4931,2
4933,4
4934,3
4935,3
4936,5
4937,0
4939,0
4940,3
4942,4
4943,1
4945,5
4948,0
4949,2
4950,2
4952,0
4953,0
4956,3
4958,2
4959,1
4963,3
4964,3
4965,5
4966,3
4967,3
4970,4
4972,2
4973,2
4974,3
4975,0
4979,2
4981,5
4982,0
4983,3
4984,2
4986,4
4988,2
4989,2
4992,2
4994,3
4995,5
4998,2
4999,3
5000,1
5001,2
5002,1
5003,5
5004,5
5009,4
5010,0
5012,1
5013,0
5015,4
5016,3
5017,3
5021,3
5022,4
5023,5
5024,2
5025,3
5026,2
5029,2
5031,0
5034,3
5035,1
5036,2
5037,3
5038,3
5039,4
5040,0
5041,4
5042,2
5044,2
5045,4
5046,4
5048,5
5049,3
5050,0
5051,4
5052,3
5053,3
5054,3
5055,3
5057,3
5058,3
5060,3
5061,2
5062,4
5065,4
5066,1
5067,3
5069,4
5070,5
5071,3
5074,0
5075,3
5076,4
5077,2
5078,0
5082,4
5084,2
5085,1
5087,0
5088,3
5089,3
5091,3
5092,4
5094,4
5096,5
5097,2
5098,2
5100,3
5101,1
5104,4
5105,2
5106,1
5107,5
5108,3
5109,5
5111,2
5112,2
5114,3
5115,3
5116,0
5117,3
5118,3
5120,0
5121,2
5122,2
5123,5
5124,3
5125,4
5127,2
5128,2
5129,4
5130,3
5132,0
5133,3
5134,4
5135,4
5136,4
5137,4
5138,3
5139,2
5140,0
5141,3
5142,3
5144,5
5145,0
5147,2
5148,4
5149,0
5151,3
5152,5
5154,3
5155,5
5157,3
5159,3
5160,5
5161,2
5162,3
5164,5
5165,4
5166,3
5167,3
5169,3
5170,4
5172,3
5173,2
5174,5
5176,4
5177,4
5178,3
5179,0
5180,4
5181,5
5182,5
5184,3
5185,2
5186,3
5187,2
5188,5
5189,3
5190,2
5195,0
5196,1
5198,2
5199,3
5200,0
5201,0
5202,0
5204,4
5205,1
5208,3
5209,2
5212,3
5214,3
5216,2
5218,3
5219,1
5220,3
5221,4
5222,3
5224,4
5225,4
5226,3
5227,0
5228,1
5229,3
5230,3
5231,3
5232,3
5233,0
5235,4
5237,4
5239,2
5240,0
5243,4
5245,3
5246,4
5247,2
5248,2
5249,2
5251,5
5252,3
5254,3
5256,4
5257,2
5258,2
5259,3
5260,2
5262,0
5263,2
5264,3
5265,4
5266,2
5267,4
5269,2
5270,1
5272,3
5273,2
5274,2
5275,4
5276,2
5277,1
5278,4
5279,2
5280,4
5283,2
5284,3
5287,2
5288,1
5291,2
5292,4
5293,4
5294,3
5295,3
5296,0
5297,4
5298,3
5300,3
5301,1
5302,3
5303,4
5304,0
5305,2
5307,2
5308,3
5309,4
5311,1
5312,3
5313,4
5315,4
5316,0
5317,5
5318,3
5321,3
5324,3
5325,1
5327,3
5331,2
5333,5
5334,3
5335,3
5336,3
5337,2
5338,5
5339,3
5340,3
5341,3
5342,2
5344,5
5346,0
5349,3
5350,4
5352,2
5353,0
5357,1
5358,3
5359,0
5360,3
5361,4
5362,5
5363,5
5364,0
5366,1
5367,3
5368,4
5369,2
5370,2
5371,4
5372,5
5373,4
5374,3
5377,1
5378,2
5379,0
5380,1
5381,4
5382,5
5383,3
5385,1
5386,3
5387,4
5388,1
5389,3
5390,2
5392,1
5393,3
5394,4
5395,0
5397,4
5398,2
5399,4
5401,2
5402,2
5403,3
5404,2
5405,4
5406,4
5408,1
5409,5
5411,2
5416,3
5421,4
5422,5
5423,1
5424,3
5425,1
5427,5
5428,2
5430,2
5431,0
5433,5
5434,1
5435,3
5436,3
5437,5
5439,1
5440,0
5441,0
5442,1
5444,1
5446,5
5448,3
5450,1
5451,1
5452,2
5453,3
5454,2
5455,2
5456,4
5457,4
5458,2
5459,1
5464,3
5465,2
5466,3
5467,4
5469,3
5470,3
5471,2
5473,2
5474,2
5475,4
5477,3
5480,2
5481,3
5483,2
5484,3
5485,2
5486,0
5487,3
5488,4
5491,3
5492,4
5493,3
5494,5
5495,5
5496,4
5498,5
5501,3
5503,0
5504,5
5505,2
5506,4
5508,3
5511,5
5512,2
5513,3
5514,5
5515,1
5517,4
5518,3
5519,2
5521,0
5523,3
5525,3
5526,3
5528,3
5529,2
5531,3
5532,1
5534,2
5535,3
5536,0
5537,4
5538,2
5539,3
5540,5
5541,2
5543,2
5544,1
5545,4
5546,1
5549,3
5550,2
5551,0
5552,2
5553,2
5554,3
5555,4
5556,4
5557,4
5559,4
5560,2
5562,2
5563,3
5564,5
5565,1
5567,4
5568,4
5569,1
5570,2
5571,3
5572,0
5573,5
5574,4
5576,2
5579,5
5580,3
5581,0
5583,2
5584,4
5588,4
5589,5
5590,1
5591,3
5592,5
5596,2
5597,0
5598,2
5599,3
5600,4
5601,0
5602,2
5603,1
5604,2
5605,3
5606,2
5607,1
5608,2
5609,2
5610,4
5611,2
5612,5
5613,1
5614,2
5615,3
5616,4
5617,3
5618,0
5619,2
5620,2
5621,3
5623,0
5624,4
5625,3
5626,2
5627,2
5628,3
5629,2
5630,0
5631,5
5632,1
5633,4
5634,5
5635,3
5640,1
5641,5
5642,0
5645,2
5646,2
5647,3
5648,2
5649,3
5651,3
5652,5
5653,3
5656,2
5657,2
5658,3
5659,0
5660,3
5661,3
5662,3
5663,0
5664,5
5666,5
5667,2
5669,0
5670,1
5672,3
5673,3
5674,2
5678,4
5679,2
5680,4
5681,4
5683,2
5686,3
5690,1
5691,3
5692,4
5693,5
5696,2
5697,3
5699,3
5700,3
5701,3
5704,0
5705,4
5706,3
5709,4
5710,4
5711,4
5712,4
5713,2
5714,2
5715,3
5716,1
5718,3
5719,2
5721,3
5723,4
5727,2
5729,2
5730,5
5731,3
5732,0
5733,0
5734,2
5735,3
5736,3
5737,1
5739,5
5740,1
5741,4
5742,4
5744,4
5746,5
5747,1
5748,2
5749,4
5750,2
5751,2
5752,4
5753,5
5754,3
5755,4
5757,2
5758,2
5759,4
5760,0
5762,3
5765,5
5767,2
5768,2
5769,3
5770,4
5772,4
5774,4
5775,1
5776,0
5777,4
5780,2
5782,2
5783,2
5784,0
5785,3
5786,1
5787,2
5789,4
5790,1
5792,2
5793,2
5794,0
5795,4
5797,3
5799,1
5801,3
5802,4
5803,3
5804,0
5805,2
5806,1
5808,2
5809,3
5810,2
5811,3
5814,1
5817,4
5818,3
5820,2
5821,4
5822,3
5824,1
5825,4
5826,5
5827,3
5828,2
5829,4
5830,0
5833,3
5835,0
5836,3
5837,2
5838,4
5839,5
5840,0
5841,4
5845,5
5846,3
5847,3
5848,3
5849,2
5851,5
5852,5
5853,3
5854,3
5857,3
5858,3
5860,0
5861,2
5862,2
5863,2
5864,0
5865,2
5866,3
5867,5
5868,1
5869,1
5871,3
5872,3
5874,2
5875,1
5876,2
5877,3
5878,3
5879,2
5880,3
5881,5
5883,1
5884,5
5885,0
5887,4
5888,3
5891,0
5892,2
5893,3
5896,4
5897,4
5898,3
5901,2
5902,2
5903,3
5904,3
5905,3
5906,2
5908,5
5909,1
5910,3
5912,1
5913,4
5914,2
5915,2
5916,1
5918,4
5920,3
5921,2
5923,3
5924,3
5926,2
5927,2
5929,3
5932,5
5933,4
5934,3
5937,2
5938,5
5939,1
5941,1
5942,0
5944,2
5945,2
5947,3
5948,3
5949,5
5952,2
5953,3
5955,4
5956,0
5957,2
5958,0
5960,5
5961,5
5962,4
5963,2
5964,3
5965,5
5966,5
5968,2
5969,0
5971,1
5972,4
5973,3
5974,3
5976,2
5977,4
5978,4
5979,4
5980,3
5982,5
5983,2
5985,1
5986,2
5987,2
5988,2
5990,4
5991,3
5992,4
5995,1
5996,3
5997,0
5998,0
6000,2
6001,0
6002,3
6004,0
6005,3
6006,5
6007,0
6008,5
6010,4
6011,0
6012,3
6014,2
6015,2
6020,2
6021,2
6022,4
6023,1
6024,3
6026,4
6027,1
6028,4
6029,4
6030,2
6031,1
6033,3
6039,4
6041,1
6043,3
6044,3
6045,0
6047,2
6049,3
6050,4
6051,2
6052,3
6056,0
6057,0
6059,0
6060,0
6061,4
6062,1
6065,2
6066,3
6068,2
6070,4
6072,1
6074,2
6075,3
6076,2
6077,3
6078,3
6079,3
6080,3
6082,5
6083,5
6084,2
6085,1
6086,3
6089,3
6091,4
6092,4
6094,3
6095,2
6097,2
6098,2
6099,3
6100,3
6101,4
6103,1
6105,2
6106,3
6107,2
6108,3
6109,0
6110,5
6111,2
6112,5
6113,5
6114,0
6118,5
6119,0
6120,2
6121,0
6124,4
6125,4
6126,4
6127,5
6128,0
6130,3
6131,2
6135,3
6136,4
6137,3
6139,0
6140,0
6141,3
6142,4
6144,4
6146,2
6147,0
6148,4
6149,3
6151,1
6153,3
6154,1
6155,3
6156,4
6158,0
6159,3
6161,4
6162,5
6163,2
6164,2
6165,4
6168,1
6169,3
6170,0
6171,1
6172,3
6175,4
6176,0
6179,4
6180,0
6181,2
6182,3
6183,1
6184,3
6185,5
6187,3
6188,2
6190,3
6191,4
6194,2
6195,2
6196,2
6198,1
6199,0
6200,0
6201,3
6202,3
6203,3
6205,3
6206,0
6207,5
6209,5
6211,4
6212,3
6214,1
6215,3
6217,5
6219,0
6220,5
6221,3
6222,3
6226,2
6227,3
6228,0
6229,3
6230,5
6231,3
6233,3
6234,5
6235,3
6236,1
6238,2
6241,3
6243,1
6244,4
6245,3
6247,0
6248,4
6249,3
6250,2
6253,1
6254,1
6256,4
6258,3
6259,0
6260,3
6261,2
6264,5
6265,2
6266,2
6267,0
6269,3
6270,3
6272,2
6274,3
6276,1
6277,2
6279,4
6281,0
6282,3
6283,2
6284,1
6285,3
6286,2
6287,3
6288,2
6289,2
6290,0
6292,2
6293,1
6294,3
6295,3
6296,2
6298,3
6300,4
6301,3
6303,0
6305,1
6306,3
6309,0
6310,3
6311,3
6312,5
6314,1
6317,3
6320,4
6321,0
6322,5
6323,4
6324,4
6325,3
6328,1
6329,4
6331,4
6332,4
6333,2
6334,3
6335,2
6337,3
6338,3
6339,3
6341,3
6342,1
6343,3
6344,3
6346,2
6348,3
6349,5
6351,5
6352,2
6353,5
6355,5
6357,2
6359,4
6360,3
6361,1
6364,2
6365,0
6366,2
6369,0
6370,2
6371,0
6372,3
6373,3
6377,2
6379,5
6380,2
6381,3
6383,1
6384,4
6385,3
6386,1
6388,3
6389,5
6391,2
6393,3
6394,4
6395,4
6396,2
6397,4
6398,4
6401,5
6402,2
6403,2
6405,0
6406,3
6407,1
6408,2
6410,2
6411,0
6413,4
6414,3
6415,2
6419,4
6420,2
6422,2
6423,3
6424,3
6425,5
6428,1
6429,1
6430,3
6431,5
6432,4
6435,4
6436,2
6437,2
6438,3
6439,1
6440,1
6442,2
6443,3
6445,2
6446,3
6447,0
6448,2
6449,3
6451,3
6452,1
6453,1
6454,1
6456,2
6457,5
6458,4
6459,2
6460,0
6461,0
6462,2
6463,2
6464,2
6467,1
6468,2
6469,2
6471,4
6472,2
6473,3
6474,3
6475,2
6476,5
6477,3
6478,2
6479,3
6480,1
6481,3
6482,5
6485,4
6486,3
6487,1
6488,4
6489,0
6490,5
6491,2
6493,2
6494,2
6495,0
6496,5
6499,4
6501,2
6503,3
6504,4
6505,2
6506,1
6508,4
6509,3
6511,0
6513,4
6515,5
6517,3
6518,4
6519,5
6520,4
6521,0
6522,5
6523,2
6525,4
6526,5
6527,0
6529,0
6530,5
6531,5
6532,2
6534,4
6535,5
6536,0
6537,2
6538,2
6539,2
6540,5
6542,5
6543,4
6544,2
6545,2
6546,4
6548,4
6549,3
6551,5
6552,5
6553,2
6555,3
6556,1
6559,3
6561,3
6563,3
6564,3
6565,3
6567,4
6568,3
6569,0
6570,5
6571,3
6572,2
6573,3
6574,4
6575,4
6576,2
6577,1
6578,3
6579,5
6580,1
6583,4
6585,1
6586,1
6587,0
6588,3
6589,5
6590,4
6591,2
6592,2
6593,3
6594,5
6596,2
6597,3
6598,1
6599,3
6600,2
6603,4
6604,4
6605,4
6606,4
6607,5
6608,3
6611,0
6612,5
6613,4
6615,5
6617,4
6619,5
6621,3
6624,2
6625,2
6626,3
6627,3
6628,3
6629,1
6630,2
6631,5
6632,3
6633,1
6634,3
6635,4
6636,2
6640,1
6641,4
6643,0
6644,2
6645,3
6646,5
6648,2
6649,3
6650,2
6654,4
6658,2
6659,4
6660,3
6662,2
6663,2
6664,2
6666,3
6667,3
6668,2
6670,2
6672,3
6673,0
6674,2
6675,4
6676,0
6677,4
6678,3
6680,2
6681,0
6682,2
6683,2
6684,0
6685,1
6686,3
6687,1
6689,3
6690,3
6692,4
6694,4
6695,1
6698,5
6699,3
6701,2
6702,2
6703,3
6704,2
6705,0
6708,4
6709,2
6711,4
6712,2
6713,3
6714,4
6716,4
6717,3
6718,3
6722,3
6723,5
6724,3
6725,3
6726,4
6727,2
6728,0
6729,3
6730,1
6732,3
6733,1
6736,1
6738,3
6739,2
6740,2
6741,4
6742,3
6744,3
6745,5
6746,2
6748,2
6749,0
6752,2
6754,3
6756,3
6758,5
6759,2
6760,1
6761,4
6762,1
6763,5
6764,4
6765,0
6766,2
6768,2
6769,3
6770,0
6772,5
6773,4
6774,3
6775,2
6777,2
6779,3
6781,3
6782,3
6783,2
6784,5
6785,3
6786,5
6788,2
6789,4
6790,4
6791,3
6792,5
6793,2
6794,1
6796,3
6799,3
6800,0
6801,3
6802,2
6804,4
6806,4
6808,3
6811,2
6812,3
6813,0
6814,2
6815,3
6816,0
6818,2
6819,2
6820,1
6824,3
6827,4
6829,0
6830,5
6831,2
6832,4
6833,0
6834,4
6835,2
6836,4
6837,5
6838,4
6839,5
6840,3
6843,2
6844,1
6845,3
6846,3
6848,0
6849,2
6851,2
6852,1
6853,4
6854,1
6856,1
6858,2
6859,2
6860,4
6861,0
6862,1
6863,3
6866,5
6867,3
6868,0
6869,2
6871,2
6874,3
6875,0
6876,0
6877,4
6880,5
6881,2
6883,4
6884,3
6889,3
6890,4
6891,5
6895,3
6896,2
6898,2
6899,2
6900,2
6901,0
6902,0
6903,3
6904,2
6905,0
6906,3
6908,1
6909,5
6911,3
6915,3
6917,5
6918,0
6920,1
6922,1
6924,3
6925,3
6926,1
6927,2
6929,4
6930,2
6931,5
6932,3
6934,3
6935,1
6936,3
6937,3
6938,3
6939,5
6941,5
6942,2
6944,4
6945,0
6946,1
6948,0
6949,3
6950,4
6951,0
6952,3
6953,0
6954,2
6955,4
6957,2
6958,4
6959,3
6962,2
6965,3
6966,0
6967,0
6968,4
6969,2
6970,3
6971,3
6972,4
6973,2
6974,5
6975,3
6977,3
6980,4
6982,3
6983,4
6984,0
6985,3
6987,2
6988,0
6990,3
6991,3
6992,2
6993,1
6997,2
6998,4
6999,5
7002,4
7003,4
7004,5
7005,4
7006,0
7007,1
7011,0
7012,4
7013,3
7014,3
7016,1
7017,4
7018,2
7020,2
7021,5
7024,3
7027,4
7028,3
7029,2
7034,3
7035,3
7037,2
7039,5
7040,4
7041,4
7042,1
7043,1
7044,0
7047,3
7048,1
7050,3
7051,3
7052,3
7053,2
7057,3
7060,5
7061,1
7062,2
7063,4
7064,2
7065,5
7067,4
7068,1
7069,1
7071,5
7072,3
7073,4
7074,3
7075,0
7076,3
7078,5
7079,4
7081,3
7082,5
7083,3
7084,2
7085,2
7086,4
7088,2
7089,2
7090,4
7091,2
7093,3
7094,3
7095,3
7098,0
7101,1
7103,5
7105,5
7106,2
7107,2
7112,4
7113,5
7114,2
7115,5
7116,4
7118,1
7119,3
7120,3
7121,3
7122,3
7124,2
7125,3
7126,3
7127,4
7129,5
7131,4
7132,2
7133,3
7134,5
7135,3
7136,3
7137,1
7138,5
7140,4
7141,3
7142,4
7143,5
7144,3
7147,4
7149,4
7150,0
7151,4
7153,2
7155,3
7156,2
7157,1
7158,1
7159,0
7164,2
7165,2
7167,0
7168,4
7169,4
7170,3
7171,2
7172,3
7174,1
7175,2
7176,3
7177,3
7178,2
7179,3
7181,4
7182,2
7183,3
7187,4
7188,2
7190,5
7192,3
7193,2
7196,0
7199,5
7201,2
7202,2
7203,2
7204,5
7208,1
7211,5
7212,4
7214,2
7216,3
7218,4
7220,3
7222,2
7223,1
7224,5
7225,4
7226,0
7229,5
7230,3
7231,2
7232,2
7234,1
7237,3
7239,4
7240,1
7241,0
7242,2
7243,2
7245,3
7246,5
7247,3
7248,1
7249,3
7252,3
7253,3
7256,4
7258,3
7259,5
7261,2
7264,0
7267,5
7268,2
7270,2
7271,4
7272,2
7275,3
7276,1
7277,2
7278,0
7279,2
7280,2
7281,4
7283,0
7285,3
7286,0
7287,2
7288,3
7289,1
7290,0
7291,3
7292,4
7293,4
7294,2
7295,1
7297,0
7298,4
7300,2
7302,1
7303,3
7304,1
7305,2
7306,3
7308,2
7310,2
7312,3
7313,1
7314,3
7315,4
7316,1
7318,5
7319,4
7320,4
7322,5
7323,2
7324,5
7326,3
7327,2
7329,5
7330,1
7331,4
7332,0
7333,2
7335,5
7336,3
7339,0
7340,2
7342,5
7343,5
7344,4
7347,2
7348,0
7350,4
7351,5
7352,3
7353,0
7354,2
7355,1
7356,2
7357,1
7358,5
7359,4
7360,5
7362,2
7363,3
7364,0
7366,4
7367,3
7368,2
7369,2
7370,3
7371,2
7375,2
7377,1
7379,4
7381,0
7382,2
7384,1
7387,3
7388,1
7389,2
7391,4
7394,4
7396,2
7397,2
7398,0
7399,3
7400,3
7404,4
7405,5
7406,3
7408,3
7410,3
7411,3
7412,2
7414,2
7415,1
7417,2
7418,3
7419,3
7420,3
7421,5
7422,5
7423,4
7424,0
7425,4
7426,1
7427,4
7429,3
7430,2
7432,0
7433,3
7434,4
7435,4
7436,0
7437,4
7438,0
7440,2
7441,0
7442,3
7445,2
7447,5
7449,2
7452,2
7453,3
7455,3
7457,4
7459,2
7462,3
7465,3
7467,5
7468,2
7469,1
7470,3
7471,2
7472,2
7474,5
7475,3
7476,5
7477,1
7478,3
7479,3
7480,2
7482,2
7483,3
7485,1
7486,0
7490,3
7492,3
7494,4
7495,4
7496,2
7498,5
7500,4
7501,2
7502,2
7504,2
7506,5
7509,1
7511,5
7512,3
7513,0
7514,2
7515,2
7516,2
7517,4
7518,3
7520,5
7521,2
7522,4
7523,3
7525,3
7526,1
7527,2
7529,4
7530,2
7531,3
7533,3
7534,2
7535,4
7536,2
7537,4
7538,4
7539,1
7540,3
7542,3
7543,1
7544,3
7545,1
7547,4
7548,1
7549,5
7550,3
7551,0
7552,3
7553,3
7555,5
7556,1
7557,0
7558,0
7559,3
7560,5
7561,5
7562,5
7564,3
7566,3
7569,2
7571,3
7572,3
7573,1
7574,5
7575,0
7576,3
7578,5
7580,0
7581,3
7582,3
7583,3
7584,2
7586,1
7588,4
7589,3
7590,4
7591,4
7592,0
7594,3
7595,1
7596,3
7597,3
7598,2
7600,4
7601,4
7602,3
7603,4
7604,2
7605,4
7607,4
7609,3
7610,5
7611,3
7612,2
7613,3
7615,5
7617,3
7618,5
7619,3
7620,3
7623,3
7625,3
7627,3
7628,5
7629,3
7630,0
7631,2
7635,5
7636,4
7637,4
7638,2
7639,0
7640,4
7641,1
7642,4
7643,2
7644,0
7646,3
7647,2
7648,5
7652,2
7653,3
7654,3
7655,3
7657,5
7658,2
7660,5
7663,4
7664,3
7665,3
7668,3
7669,4
7671,3
7673,3
7674,3
7675,3
7677,5
7678,2
7679,5
7682,3
7683,3
7684,4
7685,3
7686,5
7687,2
7688,3
7690,2
7691,5
7692,0
7693,3
7694,2
7695,2
7698,3
7699,4
7701,0
7702,2
7704,4
7705,0
7706,0
7707,5
7708,2
7711,5
7712,4
7713,4
7714,3
7715,4
7716,0
7717,4
7721,4
7723,2
7724,3
7725,0
7727,0
7728,1
7729,2
7730,2
7731,5
7734,3
7735,1
7737,3
7739,3
7741,4
7743,4
7744,3
7745,1
7747,3
7748,0
7749,2
7750,0
7751,0
7752,1
7753,3
7754,4
7756,0
7757,2
7758,3
7760,1
7761,3
7763,4
7764,5
7765,2
7766,3
7767,0
7768,1
7769,3
7770,3
7771,2
7772,0
7773,1
7775,1
7776,4
7777,3
7782,2
7783,0
7784,3
7786,5
7789,3
7791,2
7792,3
7793,1
7795,4
7796,4
7799,2
7801,1
7802,0
7803,3
7804,4
7805,3
7807,3
7809,4
7810,2
7811,4
7815,2
7816,0
7817,1
7818,3
7819,3
7820,1
7821,1
7822,3
7826,0
7827,3
7829,3
7831,5
7832,3
7833,2
7837,3
7838,3
7839,5
7840,4
7841,4
7842,4
7843,2
7844,5
7845,0
7847,1
7848,1
7849,4
7850,3
7851,3
7853,3
7854,2
7855,4
7856,2
7857,4
7859,4
7860,0
7861,3
7863,5
7864,2
7865,3
7866,3
7867,3
7868,0
7869,3
7871,2
7873,4
7874,0
7875,2
7876,1
7881,2
7883,4
7884,2
7885,0
7888,4
7889,5
7890,4
7891,4
7892,3
7893,3
7897,1
7898,3
7899,2
7900,0
7901,5
7902,3
7904,3
7906,3
7909,4
7910,5
7911,3
7912,2
7913,3
7914,2
7915,2
7916,3
7917,0
7920,0
7921,4
7924,4
7926,4
7927,3
7928,5
7930,0
7931,4
7932,3
7934,3
7935,5
7937,5
7940,2
7942,4
7944,2
7945,0
7946,3
7950,3
7951,3
7952,1
7953,3
7954,3
7955,3
7956,2
7957,3
7958,0
7959,4
7962,2
7964,0
7965,4
7966,2
7967,3
7970,3
7971,3
7972,2
7973,1
7974,0
7975,4
7976,0
7977,1
7978,1
7980,4
7981,4
7983,4
7985,1
7988,1
7989,2
7992,2
7993,4
7994,5
7995,3
7998,4
7999,2
8000,5
8001,5
8002,2
8003,3
8005,2
8006,3
8007,3
8009,2
8010,3
8014,2
8015,3
8016,2
8017,2
8019,4
8020,2
8021,1
8022,4
8023,4
8024,1
8026,1
8028,3
8029,3
8030,0
8032,3
8033,4
8036,5
8037,2
8039,5
8040,3
8042,0
8043,5
8044,1
8045,2
8046,3
8047,3
8048,3
8049,5
8050,2
8051,5
8052,4
8053,3
8054,1
8056,3
8057,4
8058,3
8059,0
8060,3
8061,1
8064,4
8065,2
8066,3
8067,4
8069,2
8070,5
8071,0
8072,2
8073,5
8074,2
8075,3
8076,0
8077,4
8078,2
8080,2
8081,2
8082,4
8083,0
8084,3
8085,2
8086,5
8087,2
8089,2
8094,3
8095,0
8099,2
8100,4
8102,3
8104,4
8105,0
8107,4
8108,4
8109,2
8110,2
8111,0
8112,0
8114,1
8115,0
8116,4
8118,4
8119,4
8121,5
8123,2
8125,5
8126,5
8128,4
8129,3
8130,0
8131,2
8132,2
8135,0
8136,5
8137,0
8138,2
8141,2
8143,0
8144,3
8145,2
8146,4
8147,4
8148,5
8150,1
8153,3
8154,4
8158,4
8159,3
8160,5
8161,3
8162,5
8163,1
8164,5
8165,2
8166,3
8167,4
8168,1
8170,2
8171,3
8172,2
8173,3
8174,3
8175,2
8176,5
8177,5
8178,2
8179,2
8181,2
8182,1
8183,2
8184,1
8186,4
8187,3
8188,4
8190,1
8192,4
8193,4
8194,1
8195,2
8197,4
8198,2
8199,2
8200,3
8203,3
8204,5
8206,3
8207,0
8209,3
8210,2
8211,4
8212,0
8213,4
8214,3
8215,5
8216,0
8217,3
8220,1
8221,2
8223,3
8224,3
8226,3
8227,3
8228,0
8229,4
8231,2
8232,3
8233,3
8234,3
8235,1
8236,4
8237,4
8239,4
8242,4
8243,3
8244,0
8245,3
8246,1
8247,2
8252,1
8254,0
8255,1
8256,5
8257,1
8258,3
8259,2
8261,4
8262,5
8263,2
8266,3
8268,4
8270,0
8273,4
8275,4
8276,5
8277,5
8280,2
8281,3
8282,4
8283,3
8284,5
8285,2
8287,5
8288,3
8289,5
8290,4
8291,5
8292,2
8295,2
8296,5
8297,5
8301,5
8302,2
8303,4
8305,3
8307,4
8309,5
8310,1
8311,3
8312,4
8313,2
8314,3
8316,2
8318,3
8321,2
8322,4
8323,2
8324,2
8326,5
8327,2
8329,5
8331,3
8333,3
8334,2
8335,1
8336,2
8337,1
8338,4
8339,4
8341,5
8342,2
8343,4
8344,2
8345,3
8346,5
8347,4
8349,3
8350,0
8351,5
8352,4
8354,2
8355,2
8356,5
8357,1
8359,5
8362,4
8363,3
8365,0
8366,3
8367,3
8368,2
8370,4
8371,1
8376,2
8377,5
8378,3
8379,3
8381,1
8382,2
8383,0
8384,0
8385,2
8386,4
8387,4
8388,2
8389,4
8390,1
8391,2
8392,3
8394,0
8396,2
8398,4
8400,0
8401,3
8403,2
8404,5
8405,0
8407,4
8408,1
8411,0
8412,3
8413,4
8416,0
8419,3
8420,3
8422,2
8423,3
8424,1
8425,0
8426,5
8427,0
8428,2
8429,0
8434,4
8435,1
8436,4
8437,5
8438,5
8439,2
8440,4
8441,1
8442,3
8443,3
8445,3
8446,0
8447,2
8449,5
8450,3
8451,3
8452,1
8455,3
8456,0
8457,4
8458,2
8459,0
8460,2
8461,3
8463,5
8464,4
8465,2
8467,0
8468,4
8470,0
8472,4
8473,3
8474,1
8475,2
8476,3
8477,4
8478,4
8479,3
8480,3
8481,3
8482,2
8485,4
8486,4
8487,2
8488,1
8489,1
8490,0
8493,3
8494,2
8495,1
8496,4
8497,4
8499,3
8500,0
8501,2
8502,1
8503,2
8504,0
8506,1
8507,2
8509,2
8511,3
8512,3
8513,3
8514,0
8515,2
8517,2
8518,5
8519,0
8520,0
8522,2
8523,3
8525,4
8527,3
8530,5
8531,0
8533,4
8534,2
8535,4
8536,2
8537,4
8538,2
8540,3
8541,2
8542,2
8544,2
8546,3
8548,3
8549,4
8550,4
8551,1
8552,3
8553,0
8555,3
8556,5
8558,5
8559,5
8560,4
8561,3
8562,4
8564,5
8565,1
8566,2
8567,2
8569,2
8571,4
8572,4
8573,0
8576,0
8578,4
8580,2
8582,3
8583,0
8584,0
8585,5
8587,0
8589,2
8590,0
8591,3
8592,4
8593,4
8594,2
8597,4
8598,2
8601,4
8603,2
8604,5
8605,4
8607,4
8608,3
8609,4
8610,3
8611,4
8612,4
8615,0
8616,3
8617,5
8618,1
8619,4
8620,3
8621,5
8622,4
8623,3
8624,0
8626,2
8627,3
8628,2
8630,2
8632,3
8633,3
8635,2
8636,2
8637,2
8638,3
8639,2
8642,5
8643,3
8644,2
8645,3
8647,4
8649,5
8650,3
8653,2
8654,5
8656,2
8657,1
8658,3
8659,3
8660,5
8661,0
8662,4
8663,3
8664,0
8666,3
8667,1
8668,3
8669,4
8671,4
8676,2
8677,3
8678,0
8680,2
8682,4
8683,0
8684,1
8685,3
8686,3
8688,2
8689,5
8690,0
8691,2
8692,4
8693,4
8694,3
8695,5
8696,5
8697,5
8698,0
8699,3
8700,2
8701,2
8702,3
8703,4
8705,4
8707,2
8708,2
8709,3
8710,3
8711,0
8712,4
8713,0
8714,0
8715,0
8716,4
8718,3
8719,5
8721,5
8722,4
8723,3
8724,2
8725,2
8727,5
8729,0
8730,0
8731,4
8732,2
8733,2
8734,4
8737,2
8740,3
8741,4
8742,4
8743,4
8745,1
8746,3
8748,5
8750,4
8751,4
8752,4
8753,0
8754,3
8755,4
8756,3
8757,1
8759,4
8765,3
8766,1
8767,1
8769,3
8770,5
8771,3
8773,2
8775,0
8776,2
8781,2
8782,3
8783,2
8785,3
8786,3
8787,3
8788,3
8790,0
8791,0
8792,4
8794,1
8795,3
8796,2
8797,4
8798,4
8799,0
8800,3
8801,2
8802,4
8803,0
8806,2
8807,2
8809,4
8810,2
8811,3
8812,5
8813,2
8814,0
8815,4
8816,3
8817,0
8818,1
8819,3
8820,4
8821,4
8823,4
8824,3
8827,2
8828,1
8830,3
8831,3
8832,5
8833,1
8834,4
8835,3
8836,3
8838,2
8839,4
8840,5
8841,2
8842,0
8843,4
8844,5
8845,2
8846,5
8847,2
8848,5
8849,1
8850,3
8851,2
8852,2
8854,1
8855,3
8857,4
8860,3
8862,3
8865,3
8867,2
8868,0
8869,3
8870,1
8872,3
8875,3
8876,3
8878,0
8879,4
8881,3
8882,4
8883,2
8884,4
8885,3
8886,4
8887,2
8888,0
8889,4
8890,2
8891,3
8893,3
8894,0
8895,3
8896,5
8898,4
8901,5
8902,3
8903,0
8904,5
8907,2
8908,2
8909,5
8910,3
8913,0
8914,1
8915,0
8916,2
8917,3
8918,3
8920,3
8921,0
8923,3
8926,2
8928,4
8929,4
8930,4
8931,3
8932,3
8933,4
8934,3
8935,0
8936,3
8937,2
8941,5
8942,2
8943,4
8944,0
8946,1
8947,4
8948,3
8949,3
8951,2
8952,5
8953,5
8954,4
8955,2
8956,5
8957,3
8958,4
8960,0
8961,1
8962,3
8963,3
8964,4
8966,1
8968,0
8969,4
8970,4
8971,3
8973,3
8974,5
8975,0
8976,2
8977,5
8978,1
8979,0
8980,4
8982,0
8983,2
8984,2
8986,3
8987,4
8988,1
8990,3
8991,2
8992,2
8993,1
8994,1
8996,1
8998,1
8999,0
9000,2
9002,1
9003,2
9004,2
9006,2
9007,3
9008,2
9010,0
9011,3
9014,3
9015,2
9016,1
9019,5
9022,2
9025,2
9026,0
9027,1
9029,2
9031,3
9032,0
9033,2
9035,5
9037,0
9038,2
9039,5
9040,5
9041,2
9042,3
9044,2
9045,5
9046,2
9048,3
9049,2
9050,2
9053,3
9055,2
9056,3
9057,3
9058,3
9059,3
9061,4
9062,3
9063,1
9065,5
9067,2
9069,3
9070,0
9071,2
9072,4
9073,0
9074,4
9075,2
9076,3
9077,2
9079,0
9080,4
9081,4
9082,1
9083,4
9084,4
9086,2
9087,2
9088,1
9090,3
9091,3
9092,3
9093,0
9095,2
9096,4
9098,0
9100,2
9101,4
9103,3
9104,5
9105,2
9106,2
9110,2
9111,2
9112,0
9113,2
9114,0
9116,4
9117,3
9120,4
9121,2
9123,2
9124,2
9126,4
9127,3
9128,4
9131,2
9132,5
9133,2
9134,4
9135,2
9136,3
9137,0
9138,3
9140,2
9141,3
9142,1
9143,3
9144,3
9145,2
9146,0
9147,5
9149,5
9151,1
9152,2
9153,3
9154,1
9155,0
9156,4
9157,3
9158,2
9159,1
9160,2
9163,3
9166,2
9167,4
9168,1
9169,2
9170,5
9171,2
9172,3
9173,3
9174,2
9175,2
9176,2
9177,0
9179,0
9180,3
9181,3
9182,2
9183,4
9184,3
9185,2
9186,0
9188,2
9189,4
9191,1
9192,3
9196,4
9197,1
9198,4
9200,2
9202,2
9203,3
9204,2
9205,2
9206,5
9208,4
9210,3
9211,4
9212,2
9214,2
9216,0
9217,5
9218,2
9220,3
9221,2
9222,3
9226,3
9228,3
9229,4
9231,3
9233,2
9234,1
9235,2
9236,2
9238,4
9239,4
9240,3
9241,3
9243,3
9245,3
9246,3
9253,4
9254,3
9256,4
9258,3
9261,1
9263,2
9267,5
9269,2
9270,4
9271,1
9272,2
9273,5
9274,4
9275,2
9276,1
9277,5
9278,2
9279,4
9280,3
9281,3
9282,3
9283,2
9284,5
9285,5
9288,1
9290,0
9292,5
9293,4
9295,4
9296,3
9297,2
9298,1
9299,2
9300,2
9303,2
9304,1
9305,1
9306,5
9307,1
9308,3
9310,2
9313,5
9316,1
9317,2
9322,4
9323,3
9324,2
9327,2
9328,3
9329,0
9330,4
9331,0
9332,5
9335,2
9336,3
9337,3
9338,3
9339,4
9340,3
9341,0
9343,0
9344,0
9345,4
9346,3
9348,2
9349,5
9351,0
9352,3
9353,3
9354,5
9355,2
9357,0
9358,3
9359,5
9360,4
9362,3
9363,4
9364,2
9365,2
9366,3
9368,1
9369,4
9370,3
9371,3
9372,4
9373,4
9375,3
9377,5
9378,3
9379,0
9380,3
9381,0
9382,3
9384,2
9385,5
9387,1
9388,3
9389,2
9392,1
9393,2
9394,3
9395,0
9396,5
9397,1
9398,2
9399,3
9402,2
9403,4
9404,3
9406,0
9407,4
9408,0
9409,3
9410,1
9411,1
9412,1
9413,3
9414,3
9415,3
9420,5
9421,4
9422,4
9424,1
9425,2
9426,3
9427,0
9428,3
9429,2
9430,2
9431,4
9433,2
9434,3
9435,0
9436,1
9438,1
9439,0
9440,2
9442,4
9443,2
9444,3
9446,4
9447,3
9448,0
9449,5
9451,1
9452,0
9453,4
9454,2
9456,1
9458,4
9459,2
9460,0
9464,2
9466,5
9467,3
9468,2
9469,4
9471,4
9473,0
9474,4
9476,3
9478,2
9480,3
9482,4
9483,4
9484,5
9485,2
9486,4
9487,4
9489,2
9490,3
9491,2
9492,1
9493,4
9496,3
9498,2
9499,1
9502,3
9503,2
9504,3
9505,3
9506,3
9508,5
9510,2
9511,3
9512,3
9514,1
9516,2
9518,0
9519,4
9520,3
9522,3
9523,2
9524,5
9528,3
9530,0
9532,4
9535,2
9536,4
9539,2
9540,1
9541,1
9542,5
9543,2
9544,3
9547,1
9548,0
9549,1
9550,0
9551,3
9552,2
9553,4
9554,2
9556,2
9559,1
9560,0
9562,1
9565,1
9567,3
9568,2
9569,2
9570,3
9571,4
9572,3
9574,0
9576,2
9578,2
9579,1
9580,2
9581,2
9582,0
9583,2
9584,5
9585,4
9586,3
9588,0
9589,4
9590,2
9592,0
9593,4
9594,2
9595,2
9598,3
9599,2
9600,3
9602,2
9606,3
9607,4
9608,3
9609,0
9610,4
9611,3
9613,2
9614,1
9616,4
9617,3
9619,1
9620,2
9622,2
9623,1
9625,4
9626,2
9627,2
9628,4
9629,4
9630,4
9631,0
9632,3
9633,1
9636,3
9637,0
9638,3
9640,5
9641,2
9642,5
9643,3
9644,4
9645,3
9646,4
9647,2
9650,2
9651,1
9652,4
9653,0
9654,4
9655,5
9656,2
9658,3
9659,4
9662,0
9663,4
9664,2
9665,2
9666,4
9667,3
9668,1
9670,1
9674,1
9675,2
9676,3
9677,4
9678,3
9679,1
9680,4
9681,0
9683,4
9685,5
9686,2
9688,4
9689,5
9691,1
9692,2
9693,5
9694,3
9696,5
9697,3
9700,3
9701,3
9702,4
9703,3
9704,1
9705,2
9706,3
9707,4
9708,2
9712,0
9713,3
9714,3
9715,4
9716,2
9717,4
9719,3
9721,3
9722,4
9723,4
9724,4
9726,3
9727,2
9728,4
9729,5
9730,2
9731,2
9732,2
9734,2
9737,3
9739,2
9740,2
9741,3
9742,5
9743,2
9744,2
9745,0
9747,0
9749,4
9750,0
9751,4
9752,3
9753,3
9754,2
9757,4
9758,1
9760,4
9761,3
9762,3
9763,4
9764,0
9765,2
9768,2
9771,3
9772,3
9773,3
9774,1
9775,4
9776,3
9777,4
9778,0
9783,3
9784,3
9785,0
9786,3
9788,3
9789,3
9791,5
9792,3
9793,2
9795,3
9796,3
9798,3
9800,2
9801,0
9802,4
9806,3
9807,1
9809,0
9811,1
9812,3
9818,2
9820,3
9822,3
9823,1
9824,2
9825,2
9826,1
9827,1
9829,0
9830,0
9832,2
9833,0
9834,0
9835,3
9836,4
9837,1
9838,0
9839,3
9840,4
9842,3
9843,0
9844,0
9847,3
9848,4
9849,5
9850,2
9852,3
9853,4
9854,3
9856,2
9857,4
9859,0
9861,3
9863,2
9865,3
9866,3
9868,1
9869,2
9870,3
9871,2
9872,5
9873,3
9874,5
9875,1
9876,1
9877,2
9878,0
9879,4
9880,3
9881,2
9883,2
9885,3
9886,1
9887,2
9888,3
9890,4
9893,1
9895,3
9896,3
9897,0
9898,2
9899,2
9900,5
9902,0
9905,2
9906,4
9907,4
9908,2
9909,0
9910,4
9911,5
9913,4
9914,4
9915,3
9917,4
9918,1
9919,2
9920,2
9921,3
9925,3
9927,3
9932,2
9934,5
9935,5
9936,0
9937,4
9942,4
9943,2
9947,0
9948,4
9950,4
9951,3
9952,3
9953,0
9954,4
9955,5
9957,2
9958,2
9960,5
9962,4
9963,3
9965,4
9966,3
9969,2
9974,3
9975,1
9976,2
9977,4
9978,2
9979,5
9980,3
9982,2
9983,4
9986,5
9987,2
9988,2
9989,2
9990,3
9991,4
9994,5
9995,4
9997,2
9998,1
10000,3
10001,1
10002,5
10004,4
10006,2
10008,3
10009,4
10012,5
10013,2
10014,4
10015,5
10017,4
10019,5
10020,3
10021,2
10022,2
10023,2
10024,3
10025,0
10026,0
10027,2
10028,3
10030,3
10035,3
10036,2
10038,4
10039,5
10040,1
10042,2
10044,2
10045,1
10046,1
10047,5
10048,4
10050,0
10051,3
10052,5
10053,0
10054,5
10055,0
10056,2
10057,5
10058,3
10059,4
10060,1
10062,2
10063,2
10065,3
10066,1
10068,4
10070,3
10072,5
10074,4
10075,3
10076,1
10077,5
10078,4
10079,5
10080,2
10081,2
10082,1
10083,0
10085,2
10086,2
10087,5
10088,1
10090,4
10091,0
10093,2
10094,3
10095,4
10097,5
10098,4
10099,4
10100,3
10102,1
10103,5
10105,1
10106,3
10107,5
10110,4
10112,5
10113,3
10115,1
10116,2
10120,4
10121,5
10122,3
10123,4
10124,0
10125,2
10126,3
10127,3
10128,3
10130,1
10133,3
10134,0
10136,4
10139,3
10140,5
10142,5
10144,3
10145,2
10147,3
10148,3
10150,0
10151,5
10152,2
10153,3
10154,2
10156,5
10157,2
10158,2
10159,0
10160,1
10161,0
10162,1
10163,2
10164,3
10166,1
10167,3
10168,4
10169,2
10170,3
10171,5
10173,0
10178,5
10180,1
10181,5
10183,1
10184,3
10185,3
10186,4
10187,0
10188,4
10191,3
10192,4
10194,2
10195,3
10196,2
10197,2
10199,0
10200,5
10201,3
10202,5
10204,2
10206,2
10208,2
10209,5
10212,2
10213,2
10214,3
10215,4
10216,3
10217,4
10218,3
10219,2
10220,4
10221,0
10222,0
10223,3
10224,4
10226,4
10227,4
10228,3
10231,0
10232,5
10234,3
10235,1
10236,0
10237,0
10239,3
10240,1
10242,2
10243,2
10246,0
10249,3
10250,2
10251,4
10253,3
10254,4
10255,4
10256,0
10257,3
10261,2
10262,1
10263,3
10264,0
10265,5
10268,0
10269,3
10270,3
10271,4
10273,3
10274,0
10276,3
10277,4
10278,4
10279,5
10280,0
10283,5
10284,3
10285,4
10286,4
10287,2
10289,5
10291,5
10294,3
10295,2
10296,2
10297,3
10300,1
10301,3
10302,4
10303,0
10304,1
10305,0
10306,4
10307,4
10309,2
10310,3
10312,5
10314,2
10315,0
10316,1
10317,2
10318,1
10319,4
10320,2
10321,2
10322,4
10323,2
10324,3
10325,2
10326,2
10327,3
10328,2
10329,2
10330,0
10332,3
10333,2
10334,3
10335,2
10336,2
10337,3
10339,4
10340,3
10341,3
10342,1
10343,5
10344,4
10345,3
10347,2
10348,1
10351,3
10353,3
10355,3
10357,5
10358,2
10360,4
10361,3
10364,1
10366,3
10367,3
10368,3
10369,3
10370,3
10371,4
10372,2
10373,1
10374,1
10377,3
10382,5
10384,3
10386,0
10387,4
10388,0
10389,2
10390,0
10391,3
10392,0
10393,2
10394,0
10395,3
10396,4
10397,1
10398,0
10399,2
10400,2
10401,2
10402,1
10403,3
10406,4
10407,5
10408,3
10410,3
10411,3
10412,4
10413,0
10414,3
10415,1
10416,2
10417,4
10418,0
10424,2
10425,1
10426,4
10428,2
10429,3
10430,4
10431,5
10433,3
10434,4
10435,3
10436,4
10438,3
10440,2
10443,4
10444,3
10445,4
10446,5
10447,3
10448,2
10449,2
10453,2
10454,4
10455,4
10456,3
10457,1
10459,1
10460,2
10461,3
10463,5
10464,4
10465,2
10467,3
10471,4
10472,2
10473,4
10474,2
10476,1
10477,2
10478,2
10479,3
10480,3
10481,3
10483,0
10484,2
10485,0
10486,3
10488,2
10489,2
10490,0
10492,3
10494,2
10497,2
10498,0
10501,3
10502,2
10504,2
10506,2
10507,1
10508,3
10512,2
10513,3
10515,2
10518,2
10519,2
10520,3
10521,2
10522,2
10524,0
10525,4
10526,1
10527,4
10530,3
10533,0
10534,5
10537,0
10538,0
10540,3
10541,5
10542,2
10544,3
10545,4
10546,3
10547,3
10548,0
10549,4
10550,0
10551,5
10553,3
10554,5
10555,1
10556,3
10557,1
10559,2
10563,1
10564,3
10568,5
10569,3
10570,4
10571,4
10572,1
10573,4
10574,0
10575,0
10577,3
10578,4
10579,2
10580,2
10582,4
10584,2
10586,3
10587,1
10589,2
10591,5
10592,0
10593,2
10594,2
10596,3
10597,4
10598,3
10601,1
10603,3
10604,3
10606,4
10609,4
10610,4
10611,3
10612,3
10613,4
10614,0
10616,0
10618,4
10619,4
10620,5
10621,5
10625,4
10629,3
10630,2
10631,4
10632,4
10633,3
10634,1
10635,1
10638,3
10639,0
10641,0
10642,3
10643,4
10645,5
10647,4
10648,3
10650,5
10651,3
10652,0
10653,3
10654,3
10655,5
10657,4
10662,4
10663,4
10665,4
10667,2
10668,2
10669,1
10670,4
10671,1
10672,2
10673,3
10674,3
10675,3
10677,3
10678,0
10680,4
10683,3
10685,3
10686,1
10687,4
10691,4
10693,4
10694,3
10695,2
10696,2
10699,3
10700,1
10701,0
10702,2
10703,2
10706,2
10707,4
10708,1
10709,1
10711,2
10713,3
10714,1
10715,0
10716,5
10717,4
10718,2
10719,2
10720,3
10721,4
10722,4
10725,2
10726,5
10729,1
10730,2
10731,3
10732,2
10733,2
10734,0
10735,5
10736,2
10737,3
10739,2
10740,4
10741,3
10742,4
10743,4
10744,0
10746,3
10747,3
10748,3
10751,4
10752,2
10755,4
10756,1
10757,5
10758,2
10761,2
10762,3
10764,3
10765,2
10766,4
10768,5
10769,0
10770,2
10771,4
10772,4
10773,0
10774,1
10777,3
10778,3
10779,2
10781,5
10782,3
10784,2
10785,1
10786,4
10787,1
10788,5
10790,2
10791,2
10792,1
10794,1
10795,2
10796,3
10799,4
10802,3
10803,3
10804,2
10805,3
10806,3
10807,3
10808,4
10809,4
10810,4
10811,2
10812,0
10813,3
10814,1
10816,5
10817,2
10819,4
10821,5
10822,2
10823,4
10825,2
10826,0
10827,3
10828,2
10829,2
10830,5
10831,4
10832,5
10834,5
10835,3
10837,3
10838,4
10839,3
10840,2
10841,1
10842,3
10843,5
10844,5
10845,4
10846,2
10847,3
10848,2
10849,0
10850,4
10851,2
10852,4
10854,4
10857,2
10858,4
10860,3
10863,2
10864,2
10868,3
10871,4
10872,3
10873,4
10874,5
10875,1
10876,2
10879,2
10881,3
10882,2
10883,3
10885,1
10886,0
10887,2
10888,2
10889,3
10890,1
10891,2
10892,0
10893,3
10894,3
10895,3
10896,3
10897,5
10898,4
10899,1
10900,3
10902,2
10903,3
10905,5
10906,3
10907,4
10908,4
10910,0
10912,4
10913,2
10914,1
10915,2
10916,5
10917,1
10918,1
10920,2
10921,4
10922,5
10927,4
10928,2
10929,0
10931,4
10933,4
10934,0
10937,3
10939,2
10941,3
10942,5
10943,5
10944,2
10945,2
10946,2
10947,1
10948,5
10949,5
10951,3
10952,2
10953,3
10955,3
10956,5
10957,1
10958,2
10959,4
10960,3
10962,3
10963,3
10964,4
10965,4
10966,3
10968,2
10970,3
10971,3
10972,3
10973,1
10974,3
10975,4
10976,1
10977,1
10979,5
10980,4
10981,2
10984,4
10985,4
10986,2
10987,1
10988,4
10989,1
10990,2
10994,2
10995,2
10997,0
10998,0
10999,1
11001,1
11002,1
11003,2
11004,0
11005,3
11006,3
11008,3
11009,2
11010,3
11011,3
11012,4
11014,3
11017,3
11018,3
11022,5
11023,5
11024,2
11025,2
11026,0
11027,5
11028,2
11029,3
11030,2
11031,0
11032,3
11033,2
11035,2
11037,2
11038,2
11039,2
11040,0
11042,4
11043,2
11044,2
11045,2
11046,3
11047,3
11048,1
11049,1
11050,3
11052,1
11055,3
11057,3
11060,4
11062,5
11063,0
11065,2
11067,2
11068,0
11069,1
11070,2
11071,5
11072,5
11073,5
11075,5
11077,3
11079,4
11082,2
11083,4
11084,3
11085,5
11086,5
11087,4
11088,5
11089,2
11091,1
11092,4
11095,3
11096,2
11098,2
11099,2
11101,3
11102,5
11104,3
11106,1
11108,2
11111,2
11112,2
11113,0
11115,4
11116,4
11117,3
11118,0
11119,0
11121,2
11122,2
11123,2
11124,3
11125,4
11126,3
11127,2
11128,3
11129,5
11130,5
11131,2
11132,3
11133,3
11135,2
11136,1
11139,2
11140,0
11143,2
11145,2
11146,3
11147,0
11148,3
11150,0
11151,1
11152,2
11153,4
11154,3
11155,5
11156,4
11157,4
11158,2
11159,3
11160,2
11162,2
11163,3
11164,5
11167,2
11169,0
11170,5
11171,1
11172,2
11173,0
11174,1
11175,0
11177,0
11178,2
11179,3
11182,5
11183,4
11184,2
11185,1
11186,1
11187,1
11189,2
11190,5
11191,3
11192,1
11193,3
11194,2
11195,3
11197,2
11198,2
11200,2
11201,0
11202,1
11203,3
11204,3
11205,2
11206,3
11207,2
11209,5
11210,5
11211,0
11212,2
11213,3
11214,3
11215,3
11216,3
11217,2
11218,3
11219,4
11220,3
11221,4
11222,1
11223,4
11229,4
11230,3
11231,4
11232,1
11233,1
11235,0
11236,2
11237,2
11238,2
11239,0
11241,4
11242,3
11244,0
11245,5
11247,2
11248,3
11249,2
11251,5
11252,4
11253,5
11255,1
11256,5
11258,4
11260,3
11261,3
11263,5
11264,2
11265,0
11266,2
11267,2
11269,2
11270,2
11271,1
11272,3
11275,2
11276,3
11277,3
11278,1
11279,4
11280,1
11281,3
11282,3
11283,5
11284,2
11285,2
11287,4
11288,4
11290,3
11291,4
11292,1
11294,2
11295,4
11296,4
11298,3
11299,2
11300,2
11301,5
11302,4
11303,2
11304,2
11306,1
11307,3
11308,3
11309,2
11311,0
11312,2
11313,3
11314,0
11316,4
11321,3
11322,2
11323,1
11324,0
11325,2
11326,5
11327,3
11328,0
11329,2
11330,5
11331,5
11332,4
11333,2
11334,2
11335,2
11336,0
11337,0
11338,2
11339,4
11340,5
11341,3
11342,3
11343,3
11344,2
11345,5
11346,5
11347,0
11349,3
11350,0
11351,2
11352,3
11353,3
11354,0
11355,5
11356,4
11360,1
11361,2
11362,3
11363,0
11364,2
11365,1
11367,3
11369,3
11370,2
11373,1
11374,2
11375,0
11376,4
11378,1
11379,1
11380,2
11381,3
11382,3
11383,3
11384,2
11386,5
11387,0
11388,4
11391,4
11392,3
11393,3
11394,4
11395,3
11396,3
11398,0
11399,2
11400,3
11401,3
11404,4
11405,4
11406,1
11409,3
11410,4
11411,2
11412,1
11413,4
11414,4
11415,3
11416,2
11417,4
11418,2
11419,2
11420,2
11421,5
11422,1
11424,2
11425,3
11426,5
11428,3
11429,4
11431,2
11434,1
11435,3
11437,0
11438,5
11439,2
11441,2
11442,0
11445,3
11447,3
11449,3
11450,3
11451,2
11452,0
11453,0
11454,1
11457,5
11458,0
11460,2
11461,2
11462,4
11463,3
11464,3
11466,3
11467,2
11468,4
11469,5
11471,4
11472,5
11473,4
11474,2
11476,3
11478,0
11479,3
11481,4
11482,4
11483,4
11484,2
11485,1
11486,3
11488,2
11489,1
11490,3
11491,3
11493,5
11494,4
11496,1
11497,2
11498,3
11499,0
11500,5
11502,3
11503,4
11506,3
11509,3
11511,5
11512,4
11513,3
11514,5
11517,3
11518,2
11519,2
11520,3
11523,2
11524,1
11525,0
11526,2
11527,4
11531,2
11532,5
11533,3
11534,5
11536,1
11537,3
11538,1
11539,4
11540,4
11541,5
11542,4
11544,3
11545,3
11546,5
11549,5
11550,2
11551,0
11552,2
11553,0
11554,4
11556,2
11557,2
11558,2
11559,3
11560,2
11562,4
11563,2
11564,1
11565,3
11566,5
11567,3
11568,0
11569,1
11570,3
11571,5
11572,3
11573,5
11574,2
11575,1
11576,3
11577,2
11578,5
11579,3
11580,4
11585,0
11586,0
11587,3
11588,1
11589,3
11590,2
11593,3
11594,3
11595,3
11596,4
11597,1
11598,1
11599,1
11601,0
11604,4
11605,3
11606,0
11607,2
11609,2
11610,4
11611,3
11612,1
11614,2
11615,3
11616,1
11617,4
11621,2
11622,3
11623,2
11624,1
11626,2
11627,1
11628,4
11629,1
11631,4
11633,1
11634,4
11635,1
11636,2
11637,0
11638,2
11639,3
11641,5
11642,3
11644,1
11645,3
11646,3
11647,3
11648,2
11649,2
11650,3
11652,3
11653,2
11654,2
11655,4
11656,5
11657,0
11658,5
11661,5
11662,3
11663,3
11664,5
11665,4
11667,4
11669,1
11671,2
11672,1
11673,0
11674,5
11676,3
11677,3
11678,0
11679,4
11681,5
11684,2
11686,0
11687,2
11688,2
11691,2
11692,3
11696,3
11697,2
11698,2
11699,2
11700,1
11701,3
11702,5
11704,4
11706,2
11707,3
11708,5
11709,3
11710,1
11712,2
11713,5
11714,0
11716,4
11719,3
11720,2
11723,1
11725,1
11726,4
11728,3
11729,1
11730,3
11731,0
11732,2
11733,2
11734,1
11735,1
11736,3
11737,2
11738,3
11739,1
11740,2
11741,0
11743,3
11745,3
11746,5
11747,4
11749,2
11751,5
11752,3
11756,3
11758,1
11759,3
11760,5
11761,2
11762,0
11763,3
11764,5
11766,2
11768,4
11769,3
11770,3
11772,4
11773,3
11776,2
11779,4
11780,3
11782,1
11783,1
11786,1
11787,0
11788,2
11789,0
11791,2
11792,0
11793,3
11796,2
11797,4
11798,1
11799,3
11800,2
11801,2
11802,5
11803,4
11804,2
11805,3
11807,5
11809,2
11812,4
11814,4
11816,3
11817,2
11818,3
11820,3
11821,2
11822,1
11823,2
11824,2
11825,3
11826,0
11827,3
11828,3
11829,5
11830,3
11832,3
11833,5
11835,2
11836,3
11837,2
11838,4
11839,1
11840,2
11841,1
11843,2
11844,3
11845,2
11846,3
11847,0
11848,0
11849,3
11851,3
11852,4
11853,0
11854,4
11855,3
11857,4
11858,4
11859,2
11860,4
11861,2
11862,1
11864,5
11865,3
11868,0
11869,2
11870,5
11871,2
11873,0
11874,2
11876,3
11877,4
11879,3
11880,4
11881,0
11882,2
11883,2
11884,2
11885,3
11886,1
11888,2
11889,1
11890,1
11891,3
11892,2
11893,1
11896,4
11898,1
11899,3
11901,0
11902,3
11903,3
11904,1
11905,2
11906,0
11907,3
11908,1
11909,1
11910,2
11912,2
11915,2
11916,3
11918,2
11920,3
11921,2
11922,4
11923,1
11924,4
11925,0
11927,3
11928,5
11929,4
11931,4
11932,2
11933,2
11934,4
11935,0
11936,0
11938,2
11939,4
11940,2
11941,0
11943,3
11944,5
11945,2
11946,1
11947,5
11948,4
11950,1
11953,4
11955,5
11957,4
11958,4
11959,4
11960,3
11961,1
11964,4
11965,0
11966,3
11967,3
11968,2
11970,5
11972,4
11973,3
11974,1
11975,1
11976,4
11980,3
11981,2
11982,2
11983,3
11985,1
11986,4
11988,5
11991,3
11993,2
11994,3
11995,4
11996,1
11997,3
11998,3
12000,4
12001,2
12002,3
12004,2
12005,3
12007,3
12008,1
12009,4
12010,3
12015,4
12016,1
12017,4
12018,2
12019,3
12021,4
12023,4
12025,3
12026,2
12028,2
12029,5
12031,4
12032,4
12033,1
12034,3
12035,3
12036,2
12037,1
12039,5
12040,2
12041,4
12043,1
12045,3
12046,3
12047,3
12048,4
12049,3
12050,4
12051,3
12052,3
12053,4
12056,3
12057,2
12059,2
12060,3
12061,5
12062,0
12063,4
12065,1
12066,1
12067,2
12069,4
12071,5
12073,5
12075,2
12077,1
12078,3
12079,1
12080,1
12081,3
12082,3
12083,5
12084,4
12085,5
12086,5
12087,4
12088,5
12089,2
12090,5
12091,5
12092,2
12094,5
12096,2
12097,3
12099,2
12100,4
12101,3
12102,5
12103,5
12104,1
12106,3
12107,0
12109,3
12110,0
12111,3
12112,3
12114,4
12115,2
12116,2
12117,4
12120,0
12121,3
12122,3
12123,2
12126,3
12127,0
12128,1
12130,5
12131,3
12133,1
12134,5
12135,3
12138,3
12140,0
12143,4
12144,3
12145,3
12146,3
12147,1
12148,2
12149,2
12151,1
12152,5
12153,0
12154,2
12155,0
12156,1
12157,0
12159,3
12160,4
12161,5
12162,2
12163,5
12167,5
12169,4
12170,3
12172,4
12173,3
12174,2
12176,4
12177,5
12178,3
12179,2
12180,2
12182,2
12183,4
12186,3
12187,3
12188,5
12189,4
12191,2
12192,4
12193,4
12194,2
12195,3
12196,3
12198,0
12201,0
12202,5
12204,2
12206,3
12209,2
12210,5
12211,1
12215,0
12216,4
12219,3
12220,3
12221,1
12222,1
12223,3
12224,4
12225,3
12226,1
12227,0
12229,3
12231,2
12233,4
12234,2
12237,0
12238,0
12239,4
12240,2
12242,4
12244,0
12245,3
12246,4
12247,3
12248,3
12250,1
12252,4
12253,1
12254,2
12256,4
12257,0
12260,3
12261,5
12262,3
12263,0
12264,0
12267,3
12269,0
12270,3
12274,3
12275,3
12276,3
12277,0
12279,2
12280,1
12281,3
12282,0
12285,3
12286,0
12288,3
12290,1
12292,4
12293,2
12294,1
12295,0
12296,3
12297,3
12298,4
12299,0
12303,2
12304,4
12305,5
12307,3
12309,3
12310,4
12311,3
12313,5
12315,2
12316,4
12317,4
12320,1
12321,5
12322,2
12323,2
12325,2
12326,0
12328,1
12330,0
12331,4
12332,5
12333,4
12337,3
12339,1
12340,5
12342,1
12343,2
12346,4
12347,3
12348,0
12350,5
12351,5
12352,2
12355,3
12356,1
12357,0
12358,2
12360,3
12361,3
12363,4
12364,5
12365,3
12366,0
12367,4
12368,2
12371,5
12372,5
12375,2
12378,3
12379,3
12380,1
12381,3
12382,2
12383,4
12384,3
12385,1
12388,5
12389,1
12390,2
12391,2
12392,3
12394,4
12395,2
12396,4
12397,5
12398,3
12399,3
12400,0
12401,4
12402,0
12403,3
12404,2
12405,0
12407,4
12408,0
12409,3
12410,3
12411,2
12412,3
12413,2
12415,2
12417,4
12418,4
12419,2
12420,1
12421,2
12424,2
12426,3
12428,4
12429,1
12432,4
12434,0
12437,3
12438,3
12439,3
12440,3
12441,5
12442,1
12443,4
12444,2
12446,3
12447,2
12450,1
12451,3
12453,2
12454,5
12455,5
12456,5
12457,3
12461,3
12462,3
12463,3
12465,5
12466,2
12467,5
12468,4
12471,4
12474,0
12475,3
12477,4
12479,2
12480,1
12481,1
12484,1
12485,0
12487,3
12488,3
12489,4
12490,4
12491,4
12493,3
12497,2
12498,1
12499,0
12502,3
12503,4
12504,2
12505,1
12506,2
12508,1
12509,2
12513,2
12515,0
12517,0
12519,3
12520,4
12524,3
12526,0
12530,4
12531,4
12532,3
12535,4
12537,1
12538,4
12539,4
12540,4
12541,4
12542,3
12543,5
12544,4
12545,3
12546,3
12547,4
12549,2
12550,2
12554,0
12555,3
12556,1
12557,0
12560,3
12561,5
12563,2
12564,2
12569,2
12572,3
12573,3
12574,2
12575,3
12576,3
12577,2
12579,1
12580,5
12582,5
12583,5
12584,3
12585,3
12586,2
12587,4
12588,2
12590,4
12591,2
12592,0
12593,2
12594,3
12595,3
12596,3
12597,3
12598,3
12600,4
12602,0
12603,3
12606,4
12607,4
12610,1
12611,0
12612,4
12614,3
12615,5
12617,1
12618,2
12619,2
12620,4
12623,5
12624,2
12625,2
12626,1
12627,4
12628,0
12629,4
12631,4
12632,1
12633,2
12634,3
12635,0
12636,2
12638,4
12639,3
12640,0
12642,3
12645,1
12646,3
12647,0
12648,4
12649,1
12650,2
12652,0
12653,2
12654,3
12655,2
12656,0
12657,3
12659,2
12660,4
12661,1
12663,2
12664,4
12665,0
12666,4
12667,3
12668,3
12670,4
12671,3
12673,1
12674,5
12675,3
12677,4
12678,2
12679,2
12681,3
12685,2
12686,4
12687,2
12691,5
12692,1
12693,2
12694,3
12695,5
12696,1
12698,0
12700,2
12701,0
12702,0
12703,3
12704,3
12705,4
12706,2
12707,1
12709,4
12711,2
12712,1
12713,2
12714,2
12715,4
12717,2
12720,0
12721,1
12722,3
12724,3
12725,3
12726,3
12727,4
12729,2
12733,3
12738,1
12739,1
12740,0
12742,1
12745,5
12747,4
12748,2
12749,4
12750,5
12751,2
12752,0
12754,2
12756,1
12757,1
12760,0
12761,3
12763,5
12765,4
12766,2
12767,3
12768,3
12769,2
12770,3
12772,2
12773,3
12774,1
12775,0
12778,3
12781,2
12782,3
12786,3
12787,5
12788,4
12792,0
12793,2
12794,0
12795,3
12796,5
12797,0
12798,2
12799,1
12800,3
12803,2
12804,3
12806,1
12808,4
12809,4
12810,2
12811,4
12813,2
12814,0
12815,4
12817,3
12818,3
12819,5
12820,0
12821,2
12823,5
12824,1
12826,4
12828,3
12829,3
12831,0
12832,4
12833,4
12834,2
12836,3
12838,2
12839,2
12840,5
12842,3
12843,4
12844,2
12845,2
12846,4
12849,1
12850,5
12851,1
12853,1
12854,0
12857,4
12858,4
12859,4
12860,3
12861,3
12863,3
12864,3
12865,4
12866,1
12867,2
12868,1
12869,1
12872,4
12874,4
12876,4
12877,5
12879,5
12880,2
12884,0
12885,2
12886,5
12888,4
12889,4
12890,2
12891,0
12892,5
12893,0
12895,4
12898,2
12899,3
12902,3
12903,0
12904,3
12905,2
12906,3
12907,3
12908,5
12912,3
12914,3
12915,2
12918,1
12919,2
12921,3
12924,3
12925,0
12926,3
12927,0
12928,5
12931,5
12934,2
12936,5
12940,2
12943,0
12944,1
12945,4
12946,4
12949,2
12950,2
12951,3
12952,2
12954,2
12955,3
12956,2
12957,1
12959,2
12960,3
12961,4
12962,3
12964,1
12965,3
12966,2
12967,2
12968,1
12969,3
12970,3
12971,0
12973,4
12974,3
12976,2
12977,4
12982,5
12983,3
12985,2
12987,1
12989,2
12990,2
12991,4
12992,2
12993,1
12994,4
12997,5
12999,3
13000,2
13001,5
13002,3
13003,4
13004,4
13005,2
13006,4
13007,1
13008,1
13010,1
13011,5
13012,4
13014,5
13018,5
13020,3
13022,2
13023,0
13025,0
13026,4
13027,3
13028,2
13029,5
13030,3
13032,4
13033,0
13034,5
13036,3
13037,2
13038,5
13040,3
13041,5
13042,5
13045,0
13046,4
13047,3
13048,2
13049,5
13052,3
13054,3
13055,3
13058,0
13059,0
13060,4
13061,3
13062,3
13064,5
13065,4
13067,3
13068,0
13069,4
13070,1
13071,1
13073,4
13074,0
13075,2
13076,5
13077,3
13078,3
13079,3
13080,3
13082,3
13083,3
13084,1
13085,2
13086,3
13087,3
13089,5
13090,4
13091,2
13093,4
13094,3
13095,1
13096,1
13097,1
13098,5
13101,1
13102,3
13104,3
13106,2
13107,3
13108,0
13109,2
13110,3
13111,4
13112,2
13114,2
13116,2
13117,2
13118,0
13119,3
13120,4
13122,4
13124,3
13125,2
13126,1
13127,4
13128,2
13129,1
13132,3
13134,2
13135,5
13136,2
13137,2
13138,3
13139,3
13140,0
13141,4
13143,4
13144,3
13145,3
13146,5
13147,2
13149,0
13150,4
13151,5
13152,5
13153,1
13154,3
13156,2
13157,0
13158,4
13159,2
13161,0
13162,2
13163,2
13165,3
13166,4
13167,1
13168,2
13169,3
13172,5
13173,3
13174,5
13175,3
13176,0
13177,1
13178,5
13180,4
13181,3
13183,2
13184,3
13185,0
13186,2
13187,0
13190,3
13192,3
13195,2
13196,2
13197,4
13198,1
13199,2
13202,5
13203,3
13204,0
13205,3
13208,2
13209,0
13212,2
13213,4
13214,0
13215,1
13217,5
13219,4
13220,5
13222,3
13224,1
13225,5
13226,2
13227,2
13229,3
13230,3
13231,3
13234,5
13235,5
13236,2
13240,3
13241,0
13244,3
13245,5
13246,0
13247,1
13248,2
13249,4
13250,3
13252,2
13253,0
13254,2
13255,1
13256,2
13257,5
13258,2
13259,5
13260,4
13262,3
13264,5
13266,3
13268,0
13269,0
13270,4
13271,4
13272,3
13273,5
13276,0
13277,3
13279,1
13280,4
13285,3
13288,4
13289,4
13290,3
13292,5
13294,4
13295,3
13296,1
13297,3
13298,3
13300,3
13302,2
13303,3
13305,2
13307,2
13309,5
13310,2
13313,5
13314,5
13315,3
13316,5
13320,0
13321,4
13323,4
13324,2
13325,4
13327,5
13328,2
13329,1
13330,5
13332,0
13333,5
13334,4
13336,4
13337,5
13338,5
13340,1
13341,1
13342,2
13344,5
13346,4
13347,3
13348,3
13349,3
13353,3
13354,2
13357,5
13360,5
13361,4
13362,2
13364,1
13365,2
13367,5
13368,4
13369,0
13370,1
13371,1
13372,4
13373,5
13374,5
13375,4
13377,1
13379,0
13381,1
13385,3
13386,5
13387,0
13388,0
13389,2
13391,4
13392,3
13393,4
13395,3
13396,3
13397,4
13398,3
13401,1
13403,3
13404,0
13405,3
13406,4
13408,5
13410,3
13412,5
13413,4
13414,5
13415,0
13416,2
13418,3
13419,2
13420,3
13421,3
13422,4
13425,0
13426,4
13427,4
13428,4
13429,3
13430,4
13433,1
13436,0
13437,2
13438,0
13439,3
13440,2
13443,3
13444,3
13446,3
13447,3
13448,0
13449,2
13450,1
13451,3
13453,3
13455,0
13457,0
13458,0
13461,0
13462,3
13463,2
13464,5
13465,4
13468,3
13469,3
13470,0
13472,2
13473,3
13474,5
13476,2
13477,3
13479,4
13480,3
13481,4
13482,4
13483,3
13484,4
13485,3
13487,2
13488,1
13489,4
13490,1
13495,4
13496,0
13498,5
13499,3
13500,5
13501,4
13509,5
13510,3
13513,1
13514,3
13515,3
13516,5
13518,3
13521,2
13522,3
13524,0
13525,1
13526,2
13531,0
13533,4
13534,3
13535,2
13536,2
13537,5
13538,2
13539,4
13540,5
13541,4
13544,1
13545,2
13546,1
13547,2
13548,5
13549,2
13550,2
13554,0
13556,0
13557,2
13558,4
13559,5
13560,5
13561,3
13562,2
13563,2
13564,4
13565,2
13568,3
13570,3
13571,0
13573,2
13574,2
13576,3
13579,4
13580,3
13582,0
13583,4
13584,5
13585,2
13586,0
13587,3
13588,4
13590,3
13593,5
13594,2
13596,3
13597,1
13599,0
13601,3
13602,4
13603,4
13604,2
13605,3
13606,3
13607,0
13609,3
13610,3
13611,3
13615,4
13620,3
13621,3
13623,5
13625,3
13626,4
13628,3
13629,4
13630,5
13631,4
13632,3
13633,2
13635,3
13636,2
13638,3
13640,3
13641,4
13642,3
13643,2
13644,2
13645,3
13647,5
13649,2
13650,3
13651,2
13652,4
13654,3
13655,2
13659,4
13660,2
13661,1
13662,1
13663,3
13664,0
13666,3
13669,0
13671,3
13672,5
13673,2
13674,0
13675,1
13676,4
13677,2
13679,5
13680,3
13681,4
13682,5
13683,3
13686,2
13688,2
13690,3
13691,4
13692,0
13693,4
13694,0
13695,0
13696,3
13697,4
13698,3
13699,5
13701,2
13703,5
13704,5
13705,4
13706,4
13708,2
13709,4
13710,4
13713,3
13715,4
13716,4
13720,3
13721,1
13723,3
13724,4
13725,0
13726,0
13727,4
13729,2
13730,1
13731,1
13732,0
13733,1
13734,3
13736,1
13737,5
13738,0
13739,2
13740,0
13741,3
13742,3
13743,2
13744,4
13745,2
13750,3
13752,5
13753,2
13754,0
13755,4
13756,2
13758,5
13759,2
13760,2
13761,5
13762,4
13763,4
13764,5
13765,0
13767,2
13768,2
13771,0
13772,4
13773,0
13774,2
13775,3
13777,5
13778,2
13779,3
13780,4
13782,5
13783,5
13784,3
13785,3
13790,3
13792,5
13793,0
13794,3
13796,5
13797,2
13798,3
13799,4
13800,1
13801,4
13802,5
13803,5
13804,3
13805,4
13806,3
13807,2
13809,5
13811,4
13812,2
13813,2
13814,4
13815,0
13816,2
13817,4
13819,1
13820,3
13822,3
13823,5
13825,4
13826,3
13827,3
13830,1
13831,4
13832,4
13833,5
13834,4
13837,4
13839,5
13840,1
13841,0
13842,2
13843,5
13844,5
13845,2
13846,3
13847,3
13848,4
13849,2
13851,0
13852,5
13853,1
13855,4
13856,3
13857,2
13858,5
13859,4
13860,4
13861,4
13863,5
13865,3
13867,2
13868,3
13870,2
13871,0
13872,0
13873,5
13874,4
13876,1
13878,3
13880,2
13881,0
13883,3
13884,4
13885,1
13886,0
13887,3
13889,0
13891,1
13894,5
13897,4
13898,3
13900,4
13901,3
13902,4
13903,3
13906,4
13908,2
13910,0
13911,2
13912,4
13913,3
13915,5
13916,5
13917,3
13919,4
13921,4
13923,0
13924,2
13925,5
13926,5
13928,1
13930,2
13931,4
13932,5
13934,4
13935,0
13936,3
13937,0
13938,3
13939,5
13941,5
13942,4
13944,0
13945,3
13946,2
13947,3
13949,5
13951,4
13952,3
13953,1
13954,1
13955,3
13956,2
13957,1
13959,4
13961,2
13962,5
13963,3
13964,0
13965,4
13966,4
13967,5
13968,4
13971,4
13972,4
13973,0
13974,1
13975,3
13976,2
13978,3
13979,2
13980,3
13981,2
13982,4
13983,3
13985,0
13987,5
13989,2
13990,2
13991,0
13992,0
13994,2
13995,3
13996,2
13998,2
13999,1
14001,3
14003,2
14004,2
14005,3
14006,2
14007,1
14008,2
14009,2
14010,1
14011,0
14012,4
14013,0
14015,2
14016,4
14017,5
14018,3
14020,4
14021,1
14022,3
14024,2
14025,3
14026,3
14029,2
14030,4
14031,0
14033,4
14034,3
14035,3
14037,3
14038,3
14041,5
14042,3
14044,2
14046,5
14048,2
14049,4
14050,5
14051,0
14052,4
14055,2
14056,4
14057,5
14058,1
14060,2
14063,4
14065,2
14066,4
14067,3
14068,4
14069,5
14070,2
14072,3
14073,2
14074,2
14077,3
14079,4
14080,2
14081,4
14084,5
14085,4
14087,4
14088,4
14092,2
14093,0
14095,0
14096,3
14097,5
14098,2
14099,3
14100,2
14101,4
14103,4
14104,0
14105,4
14106,0
14107,4
14109,1
14110,2
14111,3
14112,4
14113,2
14115,4
14116,0
14117,3
14121,1
14123,0
14124,3
14125,3
14126,3
14127,4
14128,3
14129,2
14130,3
14131,3
14133,3
14134,4
14136,0
14137,1
14138,2
14139,1
14140,0
14141,2
14142,3
14144,3
14145,3
14146,1
14147,3
14148,3
14149,0
14151,0
14152,2
14153,0
14154,4
14155,2
14156,0
14157,3
14158,1
14159,3
14163,1
14166,2
14167,3
14168,2
14170,0
14171,5
14174,3
14176,3
14177,5
14179,1
14181,4
14182,4
14185,2
14189,2
14190,3
14191,3
14192,3
14193,3
14194,4
14195,1
14196,2
14198,3
14199,5
14202,0
14203,3
14204,1
14205,3
14208,3
14209,1
14210,3
14211,2
14212,2
14213,5
14215,2
14217,1
14219,1
14220,2
14223,4
14224,0
14225,1
14226,3
14229,4
14231,2
14234,1
14235,2
14236,0
14239,3
14240,1
14241,2
14242,4
14244,2
14247,5
14248,3
14252,4
14253,3
14255,4
14256,3
14257,0
14259,0
14260,5
14261,3
14263,4
14264,3
14265,0
14267,0
14270,1
14271,5
14274,2
14276,3
14277,1
14278,3
14279,2
14285,2
14289,0
14290,1
14291,2
14293,2
14294,3
14296,4
14299,3
14300,4
14301,3
14302,3
14303,4
14304,2
14305,0
14306,2
14307,5
14309,2
14310,3
14311,3
14312,5
14313,0
14314,0
14315,3
14316,1
14319,5
14320,3
14321,2
14323,0
14324,1
14325,3
14326,2
14327,4
14329,1
14330,3
14331,2
14332,1
14334,3
14336,3
14338,3
14340,0
14341,5
14342,3
14343,5
14347,2
14348,0
14349,1
14350,3
14352,0
14353,4
14354,3
14355,5
14356,4
14358,2
14360,4
14362,3
14363,1
14364,0
14366,4
14367,4
14369,5
14370,3
14371,3
14372,2
14374,3
14375,3
14376,5
14377,4
14378,3
14379,5
14380,2
14381,3
14382,0
14385,2
14388,1
14389,4
14390,1
14391,3
14394,2
14395,5
14398,1
14399,4
14400,4
14402,1
14404,0
14405,0
14406,4
14407,3
14408,0
14409,2
14410,2
14412,0
14413,0
14414,2
14415,2
14416,1
14417,2
14418,2
14421,3
14422,5
14423,1
14424,2
14425,3
14426,5
14427,0
14428,3
14430,5
14431,2
14432,1
14434,4
14435,3
14436,3
14437,5
14438,2
14439,3
14441,2
14442,1
14443,1
14444,5
14445,3
14446,4
14448,0
14449,1
14450,2
14453,2
14454,4
14455,2
14457,3
14458,0
14459,3
14460,3
14461,4
14463,5
14464,1
14469,3
14473,2
14474,2
14476,2
14477,3
14478,3
14479,3
14480,1
14481,3
14482,2
14483,4
14484,3
14485,4
14487,3
14488,3
14490,2
14491,4
14492,4
14493,2
14494,4
14495,3
14496,2
14497,1
14498,3
14499,3
14500,5
14502,3
14503,4
14504,1
14506,5
14507,4
14508,3
14509,4
14510,1
14511,3
14512,3
14514,2
14515,2
14518,3
14520,1
14522,3
14523,2
14526,5
14527,4
14528,3
14531,3
14533,3
14536,3
14537,0
14539,2
14541,3
14542,4
14543,3
14545,3
14546,0
14547,3
14548,4
14549,0
14551,3
14552,2
14553,1
14554,1
14556,4
14557,2
14560,3
14562,4
14564,1
14565,3
14566,3
14568,5
14571,0
14573,3
14574,0
14576,5
14577,3
14578,3
14580,3
14582,4
14583,5
14584,3
14585,2
14586,3
14587,2
14588,3
14590,2
14591,3
14592,0
14594,3
14595,2
14596,3
14597,5
14598,1
14600,5
14602,2
14603,3
14604,2
14605,3
14607,0
14608,2
14609,4
14611,2
14612,3
14615,3
14616,5
14617,0
14618,4
14619,3
14622,0
14623,5
14624,3
14625,3
14627,2
14628,4
14629,3
14630,3
14631,3
14632,2
14633,5
14635,2
14638,1
14640,1
14641,4
14643,3
14646,5
14647,3
14649,4
14650,2
14651,0
14652,2
14654,2
14655,5
14656,3
14659,4
14660,2
14661,2
14663,2
14664,1
14665,4
14666,0
14667,3
14668,0
14669,2
14670,4
14671,2
14673,4
14675,2
14676,4
14678,3
14679,3
14680,3
14681,2
14682,4
14684,2
14685,3
14686,5
14687,1
14688,3
14690,2
14691,4
14694,4
14695,1
14697,4
14698,1
14700,3
14703,5
14704,0
14705,0
14706,5
14707,4
14708,4
14709,4
14713,0
14714,4
14716,3
14717,5
14718,4
14719,2
14721,2
14723,3
14724,3
14725,2
14726,3
14729,4
14730,3
14731,3
14732,4
14733,2
14734,5
14735,3
14736,0
14737,3
14740,3
14741,2
14742,5
14743,3
14744,4
14745,0
14746,3
14747,1
14748,5
14750,4
14751,0
14752,1
14753,5
14754,4
14755,2
14756,5
14757,0
14758,2
14760,2
14761,3
14762,0
14763,1
14765,1
14766,5
14767,2
14768,1
14769,1
14770,2
14771,2
14772,1
14774,2
14775,4
14776,4
14777,2
14778,0
14781,0
14782,4
14783,3
14788,1
14791,5
14793,5
14794,2
14796,3
14797,3
14800,2
14802,3
14803,3
14804,0
14806,3
14807,3
14809,3
14810,2
14811,0
14813,3
14814,3
14815,0
14816,0
14818,5
14819,0
14820,3
14821,4
14823,3
14824,3
14825,4
14826,3
14829,3
14830,5
14831,2
14832,4
14833,4
14834,1
14835,0
14836,1
14837,4
14838,4
14839,2
14841,5
14843,2
14846,3
14847,1
14848,0
14849,4
14850,5
14851,2
14853,3
14854,4
14857,3
14858,2
14859,3
14860,0
14861,4
14862,1
14864,2
14865,3
14866,4
14867,5
14868,2
14869,0
14872,1
14874,2
14876,3
14877,2
14878,3
14879,5
14880,5
14881,0
14883,2
14886,0
14887,3
14888,5
14889,2
14890,4
14891,1
14892,4
14893,4
14894,4
14895,2
14896,0
14897,2
14898,1
14899,2
14900,3
14902,1
14903,3
14904,4
14906,4
14907,4
14909,3
14911,5
14912,0
14913,1
14915,2
14916,3
14917,3
14918,4
14919,4
14920,3
14921,4
14922,2
14923,1
14924,4
14926,3
14927,5
14928,4
14929,2
14933,2
14935,3
14937,0
14938,1
14942,3
14943,4
14944,2
14945,4
14946,4
14948,3
14949,2
14951,0
14952,2
14955,2
14956,3
14957,1
14960,3
14962,2
14963,4
14964,1
14966,1
14967,3
14971,4
14972,4
14973,0
14974,0
14975,2
14977,3
14979,3
14980,0
14981,1
14982,5
14983,3
14984,1
14985,5
14986,4
14987,4
14988,0
14990,2
14991,2
14993,3
14995,1
14996,5
14999,1
15000,3
15001,4
15002,3
15004,3
15007,4
15008,3
15009,2
15010,3
15012,4
15014,2
15015,3
15016,4
15017,0
15019,2
15020,5
15024,3
15025,3
15026,0
15027,1
15028,2
15029,3
15030,3
15032,0
15033,2
15034,2
15035,2
15036,0
15037,2
15038,5
15039,4
15040,3
15041,4
15043,0
15044,2
15046,2
15048,0
15049,4
15051,3
15053,3
15054,2
15055,4
15057,5
15058,3
15062,0
15063,3
15065,3
15067,1
15068,3
15069,3
15070,5
15071,2
15072,3
15075,2
15076,2
15079,0
15080,1
15082,0
15083,5
15085,2
15086,4
15087,5
15088,2
15089,3
15090,1
15091,4
15092,2
15094,5
15095,3
15096,2
15097,4
15098,2
15099,3
15103,0
15104,0
15105,1
15107,3
15108,4
15109,0
15112,0
15114,3
15115,5
15117,2
15118,5
15119,3
15120,3
15121,2
15124,3
15125,3
15127,4
15128,1
15129,3
15131,2
15132,1
15133,5
15136,1
15137,5
15139,4
15140,3
15142,4
15144,4
15146,0
15147,5
15148,4
15149,4
15150,3
15151,3
15152,1
15153,0
15155,0
15156,3
15157,1
15158,2
15159,4
15160,5
15163,2
15164,1
15166,2
15168,1
15170,3
15171,3
15172,3
15173,5
15175,2
15176,2
15177,3
15178,4
15181,5
15183,2
15184,0
15185,0
15186,5
15187,2
15188,0
15189,3
15190,3
15191,3
15192,3
15193,4
15194,3
15197,4
15198,4
15199,2
15200,3
15201,0
15202,0
15203,5
15204,0
15205,5
15207,2
15208,3
15209,2
15212,3
15213,5
15215,3
15216,2
15217,2
15218,0
15219,2
15220,3
15221,1
15222,5
15223,4
15225,2
15226,2
15227,2
15228,5
15229,3
15230,4
15231,0
15232,3
15233,2
15234,2
15235,2
15236,4
15238,2
15241,2
15242,4
15243,0
15245,5
15246,5
15249,2
15250,3
15251,4
15252,2
15254,3
15255,2
15256,3
15257,3
15261,4
15262,2
15263,1
15264,3
15265,4
15267,0
15268,5
15269,4
15272,3
15273,2
15274,0
15275,4
15276,3
15277,4
15278,3
15279,1
15280,3
15282,3
15284,1
15285,3
15287,2
15288,5
15293,1
15294,2
15295,3
15296,3
15297,3
15298,0
15299,3
15301,5
15302,2
15304,3
15305,2
15306,2
15310,2
15311,2
15312,2
15313,3
15314,5
15316,1
15318,5
15319,2
15321,5
15322,1
15323,4
15325,0
15327,3
15329,3
15330,3
15331,4
15333,5
15334,4
15335,4
15336,3
15337,5
15339,4
15340,5
15341,2
15343,1
15346,3
15347,0
15348,3
15349,3
15350,2
15352,0
15353,3
15354,3
15356,2
15357,1
15358,4
15359,0
15360,2
15361,0
15363,5
15364,3
15365,5
15366,2
15367,4
15368,3
15372,2
15373,2
15377,1
15378,3
15379,0
15380,3
15381,4
15382,0
15383,3
15384,0
15385,3
15387,3
15388,1
15389,4
15390,2
15392,2
15393,3
15394,2
15395,4
15400,2
15401,4
15402,2
15404,0
15405,3
15406,2
15407,3
15408,3
15409,3
15411,2
15413,3
15414,1
15415,2
15416,3
15418,2
15419,4
15420,1
15421,3
15422,4
15424,3
15425,5
15426,4
15427,4
15428,2
15429,3
15432,4
15433,5
15434,3
15435,2
15436,0
15437,4
15438,4
15442,5
15444,2
15445,5
15449,3
15451,4
15453,1
15456,3
15459,2
15460,0
15461,1
15463,4
15464,5
15466,4
15467,5
15468,3
15469,5
15472,3
15473,2
15474,2
15475,4
15477,4
15478,4
15479,2
15481,4
15483,3
15485,5
15486,1
15490,1
15491,5
15492,3
15493,2
15494,4
15495,2
15498,0
15499,0
15500,0
15502,4
15503,3
15504,3
15505,0
15509,5
15510,5
15511,3
15512,0
15513,2
15514,2
15515,1
15516,0
15517,5
15520,2
15521,0
15523,3
15524,2
15527,3
15528,2
15532,3
15533,4
15534,5
15536,2
15537,2
15538,1
15540,2
15543,0
15544,2
15545,2
15546,3
15547,2
15548,3
15549,2
15550,2
15551,0
15552,2
15553,3
15554,2
15555,0
15556,3
15557,4
15558,0
15559,4
15560,4
15561,3
15564,3
15565,0
15566,4
15567,0
15568,3
15569,1
15570,5
15571,3
15572,3
15573,4
15575,5
15576,4
15579,3
15583,3
15584,0
15585,0
15587,3
15588,4
15591,3
15592,3
15594,3
15595,2
15596,2
15597,5
15598,3
15599,5
15600,4
15601,2
15603,1
15604,3
15605,4
15608,3
15610,2
15613,3
15614,1
15615,1
15616,1
15617,0
15618,4
15619,5
15620,2
15621,0
15622,4
15624,0
15625,4
15626,4
15628,1
15631,5
15632,3
15633,2
15634,3
15636,2
15637,2
15638,0
15640,2
15644,0
15645,4
15646,4
15647,5
15648,5
15650,1
15651,1
15652,5
15653,4
15654,3
15655,4
15656,3
15658,1
15659,3
15660,0
15661,4
15663,1
15664,2
15665,4
15666,3
15667,2
15668,3
15670,3
15671,3
15675,2
15679,2
15680,4
15681,4
15682,3
15683,2
15684,3
15687,1
15688,4
15689,3
15691,0
15692,0
15693,5
15694,5
15696,2
15697,4
15700,1
15701,4
15703,2
15704,2
15705,5
15706,2
15707,3
15709,5
15712,1
15713,3
15714,1
15716,3
15717,1
15718,5
15720,4
15721,3
15722,0
15723,4
15725,4
15726,3
15727,3
15729,3
15730,4
15732,4
15734,4
15735,3
15737,0
15738,1
15739,2
15741,5
15743,5
15744,3
15745,1
15746,1
15747,5
15750,3
15751,0
15752,4
15753,0
15754,2
15756,1
15759,3
15761,0
15762,4
15763,4
15764,0
15765,5
15766,4
15767,0
15768,3
15771,5
15773,5
15774,2
15775,3
15777,2
15778,1
15779,3
15781,3
15782,1
15783,3
15784,0
15785,4
15786,3
15787,2
15788,3
15791,2
15793,2
15796,4
15798,2
15800,1
15801,0
15802,0
15804,2
15805,1
15806,5
15807,5
15808,2
15809,4
15811,1
15813,4
15814,4
15815,2
15816,3
15817,5
15819,3
15820,2
15821,4
15822,0
15823,2
15824,2
15825,0
15826,1
15828,3
15830,0
15831,4
15832,0
15833,5
15835,3
15838,3
15840,4
15841,2
15842,3
15844,5
15845,1
15846,1
15849,2
15850,1
15851,5
15852,3
15854,3
15857,4
15858,0
15859,5
15861,5
15863,4
15866,0
15867,2
15868,2
15870,5
15871,4
15872,2
15873,3
15874,2
15875,4
15876,4
15877,4
15879,0
15880,4
15881,0
15884,3
15885,1
15886,2
15889,0
15890,2
15892,2
15893,2
15896,0
15897,4
15898,2
15900,3
15903,3
15907,2
15908,3
15909,3
15910,3
15912,2
15913,4
15914,0
15916,2
15917,3
15919,5
15920,5
15921,3
15922,3
15924,3
15925,2
15926,0
15927,0
15928,4
15931,3
15932,2
15933,2
15934,1
15935,2
15936,5
15938,0
15939,3
15940,2
15941,0
15942,0
15944,2
15946,1
15947,3
15948,0
15949,3
15951,3
15952,0
15953,3
15954,3
15955,4
15956,5
15957,3
15959,2
15960,2
15961,3
15963,2
15965,3
15966,4
15968,0
15969,0
15970,3
15972,1
15973,5
15974,1
15977,0
15978,3
15980,4
15983,4
15984,4
15985,3
15986,2
15987,4
15988,2
15991,3
15993,2
15995,0
15997,5
15998,2
16001,3
16002,5
16003,2
16004,1
16006,4
16007,3
16008,3
16009,5
16010,3
16011,3
16012,1
16013,2
16014,3
16015,3
16016,2
16018,5
16019,0
16021,5
16022,1
16026,0
16029,3
16030,1
16031,1
16033,4
16034,0
16036,4
16037,5
16040,3
16041,0
16042,3
16043,0
16044,2
16045,3
16046,5
16049,3
16050,3
16051,2
16052,2
16053,1
16054,0
16055,3
16056,4
16057,2
16059,2
16060,3
16062,1
16063,5
16064,2
16068,2
16071,0
16073,2
16074,2
16075,4
16076,3
16077,5
16078,4
16079,4
16080,2
16082,4
16083,2
16084,0
16085,4
16086,4
16087,0
16088,1
16089,2
16090,2
16091,4
16092,0
16094,2
16096,1
16097,3
16098,1
16099,0
16100,3
16102,1
16103,1
16105,2
16106,3
16107,1
16108,4
16109,4
16110,4
16111,2
16112,3
16114,5
16115,2
16117,0
16118,4
16119,3
16120,2
16122,4
16124,4
16125,2
16126,1
16127,2
16128,0
16130,0
16131,4
16132,4
16133,1
16134,3
16135,2
16137,3
16139,5
16140,3
16141,2
16142,3
16143,3
16144,2
16145,0
16146,3
16147,0
16148,2
16149,4
16150,4
16151,5
16155,4
16156,2
16157,4
16159,3
16160,5
16161,3
16163,1
16165,1
16168,4
16170,4
16171,1
16173,3
16174,3
16175,2
16176,1
16180,5
16181,3
16182,2
16185,5
16187,1
16188,4
16189,0
16191,3
16192,4
16193,1
16194,4
16195,1
16196,0
16197,5
16201,2
16203,0
16204,0
16205,3
16206,2
16207,1
16213,0
16215,4
16217,4
16218,0
16219,2
16220,0
16221,0
16223,2
16224,5
16225,3
16226,1
16227,2
16230,2
16232,1
16233,3
16235,2
16236,4
16237,4
16238,4
16239,5
16241,0
16242,4
16243,4
16244,0
16246,0
16247,3
16248,4
16249,2
16250,2
16252,2
16255,3
16256,2
16257,2
16258,4
16259,4
16260,1
16261,3
16262,3
16263,4
16264,5
16265,1
16266,2
16267,2
16268,3
16269,0
16271,5
16272,4
16273,4
16274,4
16277,3
16278,1
16279,5
16280,2
16281,4
16283,4
16284,4
16286,4
16287,1
16288,2
16289,4
16291,3
16292,3
16294,5
16295,3
16298,1
16300,3
16301,4
16303,0
16304,5
16305,0
16306,2
16308,1
16311,5
16312,2
16313,4
16315,2
16317,1
16318,4
16319,3
16320,0
16322,4
16323,3
16324,1
16328,2
16329,3
16330,2
16334,3
16335,3
16336,2
16337,0
16341,0
16342,0
16343,4
16344,1
16345,5
16346,5
16347,5
16348,0
16349,3
16350,3
16353,2
16354,4
16355,2
16356,3
16357,3
16359,5
16361,2
16362,3
16363,1
16364,4
16365,0
16368,3
16369,3
16370,0
16371,3
16372,3
16373,5
16374,1
16375,1
16376,4
16377,5
16381,2
16383,3
16384,2
16386,4
16387,2
16388,2
16389,0
16390,3
16391,3
16392,1
16393,2
16394,3
16395,3
16396,2
16397,4
16399,3
16400,2
16401,3
16402,5
16404,3
16406,5
16408,4
16412,2
16413,3
16414,2
16418,3
16420,2
16424,5
16426,5
16428,5
16429,5
16431,3
16432,3
16434,2
16436,3
16437,5
16441,4
16442,4
16443,5
16446,1
16448,1
16449,4
16451,2
16452,5
16453,4
16454,4
16455,3
16456,5
16457,5
16459,3
16461,3
16462,3
16463,2
16464,0
16465,4
16467,2
16469,3
16470,3
16471,2
16472,3
16473,4
16474,4
16476,2
16477,3
16478,0
16481,0
16482,2
16483,2
16484,4
16485,2
16487,5
16488,3
16490,1
16491,3
16492,1
16493,3
16494,2
16495,2
16496,1
16497,4
16499,1
16501,3
16502,4
16503,2
16504,2
16505,3
16509,4
16510,2
16512,2
16513,4
16514,1
16515,1
16516,2
16517,3
16518,3
16519,1
16520,3
16521,3
16524,0
16525,1
16527,0
16528,3
16529,2
16530,3
16531,5
16532,5
16533,2
16534,2
16536,3
16538,5
16539,5
16540,5
16541,4
16542,3
16543,3
16544,2
16545,1
16547,0
16548,3
16549,2
16551,2
16553,2
16557,1
16558,1
16559,2
16561,2
16563,4
16564,3
16566,3
16568,1
16569,2
16571,4
16572,5
16573,3
16575,3
16576,4
16578,2
16579,5
16581,0
16582,0
16583,2
16584,3
16585,3
16586,3
16587,3
16588,0
16589,4
16593,1
16595,3
16596,5
16597,2
16598,4
16599,3
16600,4
16601,4
16602,3
16603,1
16604,5
16606,0
16607,3
16608,2
16609,3
16610,5
16612,3
16615,2
16617,3
16618,4
16619,3
16620,3
16622,3
16623,4
16625,2
16626,1
16627,0
16628,4
16632,2
16633,1
16634,3
16635,3
16636,4
16637,2
16638,2
16640,2
16641,2
16642,4
16644,3
16645,5
16646,5
16648,1
16654,5
16655,4
16656,3
16657,3
16659,5
16660,3
16662,3
16664,0
16665,0
16666,2
16667,2
16669,4
16671,0
16672,3
16673,4
16675,1
16677,1
16678,0
16680,0
16681,0
16682,1
16683,4
16684,0
16685,0
16686,0
16687,4
16688,0
16690,3
16691,3
16692,0
16693,3
16697,1
16699,3
16700,2
16701,1
16702,2
16703,3
16705,4
16706,3
16707,3
16708,2
16709,5
16710,2
16711,0
16712,0
16713,3
16715,4
16716,3
16718,3
16719,5
16720,3
16725,2
16726,3
16728,2
16729,5
16732,4
16733,5
16734,1
16736,5
16737,1
16738,3
16740,3
16743,5
16744,2
16745,0
16746,1
16747,5
16749,3
16750,1
16751,2
16752,2
16753,3
16754,5
16755,4
16758,2
16759,2
16761,1
16762,1
16764,0
16765,1
16768,3
16769,4
16771,4
16772,0
16773,4
16774,0
16775,4
16777,0
16780,0
16783,5
16786,1
16787,3
16788,5
16791,5
16792,0
16793,3
16795,3
16796,3
16798,3
16799,5
16800,3
16801,4
16804,0
16805,4
16806,5
16807,5
16810,3
16811,3
16812,0
16814,3
16815,4
16816,3
16817,3
16818,0
16819,2
16821,3
16823,4
16824,4
16826,2
16827,4
16828,3
16829,2
16830,4
16831,3
16832,5
16833,2
16834,1
16838,0
16839,0
16840,4
16841,3
16844,4
16846,2
16847,4
16848,1
16849,3
16850,3
16851,3
16852,2
16853,3
16854,3
16856,0
16857,5
16863,1
16864,2
16865,2
16868,3
16869,2
16871,0
16872,5
16874,1
16875,2
16876,3
16877,2
16878,3
16881,2
16882,3
16884,1
16885,4
16886,2
16888,0
16889,4
16890,3
16891,3
16892,2
16893,0
16894,4
16895,5
16896,3
16897,1
16899,0
16901,3
16903,0
16905,5
16907,2
16909,3
16911,3
16912,2
16913,3
16914,3
16915,3
16916,5
16917,2
16921,2
16922,2
16923,2
16926,5
16927,3
16928,3
16929,2
16930,2
16932,5
16933,2
16934,3
16935,0
16936,5
16937,0
16938,5
16939,3
16940,3
16941,4
16942,1
16943,3
16944,1
16945,0
16946,3
16947,0
16948,3
16950,2
16951,0
16952,3
16953,3
16954,2
16956,3
16957,0
16958,1
16959,4
16960,4
16962,3
16963,3
16964,3
16965,2
16967,5
16968,2
16969,1
16970,4
16971,4
16972,2
16975,3
16976,2
16977,3
16978,5
16979,2
16980,3
16983,0
16984,3
16985,0
16986,4
16987,2
16988,1
16991,2
16992,0
16993,3
16994,3
16997,3
16998,0
16999,3
17000,2
17002,2
17003,3
17004,5
17006,1
17007,5
17008,3
17009,2
17010,5
17011,4
17012,4
17013,4
17014,2
17015,3
17016,0
17017,5
17018,0
17019,3
17020,5
17024,0
17025,3
17026,4
17028,2
17030,4
17031,4
17032,2
17033,3
17034,1
17035,1
17037,2
17040,2
17042,5
17043,2
17044,4
17045,3
17046,5
17047,3
17048,3
17049,3
17050,0
17051,4
17052,3
17053,1
17055,3
17058,3
17059,2
17060,5
17061,4
17062,3
17063,2
17065,4
17067,0
17068,3
17070,3
17072,3
17074,1
17075,4
17076,3
17078,3
17080,3
17083,0
17087,0
17088,1
17089,2
17090,0
17091,1
17092,4
17093,3
17094,3
17095,3
17096,0
17097,3
17098,2
17099,3
17100,2
17103,5
17104,0
17105,5
17107,4
17108,3
17109,4
17110,1
17111,3
17112,2
17113,1
17114,4
17115,0
17116,4
17117,3
17118,1
17119,5
17120,0
17122,4
17123,4
17125,1
17127,0
17129,5
17130,2
17131,2
17132,4
17133,3
17134,2
17135,3
17137,2
17140,2
17141,4
17142,3
17143,1
17145,5
17146,5
17147,2
17148,0
17149,5
17150,2
17152,3
17153,5
17154,3
17156,5
17158,3
17159,4
17161,3
17162,2
17166,0
17167,1
17170,2
17171,3
17172,5
17173,4
17174,5
17175,2
17179,2
17180,0
17183,4
17184,5
17185,5
17186,3
17187,1
17189,3
17191,5
17192,3
17193,3
17194,1
17195,4
17197,2
17198,0
17199,4
17200,3
17201,2
17202,4
17203,3
17205,4
17209,3
17210,0
17211,2
17212,3
17215,2
17216,3
17219,3
17220,3
17221,2
17222,2
17223,3
17224,1
17225,4
17228,4
17230,4
17231,0
17232,2
17233,3
17234,5
17235,5
17236,4
17238,3
17239,4
17240,3
17241,5
17242,3
17243,1
17244,2
17245,5
17246,1
17248,3
17250,5
17254,2
17256,4
17257,4
17258,0
17259,2
17260,2
17261,4
17262,1
17264,4
17265,3
17267,3
17268,5
17269,3
17270,4
17272,4
17273,3
17275,4
17278,1
17279,3
17280,1
17283,5
17284,4
17286,0
17287,3
17288,0
17290,0
17291,5
17294,4
17295,3
17296,5
17298,2
17300,2
17301,2
17302,1
17304,0
17305,3
17306,2
17307,4
17308,3
17309,1
17311,4
17312,2
17313,3
17314,3
17315,3
17316,0
17317,2
17318,4
17319,2
17321,1
17322,5
17325,1
17326,2
17327,1
17328,3
17329,4
17330,4
17332,2
17333,3
17334,4
17335,3
17336,2
17339,3
17340,1
17341,4
17342,3
17343,3
17344,4
17345,3
17346,2
17347,3
17348,2
17352,4
17354,2
17356,2
17357,3
17358,2
17359,4
17360,1
17362,2
17365,4
17366,2
17367,5
17369,3
17371,4
17372,3
17374,5
17375,0
17377,4
17378,3
17379,0
17380,0
17383,5
17390,3
17395,3
17397,5
17398,5
17399,2
17401,2
17402,2
17403,3
17405,2
17406,2
17407,3
17408,3
17409,0
17410,3
17411,1
17415,2
17416,4
17417,2
17418,3
17420,5
17421,3
17422,2
17423,2
17424,2
17425,4
17426,3
17427,2
17428,3
17429,1
17430,0
17432,0
17434,4
17435,0
17436,3
17437,3
17438,3
17441,0
17442,1
17443,3
17446,4
17447,5
17448,3
17449,3
17451,2
17452,4
17453,4
17454,3
17456,2
17458,0
17460,1
17461,0
17462,4
17463,3
17464,4
17468,3
17469,4
17470,2
17471,3
17472,2
17473,2
17474,3
17475,2
17476,2
17477,3
17478,4
17480,0
17482,5
17484,4
17485,0
17486,5
17487,3
17488,4
17489,5
17490,5
17491,3
17494,4
17496,2
17497,3
17499,3
17501,3
17502,0
17503,4
17504,4
17505,2
17507,3
17508,3
17509,2
17512,1
17514,5
17517,2
17518,2
17519,5
17520,1
17521,5
17523,2
17524,4
17525,3
17528,2
17529,0
17530,5
17532,3
17533,5
17535,5
17537,1
17538,3
17541,4
17542,3
17543,2
17546,1
17547,3
17549,4
17550,3
17551,4
17554,0
17555,4
17556,5
17557,2
17560,4
17562,3
17564,2
17565,2
17566,3
17567,3
17568,0
17570,0
17571,2
17572,3
17575,4
17577,4
17578,1
17579,5
17580,5
17582,3
17583,1
17584,5
17586,1
17587,3
17590,2
17591,3
17596,4
17598,3
17600,5
17601,5
17603,4
17604,2
17605,2
17607,3
17609,2
17610,3
17611,3
17612,4
17614,5
17615,1
17617,5
17618,2
17619,2
17621,4
17623,4
17624,4
17627,3
17628,1
17629,0
17630,4
17632,2
17635,4
17636,3
17637,1
17640,4
17641,2
17642,5
17643,3
17644,4
17645,5
17646,3
17647,0
17649,1
17651,5
17653,1
17654,3
17655,3
17657,1
17658,2
17659,2
17660,4
17664,1
17667,1
17668,3
17669,3
17670,3
17671,3
17672,5
17673,0
17674,3
17677,5
17678,1
17679,2
17680,5
17681,0
17682,3
17684,2
17686,4
17688,3
17689,0
17690,3
17691,2
17693,3
17694,2
17695,3
17697,4
17698,2
17701,2
17702,5
17703,4
17704,1
17705,2
17706,3
17707,3
17708,1
17709,3
17712,1
17713,3
17715,3
17716,4
17718,3
17719,2
17722,5
17723,1
17726,2
17727,5
17729,0
17730,3
17731,3
17732,3
17733,0
17735,0
17739,3
17740,2
17741,0
17742,2
17743,2
17744,5
17745,4
17747,2
17749,0
17750,4
17751,3
17752,4
17753,5
17754,2
17755,1
17757,3
17758,3
17759,2
17761,5
17762,3
17763,2
17764,1
17766,2
17767,0
17769,0
17773,2
17775,4
17777,4
17778,4
17779,3
17780,2
17784,1
17785,2
17788,3
17789,3
17791,2
17792,2
17793,3
17795,4
17796,3
17798,2
17799,3
17800,0
17801,0
17802,3
17804,3
17805,0
17806,1
17808,5
17809,3
17810,2
17811,1
17812,2
17813,4
17815,1
17816,2
17819,3
17820,1
17821,4
17822,5
17824,2
17825,0
17826,1
17827,1
17828,4
17829,1
17830,1
17832,5
17833,2
17834,0
17835,1
17836,5
17837,4
17838,5
17839,2
17840,3
17841,5
17845,3
17846,2
17848,3
17849,3
17851,2
17854,0
17858,2
17859,0
17860,2
17862,3
17863,3
17865,3
17866,3
17867,5
17868,2
17869,3
17870,5
17871,1
17873,2
17874,2
17875,5
17876,3
17877,2
17878,3
17879,3
17880,2
17881,3
17884,4
17885,3
17886,3
17887,2
17888,1
17889,1
17891,2
17892,5
17893,0
17894,4
17895,2
17897,3
17899,3
17900,0
17901,3
17902,2
17904,3
17905,5
17906,4
17907,5
17908,3
17910,2
17911,5
17912,4
17913,4
17914,2
17916,3
17917,0
17919,5
17920,3
17921,1
17923,5
17924,0
17925,2
17926,3
17927,2
17929,5
17930,2
17931,2
17933,4
17937,3
17938,3
17940,2
17941,0
17942,1
17943,1
17944,4
17945,4
17947,3
17949,2
17951,2
17952,2
17954,2
17955,2
17956,2
17957,5
17958,5
17960,2
17961,0
17962,2
17963,3
17964,2
17965,3
17966,3
17968,3
17969,4
17971,4
17972,5
17975,1
17978,4
17979,4
17980,2
17982,3
17984,2
17987,2
17988,4
17989,3
17990,2
17993,0
17995,4
17996,3
17998,4
18000,5
18002,3
18003,0
18006,2
18008,4
18009,4
18010,5
18014,4
18015,4
18016,2
18017,3
18018,5
18019,4
18022,2
18023,1
18024,4
18026,4
18027,4
18028,3
18029,3
18030,4
18031,4
18034,2
18035,3
18036,1
18037,2
18038,2
18039,4
18040,1
18043,3
18044,1
18046,1
18047,2
18048,2
18049,3
18050,0
18051,4
18052,1
18053,2
18054,2
18055,1
18056,3
18057,1
18059,2
18060,1
18061,4
18062,2
18063,5
18064,3
18066,4
18070,4
18071,3
18072,5
18073,5
18075,0
18076,3
18077,3
18078,3
18080,3
18081,5
18083,0
18085,4
18086,3
18087,3
18088,4
18089,2
18090,2
18091,3
18093,3
18094,2
18095,0
18099,1
18102,2
18103,3
18104,2
18105,2
18106,3
18108,4
18109,2
18112,3
18113,3
18114,5
18116,3
18117,4
18118,2
18119,5
18120,3
18121,5
18122,3
18123,3
18125,2
18127,2
18129,4
18130,3
18132,3
18133,2
18134,2
18135,5
18137,4
18139,5
18140,4
18141,1
18142,3
18143,3
18144,3
18145,3
18148,3
18149,5
18150,3
18151,0
18152,2
18153,4
18155,1
18157,1
18158,2
18159,3
18160,3
18161,4
18162,0
18163,2
18165,2
18166,0
18167,3
18168,3
18169,2
18171,0
18172,1
18174,3
18175,4
18176,5
18177,5
18179,0
18181,2
18184,3
18185,3
18186,3
18187,3
18188,1
18190,5
18191,1
18193,3
18194,3
18195,5
18197,5
18198,2
18199,3
18201,0
18202,4
18203,3
18204,3
18205,1
18207,1
18208,3
18209,3
18210,0
18211,5
18215,3
18216,3
18219,3
18220,3
18221,3
18222,2
18223,1
18224,3
18225,5
18227,5
18228,1
18229,3
18230,4
18232,4
18234,4
18235,5
18244,0
18245,1
18246,2
18247,1
18249,1
18251,4
18252,2
18254,5
18256,4
18257,5
18258,3
18260,5
18261,1
18262,3
18263,2
18264,3
18268,5
18270,3
18272,5
18273,2
18275,4
18276,4
18278,3
18279,4
18284,3
18285,5
18286,0
18287,5
18288,3
18290,1
18291,5
18292,3
18293,1
18295,3
18296,5
18297,4
18299,4
18300,0
18301,3
18305,2
18306,3
18307,2
18311,5
18312,0
18313,2
18315,0
18317,2
18318,5
18319,4
18320,1
18323,3
18324,3
18328,5
18329,3
18330,0
18332,2
18333,3
18334,3
18335,2
18336,0
18337,3
18338,2
18340,2
18341,0
18343,3
18344,5
18345,3
18346,0
18347,3
18348,1
18350,5
18353,4
18354,4
18356,2
18357,3
18358,4
18360,2
18361,3
18362,2
18363,3
18364,3
18366,3
18367,3
18368,0
18370,0
18371,4
18373,2
18374,4
18375,5
18376,0
18378,3
18379,2
18380,4
18382,3
18384,0
18385,4
18386,2
18387,0
18388,3
18389,2
18391,3
18393,4
18394,1
18395,0
18396,4
18397,1
18398,3
18400,5
18401,4
18402,2
18403,5
18404,3
18405,2
18409,3
18410,3
18411,3
18412,4
18413,2
18414,1
18415,3
18416,4
18418,2
18419,2
18421,4
18422,4
18424,3
18425,3
18426,4
18427,2
18428,4
18429,2
18430,1
18431,0
18432,5
18433,3
18435,0
18436,4
18437,3
18438,1
18441,1
18443,4
18444,1
18445,1
18446,4
18447,4
18449,2
18450,0
18451,2
18452,4
18454,4
18455,5
18458,2
18460,3
18461,5
18462,2
18463,4
18464,2
18466,1
18467,4
18468,3
18472,3
18473,2
18474,1
18475,4
18476,2
18477,1
18479,4
18480,3
18481,4
18482,3
18485,5
18486,3
18487,0
18489,2
18492,0
18493,3
18495,3
18497,5
18499,4
18500,4
18501,3
18503,2
18504,3
18505,0
18507,2
18508,2
18510,4
18511,3
18512,4
18513,2
18514,4
18517,4
18519,1
18520,4
18521,5
18522,2
18524,2
18525,1
18526,1
18527,0
18528,4
18529,3
18530,1
18531,3
18534,2
18536,1
18538,2
18539,3
18542,3
18544,3
18545,3
18547,3
18550,3
18551,2
18552,3
18553,2
18555,3
18556,3
18557,4
18559,0
18560,4
18561,2
18563,0
18564,4
18565,4
18566,4
18567,3
18570,3
18571,3
18574,0
18577,2
18578,4
18579,0
18581,1
18582,5
18583,1
18584,5
18586,4
18587,5
18589,5
18591,0
18592,4
18593,5
18594,0
18596,5
18597,4
18600,1
18601,3
18602,4
18603,5
18605,1
18608,0
18609,0
18610,2
18611,1
18612,3
18613,4
18614,5
18615,4
18616,2
18617,0
18620,5
18621,3
18622,4
18624,2
18625,1
18626,4
18627,0
18628,3
18629,2
18631,3
18632,4
18633,3
18634,4
18636,4
18637,3
18641,4
18643,1
18644,3
18645,2
18646,5
18650,3
18651,5
18652,4
18653,3
18654,2
18657,4
18658,0
18659,4
18660,1
18661,2
18662,4
18665,1
18666,5
18667,3
18668,2
18669,3
18671,3
18672,3
18673,5
18675,3
18677,3
18680,1
18681,2
18682,5
18683,4
18684,3
18685,2
18687,2
18688,2
18689,1
18690,3
18691,2
18692,2
18693,1
18694,1
18695,3
18696,5
18697,2
18698,0
18699,2
18700,2
18702,2
18703,5
18705,3
18707,4
18708,5
18709,0
18710,3
18711,2
18712,3
18716,3
18717,0
18718,4
18719,1
18720,4
18723,2
18724,3
18725,4
18726,2
18727,5
18728,4
18729,3
18730,5
18731,2
18732,0
18733,3
18735,2
18738,1
18742,4
18743,0
18745,0
18746,2
18747,4
18748,2
18749,5
18750,1
18751,2
18754,1
18755,2
18757,3
18758,3
18760,1
18762,2
18763,5
18765,3
18766,0
18767,3
18768,2
18769,2
18772,2
18773,5
18774,0
18776,4
18778,3
18779,1
18780,5
18781,2
18782,2
18783,3
18785,2
18786,2
18787,3
18788,3
18789,3
18790,2
18791,4
18794,4
18795,2
18797,1
18798,4
18799,3
18800,3
18801,5
18802,3
18803,3
18804,1
18805,3
18806,3
18807,2
18808,4
18809,4
18810,0
18811,4
18812,3
18814,0
18816,4
18817,3
18818,0
18820,3
18821,4
18823,3
18824,4
18825,1
18826,0
18827,2
18828,4
18830,0
18831,3
18837,5
18838,3
18839,2
18840,5
18841,4
18843,3
18844,2
18845,1
18847,3
18849,1
18850,5
18851,2
18852,0
18853,2
18854,3
18857,3
18859,4
18861,0
18862,5
18863,3
18865,0
18866,2
18867,4
18868,3
18870,0
18872,2
18874,3
18875,4
18879,3
18881,0
18883,2
18884,4
18885,1
18886,2
18887,5
18889,2
18891,4
18892,3
18893,3
18894,3
18895,1
18896,4
18899,5
18900,3
18901,1
18902,4
18903,3
18904,2
18905,0
18906,3
18908,3
18909,2
18910,3
18911,4
18915,4
18916,5
18917,1
18918,1
18919,5
18920,3
18921,3
18922,1
18923,5
18924,3
18925,5
18926,3
18929,3
18930,0
18932,2
18934,2
18935,2
18936,3
18937,0
18939,0
18940,3
18942,4
18945,5
18946,2
18947,2
18948,5
18949,4
18950,2
18951,2
18952,3
18954,2
18955,1
18957,3
18958,4
18960,2
18961,3
18962,0
18963,3
18964,4
18965,2
18966,3
18967,5
18968,2
18969,0
18971,2
18972,2
18973,3
18974,0
18975,4
18977,1
18978,2
18979,3
18980,3
18981,3
18982,3
18983,0
18984,3
18985,0
18986,0
18988,0
18989,1
18990,0
18991,5
18992,2
18993,2
18994,3
18995,1
18996,2
18997,5
18998,4
18999,0
19001,0
19004,2
19005,3
19006,5
19008,3
19009,0
19010,5
19013,2
19014,3
19016,2
19017,5
19018,3
19019,1
19020,2
19021,4
19022,2
19025,1
19029,3
19030,1
19031,3
19032,3
19033,1
19034,0
19036,3
19037,4
19038,3
19039,5
19040,4
19041,4
19042,3
19043,4
19045,0
19046,0
19048,0
19049,3
19050,0
19052,4
19053,3
19054,4
19056,2
19057,0
19058,2
19060,4
19061,2
19063,1
19065,2
19066,3
19068,3
19069,5
19071,2
19072,5
19073,5
19074,2
19076,0
19077,3
19078,2
19084,4
19086,2
19087,3
19088,2
19090,3
19092,4
19093,5
19094,3
19096,1
19097,3
19100,0
19101,3
19102,4
19103,3
19106,0
19107,1
19108,3
19109,5
19110,3
19112,3
19113,1
19114,2
19117,1
19118,4
19119,3
19120,2
19121,2
19122,5
19123,2
19125,3
19126,4
19127,4
19129,4
19131,2
19132,2
19133,3
19134,5
19135,1
19137,1
19138,3
19139,1
19140,2
19142,2
19143,3
19144,5
19146,3
19148,2
19150,2
19151,3
19152,3
19153,3
19154,5
19155,3
19156,4
19158,1
19159,4
19160,5
19161,0
19162,4
19164,2
19167,2
19168,3
19169,4
19173,4
19174,2
19175,3
19176,3
19178,0
19179,4
19182,5
19183,2
19185,2
19187,3
19188,0
19189,4
19190,3
19191,4
19192,1
19194,3
19195,3
19197,3
19198,4
19199,4
19200,4
19201,4
19202,0
19204,3
19205,4
19206,0
19207,3
19208,0
19209,1
19210,4
19211,4
19212,2
19213,2
19214,1
19215,3
19218,3
19219,5
19220,2
19221,2
19224,2
19225,5
19226,3
19227,3
19228,5
19230,4
19231,2
19232,5
19234,2
19235,2
19236,2
19242,4
19243,3
19244,1
19246,2
19249,4
19252,2
19253,0
19256,5
19257,2
19258,3
19259,3
19262,3
19264,4
19265,3
19266,3
19268,1
19270,4
19273,3
19275,3
19276,4
19277,0
19278,2
19279,3
19280,2
19281,0
19282,4
19283,3
19285,5
19287,1
19288,0
19289,0
19290,3
19296,5
19297,3
19298,2
19299,4
19300,1
19301,1
19303,3
19305,1
19306,2
19308,3
19309,4
19310,4
19312,3
19313,1
19314,4
19315,5
19317,2
19318,5
19319,3
19321,4
19322,3
19323,2
19324,4
19325,5
19327,0
19328,0
19329,2
19330,3
19331,3
19332,2
19333,0
19334,2
19335,3
19336,5
19339,3
19342,5
19343,1
19344,3
19345,3
19346,3
19347,3
19349,4
19350,3
19351,2
19352,2
19353,2
19354,3
19355,1
19356,2
19357,5
19358,4
19359,4
19360,5
19362,3
19363,2
19368,3
19369,1
19371,3
19372,1
19374,3
19377,4
19378,0
19379,4
19380,5
19381,5
19383,2
19385,1
19387,2
19388,4
19390,2
19392,2
19394,0
19396,3
19397,0
19398,4
19400,2
19401,3
19402,1
19403,2
19407,2
19409,2
19410,2
19411,3
19414,5
19415,3
19416,2
19417,4
19419,1
19420,3
19421,4
19422,1
19424,0
19425,3
19428,2
19429,0
19431,0
19432,5
19433,0
19434,4
19435,1
19436,3
19438,2
19439,4
19441,2
19442,2
19444,2
19446,2
19448,4
19450,5
19452,3
19453,3
19454,3
19457,0
19458,3
19459,1
19461,5
19462,3
19463,4
19464,5
19465,4
19466,0
19467,4
19468,5
19469,3
19470,2
19471,2
19473,4
19474,2
19476,3
19477,5
19478,2
19479,3
19480,2
19481,3
19482,3
19483,3
19484,5
19485,3
19486,3
19487,3
19489,3
19490,0
19493,4
19495,4
19497,4
19499,3
19500,4
19501,3
19502,4
19503,2
19504,3
19505,5
19507,4
19509,5
19510,2
19511,3
19513,2
19514,3
19515,2
19516,4
19517,2
19518,5
19519,3
19520,1
19522,3
19523,4
19525,3
19526,4
19527,4
19528,1
19530,4
19531,3
19532,3
19533,0
19536,2
19537,2
19538,0
19540,4
19541,4
19542,4
19544,2
19545,4
19546,5
19547,5
19548,1
19549,0
19550,3
19552,3
19553,2
19554,5
19555,2
19556,3
19558,3
19559,4
19560,5
19563,2
19564,0
19566,1
19567,1
19569,0
19570,1
19571,5
19573,4
19574,5
19575,4
19576,1
19577,5
19578,3
19579,2
19580,4
19581,3
19582,3
19583,3
19584,3
19585,4
19587,2
19588,3
19590,2
19591,4
19594,1
19595,0
19596,3
19597,3
19598,3
19600,2
19602,5
19603,3
19604,4
19605,3
19606,4
19607,3
19609,2
19610,3
19613,2
19615,3
19616,3
19618,5
19619,1
19621,2
19622,3
19624,3
19625,3
19626,5
19627,2
19628,2
19629,0
19630,5
19631,3
19632,0
19633,2
19635,3
19636,1
19638,1
19639,2
19642,4
19643,1
19645,5
19646,2
19647,0
19648,5
19650,5
19651,3
19653,2
19655,4
19657,5
19658,4
19659,4
19660,4
19663,4
19664,0
19665,3
19666,0
19667,3
19668,3
19669,5
19670,1
19671,4
19673,5
19675,3
19678,3
19679,2
19681,4
19682,5
19683,3
19684,3
19685,3
19686,0
19687,3
19688,4
19689,3
19690,3
19691,5
19692,3
19694,5
19695,3
19697,0
19698,2
19699,2
19700,3
19702,3
19704,4
19705,4
19706,0
19707,2
19710,2
19711,0
19712,0
19713,1
19714,1
19719,3
19720,5
19721,2
19722,2
19723,2
19724,0
19725,3
19727,3
19728,2
19729,5
19731,2
19732,4
19735,5
19736,3
19738,0
19740,3
19741,2
19742,5
19743,5
19744,2
19745,3
19750,2
19751,4
19754,2
19755,3
19756,0
19757,0
19758,3
19759,3
19760,1
19761,3
19762,4
19764,0
19765,2
19766,2
19769,3
19770,1
19772,5
19774,1
19775,3
19778,1
19779,4
19781,3
19785,1
19790,3
19793,3
19794,4
19795,3
19796,2
19797,5
19799,5
19800,0
19801,2
19802,5
19803,0
19804,0
19805,0
19806,5
19808,2
19809,4
19811,0
19813,3
19815,3
19816,4
19817,3
19819,3
19820,3
19822,3
19823,4
19825,3
19827,4
19828,3
19830,2
19833,0
19834,0
19835,1
19836,3
19837,5
19838,1
19840,0
19841,0
19842,2
19843,0
19844,3
19846,3
19847,2
19849,2
19850,3
19851,2
19855,2
19857,2
19858,4
19860,5
19861,1
19863,2
19864,4
19866,1
19867,4
19868,2
19869,2
19870,1
19871,0
19873,4
19874,4
19876,3
19877,2
19879,3
19883,4
19884,1
19885,1
19886,4
19887,3
19888,3
19890,2
19891,4
19893,3
19894,2
19895,3
19896,0
19897,4
19898,0
19899,4
19900,3
19902,2
19903,2
19904,3
19905,5
19906,4
19907,3
19910,2
19912,3
19913,0
19914,1
19915,2
19917,5
19918,1
19919,4
19920,2
19921,4
19923,0
19924,3
19925,2
19927,2
19929,0
19931,2
19932,3
19934,3
19935,1
19936,5
19937,2
19939,1
19940,3
19941,4
19944,2
19946,4
19947,3
19948,5
19949,0
19950,3
19953,5
19954,4
19955,1
19956,1
19957,1
19958,2
19959,2
19960,0
19961,0
19963,3
19965,3
19967,4
19969,5
19970,2
19972,2
19973,3
19975,2
19976,0
19978,2
19979,4
19980,3
19982,5
19983,1
19984,3
19985,3
19986,1
19987,3
19989,3
19991,3
19992,0
19993,1
19994,5
19995,2
19996,3
19997,0
19998,4
20001,0
20002,3
20003,2
20004,2
20007,2
20008,0
20009,4
20010,3
20012,3
20014,3
20015,3
20016,3
20017,5
20018,4
20019,3
20020,3
20021,4
20022,5
20023,1
20025,5
20027,3
20029,2
20030,2
20031,4
20032,3
20033,3
20034,1
20035,2
20036,3
20037,1
20038,3
20039,2
20040,0
20041,0
20042,2
20043,3
20044,3
20045,4
20046,2
20047,1
20048,2
20049,2
20050,0
20051,2
20052,3
20053,5
20054,2
20056,2
20059,3
20060,2
20061,2
20062,3
20066,3
20068,3
20070,3
20072,4
20074,1
20075,5
20077,3
20078,3
20079,3
20080,2
20081,5
20082,2
20083,5
20084,4
20085,4
20086,5
20087,2
20088,4
20089,0
20091,2
20093,3
20095,3
20096,0
20097,1
20098,3
20099,0
20101,5
20103,0
20104,3
20105,4
20106,4
20108,4
20109,0
20110,4
20112,5
20113,5
20114,3
20115,2
20116,0
20117,2
20118,2
20119,3
20120,5
20121,0
20123,2
20124,5
20125,4
20126,4
20129,3
20130,0
20131,1
20132,3
20133,2
20135,4
20137,4
20139,2
20141,0
20142,5
20145,3
20146,3
20147,3
20148,1
20149,4
20150,3
20151,0
20153,2
20155,3
20156,2
20157,2
20160,3
20161,5
20162,2
20164,3
20165,3
20166,5
20168,2
20169,3
20170,0
20171,5
20173,5
20174,1
20176,3
20177,2
20178,4
20179,4
20180,0
20181,3
20182,4
20187,3
20188,2
20189,0
20192,3
20195,5
20198,2
20199,0
20200,3
20201,4
20204,5
20205,5
20208,5
20211,4
20212,3
20213,4
20216,0
20217,2
20221,4
20223,0
20225,4
20226,2
20227,2
20229,4
20230,2
20232,5
20233,2
20234,3
20235,3
20236,2
20238,3
20239,1
20240,4
20241,1
20243,3
20245,3
20246,0
20247,5
20248,2
20250,3
20252,2
20254,1
20255,4
20256,4
20257,5
20258,5
20259,3
20260,2
20261,1
20262,4
20263,4
20264,1
20265,4
20268,4
20269,3
20271,1
20272,3
20273,2
20274,2
20276,3
20277,4
20279,2
20280,5
20281,3
20283,2
20285,2
20287,1
20288,2
20289,5
20290,3
20291,4
20292,1
20293,3
20294,4
20295,5
20298,3
20301,1
20303,2
20304,4
20306,4
20307,2
20309,2
20310,2
20312,3
20313,3
20314,1
20316,4
20317,0
20318,1
20319,3
20321,3
20323,2
20324,0
20325,1
20326,0
20327,1
20329,5
20331,3
20333,4
20334,0
20337,2
20338,5
20339,2
20340,2
20341,5
20342,2
20344,3
20345,4
20346,2
20347,2
20348,3
20352,3
20356,5
20357,2
20358,3
20359,4
20360,2
20364,3
20365,2
20366,2
20367,0
20369,4
20371,0
20373,2
20374,0
20375,3
20378,0
20379,3
20381,3
20383,3
20384,2
20385,4
20386,1
20387,2
20390,2
20391,0
20392,2
20393,3
20394,4
20395,5
20396,2
20397,0
20398,5
20400,2
20401,3
20402,3
20405,3
20406,2
20407,1
20408,4
20410,4
20411,2
20413,5
20414,3
20417,2
20419,4
20421,1
20422,5
20423,3
20424,3
20425,2
20428,0
20429,2
20430,3
20431,4
20433,4
20434,1
20436,1
20438,2
20439,5
20440,1
20441,2
20442,5
20444,4
20445,3
20446,1
20447,0
20448,2
20451,4
20452,3
20453,3
20454,3
20456,3
20457,4
20458,4
20459,0
20461,4
20462,3
20465,3
20466,3
20468,3
20470,3
20471,4
20472,0
20473,3
20474,1
20476,3
20477,1
20478,1
20482,2
20483,5
20486,4
20487,1
20488,3
20489,4
20490,0
20492,2
20493,2
20495,2
20496,2
20497,3
20498,5
20502,4
20504,2
20505,5
20507,4
20510,5
20511,2
20512,2
20513,2
20514,2
20516,2
20517,3
20518,3
20519,5
20520,4
20521,3
20524,1
20525,3
20526,2
20527,2
20528,0
20529,0
20530,1
20533,3
20534,3
20535,4
20536,4
20537,0
20538,4
20539,2
20540,2
20541,4
20542,3
20543,3
20544,4
20547,4
20549,3
20553,5
20554,3
20556,5
20557,4
20559,3
20560,3
20561,2
20562,2
20563,4
20564,2
20565,0
20566,5
20567,4
20568,1
20569,4
20570,3
20572,0
20574,0
20575,5
20576,2
20577,2
20578,3
20581,4
20583,4
20584,3
20585,3
20586,2
20587,1
20588,0
20589,2
20590,3
20592,1
20594,3
20595,1
20597,2
20598,3
20599,4
20601,2
20603,0
20605,5
20606,2
20607,4
20609,1
20610,1
20613,4
20614,3
20615,2
20616,4
20617,5
20618,3
20619,2
20620,3
20623,4
20624,3
20625,2
20626,4
20627,4
20628,1
20629,4
20630,0
20631,3
20632,0
20633,2
20634,5
20635,2
20636,2
20638,2
20639,1
20640,4
20641,2
20643,3
20644,4
20645,4
20648,3
20649,4
20650,3
20655,1
20659,4
20660,4
20661,5
20662,2
20663,2
20664,2
20665,2
20666,2
20667,2
20668,1
20671,3
20672,3
20674,4
20675,3
20676,4
20677,4
20678,4
20680,2
20681,4
20682,2
20683,3
20684,3
20686,4
20689,2
20690,0
20691,1
20692,4
20693,1
20695,3
20696,2
20699,1
20700,4
20701,4
20703,0
20704,4
20707,3
20708,1
20710,3
20713,0
20714,2
20715,2
20717,5
20718,3
20719,5
20722,1
20724,2
20725,2
20728,1
20729,3
20730,1
20731,3
20732,1
20733,5
20734,5
20735,3
20736,1
20737,4
20739,0
20741,2
20743,4
20744,4
20745,2
20746,5
20748,0
20750,4
20751,4
20752,3
20753,5
20755,4
20756,4
20757,4
20759,3
20762,2
20763,3
20764,3
20765,3
20766,3
20768,1
20769,2
20770,2
20772,4
20774,5
20775,4
20776,1
20777,4
20779,5
20780,2
20781,3
20782,3
20784,2
20787,2
20788,4
20790,5
20792,4
20793,5
20794,0
20795,3
20796,3
20798,4
20799,2
20801,2
20802,3
20803,3
20804,3
20805,3
20806,5
20807,4
20810,0
20811,2
20814,5
20816,3
20817,2
20818,2
20821,3
20822,5
20823,2
20825,3
20826,4
20827,4
20828,2
20829,4
20830,4
20832,4
20833,4
20835,3
20837,3
20840,1
20843,3
20845,1
20848,3
20850,3
20852,3
20853,4
20855,2
20856,3
20857,1
20858,5
20859,1
20861,4
20864,2
20866,0
20867,5
20869,0
20871,2
20872,3
20876,4
20878,0
20879,2
20880,3
20881,3
20882,4
20883,3
20884,2
20885,3
20886,3
20887,0
20889,2
20890,3
20891,3
20893,3
20894,5
20895,0
20897,2
20898,3
20899,2
20901,3
20902,2
20903,4
20904,1
20905,1
20906,4
20909,3
20912,5
20913,4
20914,1
20915,3
20916,3
20919,3
20920,5
20923,5
20925,1
20926,2
20928,3
20929,3
20930,4
20931,0
20933,0
20935,5
20936,1
20938,4
20939,4
20940,4
20942,3
20943,3
20945,3
20947,2
20948,2
20952,2
20953,2
20954,4
20956,5
20958,3
20959,3
20960,4
20961,2
20962,1
20965,5
20967,4
20968,2
20969,5
20970,3
20974,2
20976,3
20977,2
20978,5
20979,4
20980,0
20981,1
20982,5
20983,3
20984,0
20985,4
20986,2
20987,2
20988,2
20989,1
20990,2
20991,4
20992,0
20993,3
20995,1
20996,0
20997,1
20998,2
20999,4
21000,4
21001,3
21002,5
21003,3
21004,3
21006,3
21008,5
21011,4
21013,0
21014,0
21015,0
21016,4
21018,3
21020,0
21024,4
21025,0
21028,1
21030,0
21031,5
21032,4
21034,1
21035,2
21040,3
21041,0
21043,5
21044,0
21046,4
21049,0
21050,1
21051,4
21052,3
21053,2
21054,3
21055,4
21056,3
21057,2
21058,3
21059,0
21062,1
21063,0
21066,3
21068,4
21069,2
21070,4
21071,0
21072,4
21073,0
21074,2
21076,3
21079,1
21080,3
21081,4
21082,4
21084,1
21085,4
21086,0
21087,2
21089,3
21090,4
21091,1
21092,0
21094,1
21095,4
21096,4
21098,3
21100,5
21102,2
21103,4
21105,4
21107,5
21108,4
21110,2
21111,3
21112,2
21114,2
21115,2
21116,3
21117,3
21118,3
21119,3
21122,5
21123,3
21124,3
21125,3
21126,4
21129,0
21130,1
21132,2
21133,0
21135,2
21136,0
21137,5
21138,5
21140,5
21141,1
21142,2
21143,0
21144,3
21145,1
21148,3
21150,3
21151,4
21152,0
21154,3
21155,3
21156,2
21157,4
21158,1
21159,3
21162,0
21163,2
21165,1
21167,4
21168,0
21169,1
21171,3
21172,1
21173,2
21174,5
21175,3
21176,3
21180,5
21181,4
21182,2
21183,2
21185,4
21186,3
21187,2
21188,1
21190,3
21191,5
21192,1
21193,0
21194,3
21195,4
21196,1
21198,5
21199,3
21200,5
21201,2
21203,4
21204,2
21205,1
21207,0
21208,5
21209,1
21210,2
21211,5
21212,3
21213,1
21215,2
21216,2
21217,2
21218,0
21220,5
21221,4
21222,3
21223,3
21224,2
21225,5
21226,3
21227,3
21228,1
21229,3
21231,4
21233,4
21237,3
21238,2
21239,4
21242,3
21243,5
21244,2
21245,4
21246,1
21250,2
21251,5
21254,5
21256,2
21257,3
21258,1
21261,2
21263,1
21267,4
21268,3
21269,2
21270,2
21271,3
21272,5
21273,5
21274,3
21276,2
21277,3
21279,2
21280,2
21281,1
21284,3
21285,3
21289,2
21291,2
21293,5
21295,1
21296,4
21298,1
21299,2
21300,4
21301,5
21302,4
21303,5
21304,5
21305,3
21306,3
21307,3
21308,3
21309,2
21310,4
21311,3
21312,2
21313,2
21314,4
21315,2
21317,4
21318,5
21320,5
21322,5
21324,2
21326,3
21328,3
21329,3
21331,3
21332,1
21333,4
21334,1
21335,4
21337,3
21338,0
21339,3
21340,3
21342,2
21343,2
21344,1
21345,3
21346,2
21347,0
21349,5
21350,4
21352,3
21355,3
21357,3
21358,2
21359,0
21360,5
21363,5
21364,3
21366,3
21369,0
21370,3
21371,1
21372,2
21373,5
21375,5
21376,5
21379,2
21380,3
21381,2
21382,3
21383,5
21384,2
21385,2
21386,2
21388,3
21389,1
21390,4
21391,3
21393,0
21394,0
21396,3
21397,0
21398,5
21399,3
21401,2
21402,3
21404,5
21405,5
21406,5
21407,4
21408,4
21409,3
21413,3
21415,3
21417,3
21418,0
21419,2
21420,3
21421,1
21422,2
21423,0
21424,4
21426,2
21427,0
21428,3
21430,0
21431,3
21432,4
21434,4
21435,3
21436,2
21438,3
21442,1
21443,1
21444,0
21445,3
21446,2
21447,3
21448,2
21451,2
21452,2
21454,5
21455,0
21456,0
21457,5
21458,1
21460,3
21461,3
21462,2
21464,4
21465,2
21466,5
21467,2
21469,4
21470,4
21472,2
21473,3
21474,4
21475,2
21476,3
21477,2
21479,4
21483,4
21486,2
21487,1
21488,0
21490,0
21491,5
21492,2
21493,4
21495,2
21496,4
21497,2
21499,2
21501,4
21504,3
21506,5
21508,3
21511,4
21512,3
21516,0
21519,2
21520,1
21522,2
21523,5
21524,3
21527,4
21528,0
21529,1
21531,2
21532,3
21533,1
21534,0
21535,4
21536,2
21537,0
21539,5
21540,1
21542,0
21544,1
21545,4
21546,2
21547,4
21548,4
21549,2
21550,4
21551,3
21552,4
21553,4
21554,2
21555,2
21556,3
21559,2
21561,3
21562,3
21563,2
21564,0
21565,4
21567,3
21568,2
21569,3
21571,2
21572,1
21573,4
21574,0
21575,4
21576,3
21577,2
21578,3
21579,2
21580,5
21581,4
21582,1
21583,3
21584,3
21585,3
21586,5
21587,1
21588,4
21589,3
21590,0
21592,5
21593,0
21594,5
21595,4
21596,5
21598,5
21599,1
21602,3
21603,3
21606,0
21608,3
21609,3
21610,1
21611,2
21612,5
21613,4
21615,3
21616,1
21617,3
21619,3
21620,3
21622,3
21624,3
21625,5
21626,5
21627,3
21628,4
21629,4
21630,5
21631,3
21632,1
21635,3
21636,4
21637,3
21639,3
21640,4
21642,3
21643,2
21644,3
21646,3
21647,2
21648,4
21649,4
21650,4
21652,2
21654,3
21660,5
21661,2
21662,0
21663,3
21664,2
21666,1
21668,4
21669,3
21670,5
21672,0
21674,3
21675,3
21676,3
21677,2
21678,2
21679,2
21680,1
21681,0
21683,4
21684,4
21685,5
21686,2
21688,3
21689,2
21690,5
21691,3
21692,4
21693,0
21694,5
21696,3
21697,2
21698,3
21700,4
21703,3
21704,2
21705,2
21706,2
21707,2
21708,2
21709,2
21710,4
21711,5
21713,5
21714,2
21715,4
21716,4
21717,0
21719,4
21722,2
21724,3
21725,5
21727,4
21728,5
21729,2
21733,4
21734,3
21736,3
21738,0
21740,3
21742,3
21743,1
21744,4
21745,2
21746,5
21747,0
21748,5
21749,4
21750,4
21751,2
21752,3
21753,4
21755,0
21757,5
21758,3
21759,2
21760,3
21761,2
21762,3
21763,2
21764,5
21765,2
21766,2
21768,1
21770,4
21771,4
21773,2
21774,4
21775,5
21776,1
21777,3
21779,0
21780,2
21782,2
21783,3
21784,4
21786,4
21787,3
21788,3
21790,0
21791,4
21792,5
21793,3
21794,1
21795,5
21797,3
21798,4
21799,0
21800,2
21801,2
21802,4
21804,3
21806,3
21807,2
21808,3
21809,1
21810,2
21812,2
21813,2
21814,3
21815,2
21816,4
21817,0
21818,1
21819,2
21821,3
21822,2
21823,3
21824,2
21825,4
21828,0
21829,4
21831,3
21832,3
21833,1
21835,4
21836,4
21837,1
21838,5
21839,3
21840,4
21841,3
21842,3
21843,2
21845,4
21850,2
21851,3
21852,4
21853,5
21854,1
21855,3
21856,2
21858,3
21860,2
21861,2
21862,3
21863,2
21864,0
21867,0
21868,4
21874,3
21875,0
21876,4
21877,5
21878,2
21880,2
21881,2
21884,3
21885,3
21886,3
21887,2
21889,0
21890,0
21891,0
21892,4
21894,4
21895,3
21896,4
21897,2
21899,4
21900,2
21901,4
21902,4
21903,3
21904,1
21905,2
21907,1
21908,0
21909,2
21910,2
21911,1
21912,2
21914,0
21915,2
21916,4
21917,4
21918,0
21920,2
21921,5
21923,3
21926,3
21927,3
21929,1
21930,4
21933,3
21934,4
21935,0
21936,5
21937,3
21938,4
21940,3
21941,3
21942,1
21944,5
21945,4
21946,1
21947,0
21948,3
21949,2
21950,2
21953,3
21954,4
21955,3
21956,0
21959,2
21961,3
21963,2
21964,2
21966,1
21968,5
21970,3
21971,2
21972,5
21973,3
21974,4
21975,2
21977,1
21982,1
21984,0
21986,3
21987,1
21988,5
21990,2
21991,4
21995,2
21996,3
21997,2
21998,3
22000,1
22001,3
22002,5
22003,4
22004,5
22005,0
22006,5
22007,3
22008,3
22009,4
22010,5
22013,2
22016,3
22019,3
22020,2
22021,4
22023,1
22027,1
22029,3
22031,5
22032,3
22034,3
22036,3
22037,4
22038,2
22039,2
22040,4
22041,3
22042,0
22044,4
22045,1
22046,2
22047,4
22048,5
22052,2
22053,3
22055,5
22056,3
22057,5
22058,3
22059,4
22060,1
22062,3
22063,2
22064,4
22065,3
22066,3
22070,5
22072,3
22073,5
22074,2
22075,4
22076,5
22077,4
22080,0
22081,4
22082,3
22083,1
22086,5
22087,3
22088,0
22089,5
22090,2
22091,1
22092,2
22093,2
22095,0
22096,0
22098,3
22099,2
22101,1
22102,5
22106,4
22108,5
22109,2
22111,5
22112,3
22116,5
22117,5
22118,2
22119,2
22122,5
22125,3
22126,2
22127,3
22128,1
22129,1
22132,3
22133,2
22134,3
22135,4
22136,3
22137,2
22138,4
22140,0
22141,4
22143,4
22144,5
22145,2
22149,0
22152,3
22153,0
22154,2
22156,1
22157,1
22158,0
22159,2
22160,3
22161,5
22162,1
22164,1
22166,3
22168,3
22171,3
22172,0
22173,0
22177,3
22179,3
22180,2
22183,2
22184,0
22185,4
22188,2
22190,2
22192,3
22193,2
22194,2
22196,3
22197,5
22198,2
22199,1
22200,0
22202,5
22203,4
22204,3
22205,1
22206,3
22207,2
22208,0
22209,1
22210,0
22211,5
22212,3
22213,0
22215,4
22216,2
22217,5
22218,3
22219,1
22220,1
22221,3
22222,3
22227,5
22228,4
22229,4
22230,2
22231,5
22232,0
22235,5
22236,0
22237,4
22240,3
22241,1
22242,0
22244,1
22245,2
22248,0
22250,5
22251,2
22254,3
22258,0
22259,5
22260,5
22261,2
22263,4
22264,4
22265,5
22266,0
22267,3
22268,5
22269,3
22273,2
22275,2
22276,1
22277,4
22278,4
22279,0
22280,4
22281,3
22282,3
22285,1
22288,0
22289,5
22290,1
22291,3
22293,0
22294,2
22296,2
22297,2
22298,1
22300,2
22301,2
22302,2
22303,3
22304,4
22305,3
22307,3
22308,1
22309,4
22310,3
22313,4
22314,4
22315,2
22316,0
22318,0
22320,2
22322,3
22323,2
22324,5
22326,3
22327,4
22328,5
22329,2
22331,4
22332,5
22333,5
22334,3
22337,4
22339,3
22340,2
22341,4
22342,4
22343,2
22345,3
22348,2
22350,0
22351,2
22352,2
22353,1
22354,3
22355,1
22356,3
22357,2
22358,0
22360,2
22361,5
22362,0
22363,0
22364,2
22365,3
22367,5
22369,5
22371,1
22372,2
22374,4
22378,0
22379,4
22380,3
22381,3
22382,2
22384,2
22386,1
22387,2
22388,3
22389,3
22390,2
22391,4
22393,3
22394,3
22395,2
22396,0
22398,4
22399,4
22400,5
22401,4
22402,3
22403,5
22404,2
22405,4
22408,3
22409,4
22410,3
22413,4
22414,1
22416,3
22417,0
22418,2
22419,3
22420,3
22421,4
22422,3
22424,3
22425,0
22427,4
22428,4
22429,5
22432,5
22434,5
22435,2
22436,5
22438,5
22439,2
22440,3
22441,1
22442,4
22443,0
22444,3
22445,3
22446,2
22447,2
22448,5
22449,4
22450,0
22451,1
22453,4
22454,1
22455,3
22456,4
22458,0
22459,2
22460,3
22461,5
22462,2
22463,0
22464,2
22467,4
22468,3
22472,3
22473,3
22474,2
22475,4
22476,3
22477,5
22479,3
22480,3
22481,3
22483,2
22487,3
22489,3
22490,2
22491,1
22492,5
22494,2
22495,4
22496,2
22498,5
22499,2
22500,3
22501,4
22502,2
22503,5
22504,3
22505,0
22506,3
22508,2
22509,2
22512,3
22513,3
22514,3
22515,1
22520,0
22524,4
22525,5
22526,5
22527,3
22529,2
22530,0
22531,3
22532,3
22534,0
22536,3
22537,4
22542,3
22544,4
22547,0
22549,2
22550,4
22551,2
22554,3
22556,4
22558,4
22559,4
22560,3
22561,0
22562,5
22563,1
22564,5
22566,3
22567,4
22570,3
22571,4
22572,2
22574,5
22576,0
22580,3
22581,3
22582,5
22583,3
22584,2
22585,3
22587,2
22590,3
22591,3
22593,5
22594,5
22595,5
22596,3
22598,2
22599,1
22601,3
22602,5
22603,1
22604,2
22605,3
22606,0
22608,3
22609,2
22610,5
22612,2
22613,3
22615,3
22617,3
22618,2
22619,3
22620,4
22621,5
22622,4
22623,3
22624,5
22625,3
22626,2
22627,3
22630,0
22631,0
22633,2
22634,3
22635,4
22636,4
22637,3
22639,3
22641,2
22642,3
22644,2
22645,3
22648,5
22650,2
22651,3
22652,2
22653,2
22654,3
22657,4
22658,2
22660,1
22661,2
22664,4
22668,2
22669,5
22670,4
22672,3
22673,3
22674,0
22675,3
22676,4
22677,0
22678,1
22679,4
22680,4
22682,0
22683,3
22684,1
22685,3
22686,4
22687,3
22689,5
22690,3
22691,3
22692,3
22694,5
22696,3
22697,0
22701,1
22702,0
22704,1
22705,0
22706,3
22709,4
22711,0
22712,3
22715,4
22717,3
22718,5
22719,4
22720,3
22723,4
22724,4
22725,3
22726,3
22728,5
22729,3
22730,4
22732,3
22733,4
22735,4
22736,2
22739,4
22740,2
22741,4
22742,5
22744,4
22745,3
22746,4
22750,2
22752,3
22754,2
22755,5
22756,0
22757,3
22758,2
22759,2
22760,3
22761,3
22763,1
22765,0
22766,3
22767,2
22768,4
22772,2
22773,1
22774,3
22776,0
22778,5
22779,5
22780,2
22782,1
22784,3
22786,4
22787,5
22788,3
22790,1
22791,4
22793,1
22794,3
22795,5
22796,4
22799,3
22800,2
22801,0
22802,2
22804,1
22805,5
22806,4
22808,2
22809,5
22810,3
22811,2
22812,5
22814,3
22815,5
22817,2
22818,5
22819,0
22820,3
22821,0
22822,4
22823,3
22824,3
22826,5
22827,4
22828,5
22829,2
22830,4
22831,4
22832,0
22833,3
22835,2
22836,3
22837,3
22838,3
22839,4
22840,0
22841,4
22842,2
22843,1
22845,1
22847,3
22848,2
22850,1
22851,2
22852,0
22853,3
22856,2
22859,1
22860,3
22861,0
22862,2
22863,4
22866,0
22867,5
22868,2
22869,0
22870,0
22871,5
22872,2
22873,3
22874,3
22877,4
22878,3
22879,4
22880,5
22881,3
22882,3
22883,3
22884,3
22886,0
22887,2
22890,3
22892,3
22893,5
22895,3
22896,1
22897,4
22898,5
22899,0
22900,1
22901,4
22902,2
22904,3
22905,1
22906,0
22907,3
22908,3
22909,4
22910,4
22913,3
22915,5
22916,5
22917,4
22918,5
22919,2
22920,2
22922,1
22923,2
22924,2
22925,0
22926,5
22929,1
22930,2
22931,2
22932,3
22933,2
22937,1
22941,2
22943,3
22944,0
22945,3
22946,0
22948,5
22950,2
22951,3
22952,3
22953,0
22955,2
22956,3
22957,0
22959,3
22960,2
22961,5
22962,5
22963,3
22964,4
22965,2
22970,1
22971,5
22972,3
22973,5
22976,0
22977,3
22978,2
22980,4
22981,3
22982,5
22984,2
22986,3
22987,5
22990,1
22992,3
22993,3
22994,3
22995,4
22996,1
22997,2
22998,5
22999,4
23001,3
23002,3
23003,4
23005,3
23008,3
23009,1
23011,5
23012,4
23013,3
23014,4
23016,2
23020,4
23021,5
23022,4
23023,4
23024,5
23026,2
23027,4
23028,2
23030,4
23032,3
23033,3
23037,3
23040,3
23041,4
23042,2
23043,3
23044,0
23045,0
23046,1
23048,1
23049,5
23051,4
23052,3
23054,2
23055,4
23056,3
23057,2
23058,3
23059,1
23061,2
23062,2
23063,3
23065,1
23066,4
23067,4
23068,4
23069,0
23070,4
23071,3
23072,5
23073,0
23074,2
23075,3
23077,4
23079,5
23080,3
23082,2
23086,1
23087,5
23088,2
23089,5
23090,2
23091,3
23093,3
23094,1
23097,2
23099,5
23101,2
23102,3
23104,2
23105,5
23106,2
23107,3
23108,5
23109,3
23110,3
23112,0
23113,2
23115,3
23116,0
23117,3
23119,0
23120,2
23122,3
23123,4
23124,3
23125,5
23126,0
23128,2
23129,1
23132,3
23133,5
23134,1
23135,3
23136,2
23137,2
23138,2
23139,5
23140,0
23141,0
23143,3
23144,0
23145,0
23146,2
23147,2
23148,3
23149,2
23151,2
23152,3
23153,2
23155,0
23156,3
23157,2
23159,2
23160,2
23161,2
23162,3
23164,2
23165,2
23166,2
23168,4
23169,3
23170,2
23171,5
23172,3
23173,1
23174,3
23175,3
23176,1
23178,2
23180,1
23181,3
23182,3
23184,3
23185,5
23186,2
23189,0
23190,2
23191,1
23192,4
23194,3
23195,0
23196,2
23197,1
23198,3
23199,3
23200,0
23201,3
23202,4
23203,0
23205,3
23208,1
23209,0
23210,3
23211,0
23212,3
23213,3
23214,4
23215,5
23216,2
23217,2
23219,0
23222,3
23223,0
23224,5
23225,1
23227,3
23228,3
23230,5
23233,2
23234,2
23235,5
23236,3
23237,0
23238,3
23239,2
23240,1
23241,3
23242,2
23243,2
23244,3
23245,2
23246,0
23247,2
23249,4
23250,1
23252,3
23253,3
23254,4
23255,0
23256,5
23257,2
23258,3
23260,3
23261,3
23262,5
23265,5
23266,5
23267,1
23269,2
23270,2
23271,4
23273,4
23274,4
23275,4
23276,4
23277,2
23278,2
23280,5
23283,2
23284,3
23285,0
23287,5
23288,1
23290,2
23291,3
23292,3
23293,3
23294,1
23295,3
23296,2
23298,4
23299,3
23300,3
23302,4
23303,5
23304,0
23305,4
23306,2
23307,3
23308,5
23310,0
23312,4
23313,3
23314,3
23315,4
23317,4
23319,3
23321,4
23322,4
23323,4
23325,0
23326,3
23327,0
23328,0
23330,2
23331,2
23334,3
23335,3
23336,2
23337,1
23338,1
23339,0
23340,2
23341,3
23342,1
23343,4
23345,3
23346,5
23347,3
23348,5
23350,3
23351,4
23352,4
23355,2
23356,2
23358,1
23360,3
23362,2
23363,3
23364,3
23365,3
23366,0
23368,1
23369,1
23370,3
23371,0
23373,3
23374,3
23375,5
23376,1
23377,3
23378,4
23379,3
23380,3
23381,4
23382,5
23383,3
23384,1
23388,4
23389,0
23390,1
23391,4
23392,3
23393,3
23394,0
23395,0
23396,3
23397,4
23398,3
23399,3
23400,5
23401,3
23402,3
23404,0
23405,2
23406,3
23407,2
23411,4
23412,2
23413,3
23414,2
23416,4
23417,2
23418,1
23419,4
23422,4
23423,2
23424,5
23426,4
23427,3
23429,2
23430,0
23431,4
23432,1
23433,2
23435,2
23436,1
23437,3
23439,5
23440,0
23442,5
23445,4
23447,5
23448,1
23449,4
23451,2
23452,5
23453,5
23454,3
23455,1
23458,3
23460,5
23461,1
23462,2
23464,0
23465,3
23468,5
23469,3
23471,0
23472,3
23473,5
23475,2
23476,5
23477,2
23478,4
23479,4
23480,2
23481,2
23482,4
23483,1
23487,3
23490,1
23492,4
23493,3
23494,0
23495,3
23496,5
23498,4
23499,1
23500,0
23502,2
23503,0
23506,2
23507,0
23508,2
23511,0
23512,3
23515,2
23519,5
23520,2
23522,4
23524,5
23526,2
23527,2
23528,4
23530,3
23533,1
23536,2
23537,3
23538,4
23539,2
23542,2
23546,3
23547,0
23548,3
23549,3
23550,3
23551,3
23553,5
23554,3
23555,5
23556,0
23557,3
23558,5
23561,3
23563,3
23564,4
23566,2
23568,3
23569,2
23570,5
23571,3
23572,3
23575,0
23576,3
23579,0
23580,3
23581,4
23582,0
23585,1
23586,3
23587,0
23588,1
23589,3
23590,2
23592,2
23593,2
23594,3
23595,2
23596,0
23597,0
23599,5
23600,3
23602,2
23603,2
23604,3
23605,0
23606,4
23608,0
23609,2
23611,3
23612,4
23613,5
23614,3
23616,4
23617,1
23618,1
23620,2
23621,1
23622,1
23624,5
23625,2
23626,5
23627,2
23628,0
23629,3
23630,3
23631,2
23632,1
23634,3
23635,2
23636,2
23637,2
23638,4
23639,5
23640,4
23642,5
23643,2
23645,5
23647,2
23648,4
23649,2
23650,3
23651,4
23652,2
23653,3
23657,2
23659,4
23661,3
23663,3
23664,4
23666,2
23667,0
23668,4
23669,4
23670,3
23672,4
23673,3
23674,5
23677,3
23678,5
23679,3
23680,2
23681,0
23684,3
23685,3
23690,1
23691,2
23692,2
23693,5
23694,2
23695,3
23696,2
23697,3
23698,3
23699,5
23700,3
23701,1
23702,4
23703,5
23704,2
23705,5
23706,1
23707,0
23709,3
23711,1
23712,3
23713,3
23714,2
23715,1
23716,3
23717,2
23718,2
23720,4
23723,4
23724,5
23725,4
23727,2
23728,3
23729,5
23730,2
23732,2
23733,3
23734,2
23735,3
23736,4
23737,0
23739,1
23744,4
23746,2
23747,3
23749,4
23750,1
23751,3
23752,1
23753,3
23754,4
23755,2
23757,1
23758,3
23760,5
23761,1
23762,3
23763,2
23764,5
23765,5
23766,5
23768,2
23769,3
23770,4
23771,0
23772,4
23773,1
23774,3
23775,1
23776,3
23779,3
23780,3
23781,2
23782,5
23783,3
23784,3
23785,4
23786,3
23787,3
23789,1
23790,0
23791,2
23793,3
23794,4
23795,4
23797,3
23798,1
23799,2
23800,3
23801,5
23802,3
23803,2
23804,3
23805,3
23806,4
23807,2
23808,2
23809,1
23810,3
23811,4
23812,3
23813,2
23814,0
23815,4
23816,3
23817,4
23818,2
23819,4
23820,3
23821,3
23822,3
23823,3
23824,2
23826,3
23828,3
23830,3
23831,0
23832,0
23833,3
23835,5
23836,5
23837,2
23838,2
23842,2
23843,4
23844,3
23845,4
23846,3
23847,2
23848,1
23850,1
23851,3
23853,3
23855,4
23856,3
23860,2
23861,2
23863,0
23865,0
23867,2
23868,5
23869,3
23870,2
23871,5
23876,3
23878,5
23879,2
23881,3
23882,3
23885,1
23886,0
23887,1
23888,3
23890,3
23892,2
23893,2
23894,2
23895,1
23896,4
23897,2
23898,3
23899,1
23901,3
23902,5
23903,0
23904,3
23905,3
23908,2
23909,4
23910,3
23911,4
23913,0
23914,0
23915,1
23917,4
23918,2
23919,4
23923,2
23924,0
23926,5
23928,3
23929,2
23930,4
23932,2
23933,3
23935,3
23937,0
23939,1
23940,4
23941,2
23942,0
23943,3
23945,2
23946,0
23947,3
23948,3
23951,0
23954,1
23956,2
23957,3
23958,3
23959,1
23960,2
23961,0
23964,3
23966,0
23968,5
23971,2
23972,5
23974,0
23975,1
23976,4
23977,2
23978,4
23981,0
23982,4
23983,2
23985,3
23986,2
23987,4
23988,2
23989,4
23991,4
23993,1
23994,4
23996,0
23998,4
23999,3
24000,0
24001,2
24003,2
24004,1
24005,2
24006,3
24008,0
24009,1
24011,2
24013,4
24014,1
24015,5
24017,2
24020,3
24021,4
24022,3
24024,2
24025,4
24027,3
24028,3
24029,2
24030,3
24031,3
24032,2
24034,3
24035,3
24036,3
24037,2
24038,3
24040,3
24041,0
24042,3
24043,0
24044,4
24045,2
24049,0
24050,2
24051,1
24052,0
24053,3
24054,3
24055,4
24056,5
24057,3
24058,1
24059,3
24060,2
24061,2
24063,2
24064,2
24065,2
24067,0
24068,5
24069,4
24070,2
24072,2
24073,0
24076,1
24080,3
24081,3
24082,2
24084,5
24086,2
24088,5
24090,2
24092,3
24094,0
24095,3
24096,3
24097,4
24098,3
24099,5
24100,0
24101,4
24103,3
24104,3
24105,0
24106,5
24107,2
24108,2
24109,1
24110,3
24111,3
24112,2
24114,3
24115,1
24117,3
24120,3
24121,3
24123,2
24125,3
24127,2
24128,3
24129,0
24130,4
24131,2
24134,5
24135,4
24136,0
24137,1
24138,0
24139,5
24140,3
24141,5
24143,4
24144,3
24148,1
24150,3
24151,3
24153,0
24154,3
24157,2
24158,0
24159,1
24160,4
24162,2
24164,3
24165,1
24166,0
24167,3
24168,0
24169,3
24170,2
24171,3
24173,2
24174,0
24177,3
24178,2
24179,2
24180,4
24182,0
24183,3
24184,1
24185,2
24186,3
24187,0
24189,1
24190,3
24191,3
24192,5
24193,4
24194,5
24195,1
24197,3
24198,2
24199,1
24201,1
24203,0
24204,4
24205,2
24206,3
24209,0
24210,2
24211,3
24213,4
24214,4
24216,2
24217,5
24218,2
24219,3
24220,3
24221,3
24222,2
24223,3
24224,4
24225,0
24226,4
24228,3
24229,0
24230,3
24231,2
24232,3
24233,1
24235,3
24236,5
24237,1
24238,5
24239,1
24240,3
24241,1
24242,4
24243,3
24244,3
24246,0
24247,1
24250,5
24252,3
24253,4
24254,1
24255,3
24256,3
24257,2
24258,3
24259,3
24260,3
24262,4
24264,3
24265,4
24266,1
24267,2
24268,3
24269,3
24271,3
24272,3
24273,4
24274,3
24275,4
24278,3
24280,5
24282,3
24283,5
24285,4
24286,2
24287,3
24288,3
24290,3
24291,3
24292,2
24294,3
24295,4
24296,5
24299,1
24300,1
24301,2
24302,2
24303,3
24304,4
24305,5
24307,2
24312,2
24313,2
24314,0
24317,5
24318,3
24319,3
24320,2
24321,2
24322,0
24323,2
24324,4
24325,0
24327,3
24328,0
24329,2
24330,0
24331,0
24332,3
24333,2
24334,3
24335,3
24337,5
24342,3
24343,0
24344,2
24350,5
24351,3
24353,4
24354,0
24355,2
24357,3
24359,5
24363,3
24364,2
24365,0
24367,2
24368,2
24371,1
24372,3
24374,3
24375,0
24376,4
24378,2
24380,1
24381,5
24383,0
24384,4
24388,4
24389,5
24390,3
24392,2
24393,4
24396,3
24397,3
24399,3
24400,2
24401,2
24402,3
24405,3
24406,4
24409,0
24411,1
24412,0
24413,3
24414,3
24415,3
24416,4
24418,1
24419,2
24420,2
24421,1
24423,2
24424,3
24425,5
24426,3
24427,3
24431,3
24432,2
24434,5
24436,2
24439,0
24440,3
24441,1
24443,3
24446,3
24448,2
24449,3
24450,1
24451,3
24452,3
24453,3
24455,4
24457,3
24459,5
24460,5
24461,4
24462,4
24464,0
24466,3
24469,3
24471,3
24473,3
24476,1
24478,2
24479,3
24480,5
24481,0
24482,4
24483,4
24484,4
24485,5
24486,4
24487,4
24488,3
24489,0
24490,4
24491,0
24492,0
24493,1
24494,5
24495,3
24496,2
24497,2
24498,3
24500,1
24501,1
24502,0
24503,3
24504,3
24505,0
24506,4
24507,1
24508,2
24509,3
24512,2
24513,5
24515,3
24516,3
24517,4
24518,0
24520,5
24521,4
24522,3
24523,3
24524,2
24526,0
24527,3
24528,5
24529,4
24531,3
24532,3
24533,0
24534,3
24535,3
24536,3
24537,2
24538,4
24539,4
24540,3
24541,4
24542,1
24545,2
24546,3
24548,3
24549,3
24550,0
24552,3
24553,3
24557,2
24558,2
24560,3
24561,3
24562,2
24563,3
24564,4
24566,0
24567,3
24568,2
24570,0
24572,4
24573,3
24574,3
24575,4
24576,1
24581,1
24582,3
24583,4
24584,1
24585,3
24588,3
24590,0
24591,3
24592,2
24595,2
24596,2
24597,2
24598,3
24600,3
24603,1
24605,5
24606,2
24607,4
24608,5
24610,4
24611,3
24613,2
24614,0
24616,2
24618,5
24619,2
24620,4
24621,3
24622,2
24625,2
24627,3
24628,4
24629,1
24632,1
24634,3
24636,4
24637,0
24640,1
24641,4
24643,3
24645,2
24647,5
24648,1
24649,2
24650,5
24652,5
24655,1
24656,3
24657,4
24659,3
24660,5
24661,4
24662,3
24663,4
24664,4
24665,0
24667,2
24668,1
24670,4
24672,5
24673,2
24675,3
24677,0
24678,3
24680,5
24681,3
24685,0
24687,5
24688,2
24689,3
24690,3
24691,5
24692,3
24693,0
24694,3
24696,5
24697,4
24698,4
24701,4
24703,2
24705,3
24707,4
24708,4
24709,1
24710,4
24711,3
24712,4
24715,0
24717,4
24719,2
24720,5
24721,3
24722,4
24724,2
24727,2
24728,5
24731,0
24732,2
24734,3
24735,2
24737,3
24738,5
24739,2
24740,3
24741,2
24742,1
24743,2
24745,3
24746,4
24747,4
24748,5
24749,4
24750,5
24753,3
24754,2
24755,3
24757,1
24759,5
24762,2
24765,4
24766,3
24767,5
24768,3
24769,2
24770,4
24771,4
24772,2
24773,0
24774,4
24775,2
24777,4
24778,3
24779,4
24782,2
24783,4
24784,4
24786,3
24788,0
24789,3
24793,4
24794,3
24796,2
24797,4
24800,2
24801,3
24802,5
24803,2
24805,2
24807,2
24810,1
24811,0
24812,3
24814,3
24815,3
24816,2
24817,3
24818,3
24819,5
24820,0
24821,5
24827,3
24828,2
24829,5
24830,2
24831,4
24833,4
24835,4
24836,3
24837,5
24838,3
24839,3
24840,2
24841,5
24844,1
24845,0
24846,2
24847,3
24848,4
24849,2
24850,5
24852,3
24853,3
24854,3
24855,4
24858,5
24859,3
24860,0
24863,3
24864,4
24865,3
24866,4
24870,3
24872,3
24874,4
24875,2
24876,2
24877,3
24878,3
24880,0
24881,3
24882,1
24883,4
24886,0
24887,3
24889,4
24892,4
24893,3
24894,3
24897,1
24899,4
24900,4
24901,3
24904,5
24905,5
24906,5
24907,2
24908,4
24911,3
24913,3
24916,2
24917,5
24918,1
24919,2
24920,2
24922,1
24923,3
24924,3
24927,5
24928,2
24929,0
24930,2
24931,3
24932,4
24933,3
24934,1
24935,5
24937,2
24938,2
24939,3
24942,3
24943,0
24944,3
24945,0
24948,2
24950,1
24952,0
24953,0
24954,5
24956,2
24959,0
24960,0
24961,1
24963,3
24964,4
24965,4
24967,5
24969,2
24970,3
24971,2
24973,4
24974,0
24975,2
24976,4
24979,5
24980,3
24981,2
24982,4
24983,3
24984,3
24985,0
24987,4
24990,3
24991,3
24993,3
24994,3
24995,5
25001,2
25006,4
25008,3
25009,0
25010,2
25011,0
25013,2
25014,0
25015,5
25016,5
25017,5
25021,3
25023,5
25024,2
25025,4
25027,3
25028,0
25029,1
25031,5
25032,3
25037,1
25040,2
25042,3
25047,0
25048,4
25049,1
25053,2
25054,5
25055,3
25056,2
25057,1
25059,3
25060,4
25065,3
25066,1
25067,4
25068,3
25069,0
25070,5
25072,5
25073,3
25075,4
25077,3
25078,3
25079,3
25080,2
25081,0
25083,5
25084,1
25085,5
25086,4
25087,2
25088,4
25090,3
25093,3
25095,4
25096,1
25097,2
25099,2
25100,2
25104,4
25105,0
25106,1
25107,3
25108,4
25109,2
25110,4
25111,4
25112,2
25115,3
25116,4
25117,3
25118,1
25119,4
25120,3
25121,1
25123,0
25124,3
25125,5
25127,2
25129,4
25130,3
25131,2
25132,3
25133,4
25134,2
25135,2
25136,3
25137,3
25138,4
25139,4
25141,3
25143,3
25144,2
25147,3
25148,0
25152,3
25153,4
25154,2
25155,2
25156,1
25157,3
25158,3
25159,0
25160,3
25161,2
25162,1
25163,3
25164,1
25165,1
25168,3
25169,0
25170,3
25172,0
25173,5
25174,4
25175,4
25176,4
25177,2
25178,5
25179,4
25180,2
25182,3
25184,1
25187,5
25188,5
25189,5
25190,3
25191,3
25192,1
25193,2
25194,3
25195,4
25196,1
25199,0
25200,5
25201,1
25203,2
25204,2
25205,0
25207,1
25209,0
25210,0
25211,2
25212,2
25213,4
25214,4
25216,5
25217,4
25218,5
25222,4
25223,0
25224,4
25226,1
25228,3
25229,3
25231,1
25232,0
25233,3
25235,3
25236,2
25238,1
25239,2
25240,3
25241,1
25242,3
25243,4
25244,0
25245,4
25247,3
25248,1
25251,1
25254,4
25255,3
25256,4
25257,3
25259,3
25261,3
25262,3
25264,2
25265,3
25267,4
25269,4
25271,1
25272,5
25276,0
25277,2
25278,2
25279,2
25280,3
25281,4
25282,2
25283,3
25284,1
25285,5
25286,2
25287,1
25288,3
25289,0
25291,4
25292,0
25293,4
25294,1
25295,2
25296,0
25297,4
25300,0
25301,3
25302,0
25306,5
25307,3
25308,5
25309,0
25310,4
25311,2
25312,1
25313,3
25315,2
25317,2
25319,3
25321,3
25323,0
25324,2
25325,3
25326,3
25327,3
25328,2
25329,2
25330,5
25331,4
25332,0
25333,3
25334,4
25336,2
25337,2
25338,2
25340,2
25341,1
25343,3
25344,2
25345,5
25346,2
25347,3
25348,2
25349,3
25350,3
25351,2
25353,1
25354,3
25355,5
25357,5
25358,0
25359,1
25360,2
25361,3
25362,4
25363,3
25364,5
25366,3
25367,3
25368,2
25370,2
25373,3
25374,5
25375,1
25376,3
25377,1
25379,2
25380,3
25381,2
25382,0
25383,2
25384,4
25385,2
25386,1
25387,3
25390,3
25391,3
25395,3
25396,3
25398,5
25399,2
25402,0
25403,5
25404,3
25405,1
25408,4
25409,0
25412,3
25414,2
25417,4
25418,3
25419,3
25421,4
25424,2
25425,3
25426,1
25427,5
25428,2
25430,3
25431,2
25433,4
25436,3
25437,3
25438,3
25439,3
25441,3
25442,4
25443,3
25445,5
25446,3
25448,2
25451,0
25452,3
25453,0
25454,1
25455,5
25457,2
25458,3
25459,5
25461,3
25463,2
25464,4
25465,3
25466,4
25469,4
25470,2
25471,2
25473,1
25474,3
25475,2
25476,0
25477,2
25478,3
25479,0
25480,1
25482,4
25486,3
25488,3
25489,2
25490,3
25491,1
25492,4
25493,1
25494,1
25495,3
25496,2
25498,3
25499,2
25502,0
25503,2
25504,2
25505,4
25507,0
25508,4
25509,5
25511,1
25512,3
25514,1
25515,1
25516,2
25517,5
25518,4
25520,4
25522,0
25523,3
25524,5
25525,1
25527,5
25528,3
25529,3
25530,5
25534,3
25535,0
25537,1
25540,2
25541,4
25543,3
25544,3
25545,2
25546,2
25547,3
25548,3
25549,3
25550,4
25551,2
25552,1
25553,3
25555,4
25556,4
25557,2
25558,4
25559,3
25560,1
25561,2
25562,3
25564,5
25565,3
25566,3
25567,1
25570,4
25571,0
25574,1
25575,0
25577,3
25578,2
25579,4
25580,2
25582,1
25585,4
25586,4
25587,4
25589,3
25590,5
25591,3
25593,4
25594,3
25595,5
25596,3
25597,3
25598,0
25599,0
25602,4
25603,2
25604,3
25605,3
25606,0
25607,5
25608,3
25610,3
25611,1
25613,3
25616,3
25617,4
25619,5
25620,3
25622,4
25623,1
25624,3
25625,2
25626,4
25627,1
25629,3
25631,4
25633,2
25634,4
25635,2
25636,1
25637,2
25639,3
25640,2
25641,2
25642,4
25643,1
25644,5
25645,4
25647,1
25648,3
25649,2
25650,3
25651,4
25652,1
25653,2
25654,2
25655,1
25656,2
25657,5
25658,2
25659,1
25661,3
25662,4
25664,1
25665,1
25666,0
25668,2
25669,5
25670,2
25672,5
25673,0
25674,2
25675,5
25676,5
25677,3
25678,4
25679,0
25680,3
25682,3
25683,5
25685,3
25686,2
25687,0
25692,0
25694,2
25696,3
25698,3
25699,4
25700,3
25701,4
25704,3
25705,1
25708,4
25709,4
25710,5
25711,1
25712,5
25713,2
25714,3
25715,3
25717,3
25718,1
25719,2
25720,4
25721,3
25722,1
25723,4
25725,4
25727,2
25730,2
25731,5
25732,3
25733,4
25734,1
25735,3
25736,5
25737,2
25738,1
25739,4
25741,4
25743,2
25745,1
25746,1
25747,4
25748,3
25751,3
25754,4
25755,4
25756,2
25759,2
25761,0
25762,0
25763,3
25764,2
25766,2
25767,1
25768,2
25769,3
25771,2
25772,0
25773,4
25774,4
25776,3
25777,1
25778,5
25780,4
25781,3
25783,3
25786,2
25790,2
25791,1
25792,3
25793,3
25795,5
25796,3
25798,1
25799,1
25800,4
25803,0
25804,4
25805,5
25806,3
25807,3
25808,0
25810,4
25811,2
25814,3
25815,1
25816,0
25817,3
25818,1
25819,0
25820,2
25821,3
25822,4
25824,2
25826,0
25827,0
25828,0
25829,3
25830,2
25831,2
25832,3
25834,5
25835,3
25836,4
25837,0
25838,2
25841,0
25842,4
25843,4
25844,3
25845,3
25846,4
25848,3
25849,2
25853,5
25854,1
25855,3
25857,2
25858,2
25859,5
25860,2
25862,3
25864,1
25865,1
25867,2
25871,4
25872,3
25874,2
25876,2
25877,2
25878,4
25879,3
25880,5
25882,5
25883,5
25884,5
25886,2
25888,1
25889,4
25890,5
25891,2
25892,2
25894,3
25895,3
25897,1
25900,3
25902,4
25904,0
25907,2
25908,1
25909,0
25910,1
25911,3
25912,2
25913,3
25914,5
25915,2
25916,0
25921,4
25922,2
25924,1
25925,4
25926,4
25927,5
25930,4
25931,1
25932,3
25933,3
25935,2
25936,4
25937,3
25939,4
25941,4
25943,2
25944,3
25947,4
25949,3
25950,3
25951,5
25952,0
25953,5
25954,4
25955,2
25957,4
25958,1
25959,3
25960,2
25961,4
25963,3
25964,5
25965,4
25967,3
25968,2
25970,3
25971,3
25972,0
25973,4
25974,5
25975,3
25977,3
25978,3
25979,2
25980,3
25981,2
25983,0
25984,2
25985,3
25988,4
25989,4
25990,3
25991,5
25993,2
25996,4
25997,3
26000,4
26001,3
26002,4
26003,4
26004,4
26005,2
26007,2
26008,2
26009,5
26012,3
26013,4
26014,0
26015,2
26016,5
26017,3
26018,2
26019,4
26020,3
26023,2
26024,5
26026,5
26027,4
26028,2
26029,4
26030,3
26031,4
26032,4
26033,4
26035,2
26036,0
26037,5
26038,5
26039,0
26041,3
26043,2
26044,2
26045,3
26046,0
26047,4
26048,4
26049,0
26050,3
26051,1
26052,0
26053,4
26054,3
26058,3
26060,2
26061,3
26062,4
26065,5
26066,2
26067,4
26068,2
26069,3
26070,0
26072,2
26073,2
26074,2
26076,2
26077,3
26078,2
26079,2
26082,3
26083,5
26084,3
26085,1
26086,2
26087,5
26090,2
26092,2
26093,2
26095,2
26097,2
26098,2
26099,2
26100,4
26102,2
26103,2
26104,0
26105,2
26107,3
26108,3
26109,2
26110,2
26113,3
26115,2
26118,2
26119,3
26120,2
26121,4
26122,2
26123,4
26124,3
26125,0
26127,3
26129,2
26130,4
26131,3
26132,3
26133,3
26135,2
26136,1
26137,1
26139,4
26140,4
26141,2
26143,4
26144,3
26145,3
26147,4
26148,3
26149,1
26150,3
26151,3
26152,3
26153,2
26154,5
26155,0
26157,2
26158,3
26159,3
26160,2
26162,3
26163,3
26164,1
26165,5
26166,0
26167,3
26169,4
26170,3
26171,4
26173,3
26174,0
26175,2
26177,2
26178,3
26179,0
26180,4
26181,5
26182,3
26183,5
26185,3
26187,2
26188,2
26189,1
26190,5
26192,4
26193,3
26194,3
26195,5
26198,3
26201,2
26202,5
26204,0
26205,3
26206,3
26208,3
26209,2
26210,3
26211,0
26212,5
26213,2
26214,2
26215,0
26216,2
26217,3
26219,1
26220,4
26222,2
26223,4
26224,3
26226,3
26227,2
26228,2
26229,1
26230,5
26231,2
26235,2
26236,3
26237,3
26239,3
26240,3
26242,4
26243,2
26244,1
26245,5
26246,4
26248,1
26249,1
26250,4
26253,4
26254,5
26255,3
26257,5
26258,5
26259,1
26260,1
26262,0
26264,4
26265,3
26268,2
26269,2
26272,2
26274,3
26275,1
26276,3
26277,3
26280,2
26281,2
26282,3
26284,0
26285,3
26286,5
26287,4
26288,2
26292,4
26296,1
26297,3
26298,5
26299,3
26300,2
26301,3
26302,0
26303,0
26304,4
26305,1
26306,2
26307,1
26308,5
26310,5
26311,3
26312,3
26314,3
26318,5
26319,5
26320,1
26322,0
26324,3
26326,2
26327,2
26328,0
26329,1
26330,5
26331,3
26332,3
26334,1
26335,5
26337,3
26343,1
26344,2
26345,4
26346,2
26348,2
26350,3
26351,3
26352,5
26354,3
26355,3
26356,3
26357,3
26359,2
26360,2
26362,2
26363,2
26365,3
26367,2
26368,2
26369,2
26370,3
26371,3
26373,3
26375,3
26376,0
26377,0
26378,0
26379,5
26380,3
26381,3
26383,0
26384,4
26385,3
26386,1
26387,1
26388,5
26392,1
26393,3
26396,3
26397,0
26398,3
26399,3
26400,3
26401,1
26403,1
26404,3
26405,2
26407,2
26409,5
26411,1
26412,4
26413,2
26414,4
26417,2
26418,3
26419,4
26420,2
26421,4
26422,5
26423,1
26424,4
26425,4
26426,3
26427,5
26429,5
26430,3
26431,3
26433,3
26434,4
26435,1
26436,5
26438,2
26439,3
26440,3
26441,0
26442,3
26446,5
26447,3
26448,4
26449,4
26451,0
26452,1
26453,4
26454,2
26455,5
26456,4
26459,2
26463,0
26465,3
26467,1
26468,1
26469,3
26470,5
26471,3
26475,0
26476,3
26477,5
26478,0
26479,0
26481,0
26482,2
26483,2
26484,4
26489,3
26491,1
26493,0
26494,5
26495,0
26496,4
26497,5
26498,0
26500,1
26501,1
26502,3
26504,3
26505,2
26506,4
26508,3
26509,3
26510,3
26511,3
26512,4
26513,4
26514,4
26515,0
26516,5
26517,1
26519,3
26520,4
26521,2
26523,3
26524,2
26526,3
26527,4
26528,0
26529,4
26530,1
26532,4
26534,4
26535,2
26536,4
26538,4
26539,1
26540,3
26541,4
26542,2
26543,2
26544,3
26546,4
26547,1
26549,5
26550,0
26552,2
26553,4
26554,4
26555,0
26557,0
26558,3
26559,3
26560,3
26561,3
26562,2
26564,2
26565,5
26566,2
26567,2
26569,1
26570,3
26571,3
26572,5
26576,3
26577,2
26578,4
26579,5
26580,3
26581,2
26582,3
26584,3
26585,4
26586,0
26588,5
26589,5
26591,2
26592,5
26593,3
26594,4
26595,1
26596,0
26597,3
26598,4
26600,4
26602,5
26603,2
26604,0
26605,1
26606,3
26608,4
26609,2
26610,5
26612,2
26614,3
26615,3
26618,5
26619,4
26620,1
26622,1
26624,2
26626,1
26628,4
26630,3
26631,3
26633,1
26634,3
26638,2
26639,2
26640,4
26641,3
26643,0
26646,4
26647,0
26648,2
26649,2
26650,3
26651,4
26655,1
26656,1
26657,5
26658,0
26660,3
26661,0
26662,2
26663,2
26664,2
26666,2
26668,5
26669,3
26670,1
26673,5
26675,1
26676,5
26677,3
26678,4
26679,3
26680,5
26681,3
26682,0
26683,4
26684,3
26685,3
26686,0
26687,0
26689,2
26690,4
26692,3
26693,1
26694,0
26695,5
26696,4
26698,2
26699,1
26700,4
26701,2
26703,5
26704,3
26706,0
26707,3
26709,3
26710,2
26711,3
26713,4
26716,1
26717,3
26718,4
26720,5
26721,0
26722,3
26723,5
26725,5
26726,1
26727,3
26729,1
26730,3
26731,3
26732,2
26733,3
26735,2
26736,0
26737,0
26738,4
26739,2
26741,4
26742,1
26743,2
26744,0
26745,5
26746,3
26747,1
26748,3
26749,2
26753,3
26754,5
26756,3
26760,2
26763,3
26764,4
26765,3
26766,2
26767,2
26768,5
26769,3
26771,4
26773,2
26774,3
26775,4
26776,3
26779,3
26780,4
26781,1
26783,3
26785,4
26786,5
26791,5
26792,4
26793,3
26794,1
26795,4
26798,1
26799,2
26800,0
26803,3
26804,0
26806,1
26808,3
26809,3
26810,3
26811,1
26813,4
26815,1
26816,5
26817,3
26818,2
26822,1
26824,3
26825,4
26826,5
26827,1
26828,3
26829,5
26830,0
26832,4
26834,2
26835,2
26837,4
26839,1
26840,1
26841,0
26843,2
26845,3
26846,3
26847,1
26849,1
26850,3
26852,2
26853,3
26855,3
26858,2
26864,4
26866,2
26867,2
26869,4
26871,4
26872,2
26874,5
26878,2
26879,5
26880,0
26881,2
26882,2
26883,3
26884,1
26885,5
26889,4
26891,0
26893,0
26896,3
26897,3
26898,4
26900,2
26901,2
26903,5
26904,3
26907,3
26908,2
26909,2
26910,2
26913,2
26914,3
26915,4
26916,4
26919,3
26921,0
26922,4
26923,3
26924,1
26926,2
26928,4
26930,3
26931,3
26932,1
26933,2
26934,2
26935,3
26936,4
26938,2
26940,5
26941,0
26942,2
26945,4
26946,2
26948,3
26952,4
26953,0
26954,0
26955,4
26957,3
26958,4
26960,1
26961,5
26964,3
26965,4
26968,4
26970,4
26972,5
26973,1
26974,5
26976,2
26977,4
26979,5
26980,3
26982,0
26983,2
26984,1
26986,3
26987,5
26988,2
26991,3
26992,3
26993,2
26994,2
26995,3
26996,3
26997,5
26998,0
26999,1
27003,1
27004,2
27005,1
27006,4
27007,4
27008,3
27009,1
27011,4
27012,2
27013,1
27014,5
27015,3
27016,3
27017,4
27019,3
27020,1
27022,1
27023,1
27024,3
27026,2
27028,0
27029,5
27030,5
27031,2
27032,4
27033,3
27034,3
27035,4
27036,4
27037,4
27038,0
27039,3
27041,4
27042,5
27044,2
27045,1
27046,1
27047,0
27048,2
27049,3
27050,3
27052,2
27053,4
27054,2
27055,5
27058,4
27059,3
27060,3
27062,4
27064,2
27065,5
27066,2
27067,3
27068,5
27069,4
27071,1
27072,0
27076,2
27077,3
27078,1
27079,4
27080,4
27081,4
27082,3
27083,2
27084,0
27086,3
27087,0
27088,5
27091,3
27092,5
27093,0
27094,4
27096,3
27097,2
27098,3
27099,0
27101,2
27102,0
27103,2
27104,4
27106,3
27108,5
27110,4
27111,1
27112,3
27113,3
27115,5
27116,0
27117,3
27120,4
27121,1
27122,2
27123,0
27124,2
27125,0
27126,3
27128,2
27129,1
27130,1
27133,4
27134,0
27135,3
27136,5
27137,5
27138,0
27140,2
27141,2
27142,3
27143,0
27144,4
27145,4
27146,2
27147,3
27148,3
27149,1
27150,2
27151,3
27152,0
27153,3
27154,4
27155,0
27157,0
27158,2
27159,4
27161,4
27163,2
27164,2
27165,2
27167,2
27169,1
27170,3
27171,0
27172,4
27173,4
27174,3
27175,4
27176,3
27177,4
27178,2
27179,2
27180,5
27182,0
27184,0
27186,2
27187,2
27188,1
27190,3
27191,2
27192,2
27193,4
27194,4
27195,5
27196,5
27202,4
27203,4
27206,1
27207,3
27209,2
27210,1
27211,2
27213,2
27214,2
27215,5
27216,0
27217,0
27218,0
27221,0
27222,1
27223,3
27224,3
27226,3
27230,3
27231,1
27232,5
27234,1
27236,3
27237,3
27239,2
27240,4
27241,1
27243,3
27247,1
27248,2
27251,2
27252,0
27253,5
27255,5
27257,0
27261,0
27262,2
27263,2
27264,3
27265,1
27266,3
27267,1
27268,5
27269,1
27270,2
27271,2
27272,3
27273,3
27274,3
27275,0
27276,1
27277,5
27279,2
27281,3
27282,3
27283,3
27285,4
27287,2
27289,4
27290,5
27291,5
27292,3
27293,2
27294,2
27295,3
27296,2
27297,2
27299,5
27302,3
27305,4
27306,5
27307,1
27308,2
27309,3
27310,4
27311,2
27312,0
27315,4
27316,3
27320,2
27322,5
27323,2
27326,3
27328,4
27329,2
27330,1
27331,2
27333,3
27334,5
27335,4
27336,1
27337,3
27338,3
27339,3
27340,5
27341,2
27342,3
27343,1
27344,3
27345,2
27347,2
27348,2
27349,2
27351,2
27353,3
27354,3
27356,1
27359,3
27363,4
27364,2
27365,2
27367,4
27369,3
27370,4
27371,2
27372,5
27373,3
27374,2
27375,2
27376,2
27377,3
27379,2
27380,3
27381,4
27382,1
27383,5
27384,5
27385,2
27386,4
27387,3
27388,5
27389,4
27390,3
27391,5
27392,5
27394,1
27395,1
27397,4
27401,2
27402,5
27403,4
27407,4
27408,3
27411,4
27412,4
27413,4
27415,3
27416,1
27417,2
27418,2
27420,3
27421,4
27424,2
27425,2
27426,5
27427,4
27428,5
27429,3
27431,1
27432,5
27434,4
27435,3
27436,5
27438,1
27439,4
27440,4
27441,0
27442,5
27444,4
27445,3
27448,4
27449,1
27450,4
27451,5
27453,2
27454,5
27455,2
27456,4
27458,0
27459,4
27461,3
27462,5
27463,2
27465,3
27467,0
27468,2
27469,0
27471,2
27472,0
27473,0
27474,0
27475,2
27477,2
27479,0
27481,5
27482,4
27483,3
27484,1
27485,3
27486,3
27487,5
27489,5
27491,0
27493,3
27494,2
27495,1
27496,4
27498,1
27499,4
27500,3
27501,1
27505,5
27506,3
27507,0
27508,4
27513,2
27515,3
27516,3
27517,0
27518,3
27519,3
27520,5
27521,3
27522,1
27523,5
27525,1
27526,3
27527,3
27529,2
27530,2
27531,4
27533,4
27535,2
27536,4
27538,1
27539,4
27541,3
27542,4
27544,2
27545,3
27546,5
27548,0
27550,3
27551,2
27552,0
27553,5
27554,2
27555,4
27557,3
27558,4
27559,1
27560,1
27561,2
27562,5
27563,3
27565,3
27566,4
27567,3
27569,3
27570,4
27573,2
27575,4
27576,4
27577,3
27578,4
27579,4
27580,2
27582,4
27584,3
27585,4
27587,3
27588,3
27589,1
27590,3
27591,4
27592,1
27593,2
27594,4
27595,3
27596,4
27598,2
27599,4
27600,2
27603,2
27605,0
27606,2
27607,4
27608,3
27609,0
27610,1
27613,2
27614,3
27616,4
27617,4
27618,2
27620,2
27621,2
27622,3
27623,1
27626,5
27629,3
27631,2
27633,3
27636,2
27637,2
27638,3
27639,0
27641,0
27643,4
27644,1
27646,1
27647,3
27648,4
27649,3
27650,1
27651,5
27652,2
27654,4
27655,1
27656,3
27657,3
27658,3
27662,4
27663,1
27666,5
27667,3
27668,2
27670,3
27672,4
27674,5
27675,0
27676,3
27679,4
27680,4
27682,0
27685,3
27686,5
27687,3
27688,3
27689,2
27690,2
27691,4
27692,2
27695,3
27697,1
27698,2
27699,4
27700,5
27701,2
27703,2
27704,4
27706,3
27707,4
27708,2
27709,0
27710,3
27711,2
27712,3
27713,4
27714,1
27715,0
27716,4
27717,5
27718,4
27719,4
27720,4
27722,5
27724,1
27725,1
27726,5
27727,3
27728,2
27731,2
27732,4
27733,0
27734,3
27736,4
27737,0
27739,2
27740,2
27742,2
27744,3
27746,4
27747,4
27748,5
27749,3
27750,1
27756,4
27757,3
27758,4
27759,4
27761,3
27763,5
27764,3
27766,1
27767,3
27769,5
27771,2
27772,3
27774,2
27776,3
27777,4
27779,3
27781,0
27782,3
27783,5
27784,4
27785,0
27789,2
27790,1
27792,3
27793,0
27796,3
27797,5
27798,5
27799,4
27800,1
27802,5
27803,5
27804,4
27805,3
27807,2
27808,3
27809,4
27811,4
27814,3
27815,1
27816,0
27817,4
27818,5
27819,2
27821,2
27822,2
27823,1
27824,3
27825,3
27828,2
27831,3
27832,4
27833,0
27834,4
27835,1
27837,2
27839,3
27841,3
27842,4
27844,2
27846,1
27848,0
27849,0
27850,2
27851,4
27852,3
27853,2
27855,3
27856,4
27858,4
27859,4
27860,0
27861,2
27863,2
27864,5
27867,2
27869,2
27871,5
27872,5
27873,3
27875,3
27877,5
27878,2
27879,0
27880,1
27881,5
27882,3
27883,4
27885,3
27887,5
27889,3
27891,2
27892,3
27893,3
27894,5
27895,2
27898,1
27900,3
27901,4
27904,2
27905,2
27906,2
27907,4
27908,2
27910,5
27911,3
27912,3
27913,5
27917,2
27918,3
27919,2
27921,0
27922,3
27923,2
27924,1
27928,3
27931,1
27933,2
27934,3
27935,0
27937,3
27938,2
27939,3
27940,2
27943,0
27947,3
27948,4
27950,2
27951,1
27953,3
27954,5
27955,0
27959,3
27965,3
27966,3
27967,4
27969,3
27970,0
27974,3
27975,3
27976,1
27977,3
27979,3
27980,0
27982,3
27983,3
27984,2
27985,4
27986,2
27987,0
27988,0
27989,2
27990,2
27992,4
27993,4
27994,2
27997,2
28000,4
28001,3
28002,0
28005,0
28006,5
28007,3
28008,0
28009,2
28011,3
28014,1
28018,0
28020,5
28021,0
28022,0
28023,4
28024,3
28026,3
28028,3
28029,2
28030,3
28031,3
28032,4
28034,4
28036,5
28038,1
28039,4
28040,3
28041,2
28042,4
28045,3
28046,4
28047,3
28049,3
28050,4
28052,2
28053,3
28054,3
28055,0
28056,4
28057,0
28058,2
28059,0
28060,2
28061,2
28063,0
28065,3
28066,4
28067,2
28068,3
28069,1
28072,5
28074,0
28075,4
28076,2
28079,2
28080,4
28081,1
28083,2
28085,0
28087,0
28091,0
28092,5
28093,2
28094,2
28095,3
28098,4
28100,3
28101,4
28102,3
28103,3
28104,0
28105,2
28107,0
28108,5
28110,4
28111,4
28112,1
28114,2
28116,4
28118,2
28120,4
28121,3
28122,1
28123,4
28125,1
28126,3
28130,2
28131,0
28132,5
28133,3
28134,4
28135,5
28137,5
28140,4
28141,1
28142,2
28143,4
28144,3
28146,2
28148,4
28149,2
28150,5
28151,2
28152,2
28153,3
28154,2
28157,5
28158,2
28161,0
28162,2
28164,0
28165,3
28166,3
28167,4
28168,2
28169,2
28170,5
28171,3
28172,1
28173,0
28175,1
28176,3
28177,2
28178,2
28180,5
28181,0
28182,2
28183,4
28184,3
28185,2
28186,2
28187,1
28192,3
28193,4
28194,5
28195,3
28198,4
28199,1
28200,3
28201,1
28203,2
28204,3
28205,3
28206,5
28208,0
28209,3
28210,2
28211,2
28212,2
28213,3
28214,3
28215,3
28216,5
28217,0
28219,1
28220,5
28221,3
28223,4
28224,3
28227,1
28228,5
28229,0
28230,3
28231,2
28232,5
28233,5
28234,3
28235,5
28238,3
28240,0
28241,3
28242,1
28243,0
28244,4
28245,3
28246,3
28247,2
28248,2
28249,0
28250,4
28252,2
28253,0
28254,4
28255,5
28257,1
28259,3
28260,2
28261,0
28262,0
28263,0
28264,4
28265,3
28266,2
28269,4
28270,4
28272,2
28273,3
28274,0
28275,5
28276,2
28277,0
28278,3
28279,4
28280,1
28282,4
28283,1
28284,3
28285,4
28286,2
28288,0
28290,0
28294,2
28295,5
28296,4
28297,3
28298,1
28300,2
28301,4
28302,2
28303,5
28304,2
28305,3
28306,1
28307,2
28308,4
28309,4
28310,3
28312,3
28313,1
28314,5
28315,0
28316,4
28317,1
28321,4
28322,3
28323,4
28326,2
28327,4
28328,3
28329,1
28330,3
28331,4
28332,3
28334,3
28341,5
28342,0
28343,3
28344,3
28345,3
28346,5
28348,0
28349,2
28350,3
28352,5
28353,3
28354,5
28355,3
28358,2
28359,1
28362,1
28363,3
28364,3
28365,1
28366,3
28369,5
28370,2
28371,2
28372,2
28374,2
28375,1
28376,2
28377,4
28379,1
28381,4
28382,0
28383,5
28384,3
28385,5
28387,3
28388,4
28389,2
28391,3
28395,1
28397,0
28398,4
28399,4
28400,2
28403,3
28404,3
28405,4
28406,5
28407,5
28409,3
28410,3
28411,1
28414,4
28415,3
28417,0
28418,1
28419,4
28420,2
28421,2
28422,2
28423,3
28424,3
28425,2
28427,4
28429,4
28431,2
28433,2
28434,5
28435,1
28437,4
28439,5
28440,2
28441,5
28442,1
28444,4
28445,4
28446,2
28447,3
28451,1
28452,3
28453,1
28454,3
28455,5
28456,5
28459,3
28461,2
28462,2
28463,3
28464,5
28465,1
28466,3
28468,4
28469,3
28471,4
28472,2
28473,3
28476,3
28482,4
28483,5
28485,2
28486,1
28487,2
28489,5
28491,4
28492,4
28493,3
28495,3
28497,4
28498,0
28501,4
28504,2
28505,3
28506,3
28507,2
28508,1
28511,3
28512,2
28514,2
28515,3
28516,3
28517,2
28518,5
28521,0
28525,3
28526,3
28527,3
28528,4
28530,2
28531,3
28533,3
28535,2
28537,4
28539,4
28540,2
28542,2
28543,3
28544,4
28545,4
28547,4
28548,4
28549,3
28550,3
28551,2
28552,5
28553,3
28556,5
28557,5
28558,0
28559,1
28560,3
28561,1
28563,3
28564,4
28565,0
28566,3
28567,2
28570,2
28572,2
28573,4
28574,1
28575,5
28576,5
28578,4
28579,1
28582,2
28583,1
28584,2
28585,0
28586,3
28587,5
28588,3
28590,2
28592,4
28593,1
28594,1
28595,3
28596,1
28597,0
28599,3
28600,2
28601,2
28602,5
28603,1
28604,0
28605,2
28607,2
28608,3
28609,2
28612,3
28613,0
28614,2
28615,2
28617,5
28618,2
28619,2
28621,3
28622,2
28624,0
28625,4
28626,4
28629,5
28630,4
28631,2
28632,4
28633,4
28634,4
28635,2
28636,3
28637,4
28639,1
28640,1
28642,1
28643,3
28644,4
28645,4
28647,3
28648,0
28649,3
28650,4
28652,2
28653,2
28655,4
28656,2
28659,2
28660,4
28661,1
28662,2
28663,4
28664,2
28666,3
28667,3
28668,0
28670,3
28671,1
28672,0
28673,1
28674,1
28675,1
28676,4
28678,3
28680,2
28681,3
28684,1
28685,3
28688,4
28689,1
28690,1
28691,0
28693,2
28694,5
28695,3
28696,2
28697,5
28698,1
28699,2
28700,0
28702,2
28706,4
28707,0
28708,2
28709,2
28710,3
28712,0
28713,5
28714,5
28717,3
28718,3
28720,1
28721,3
28722,0
28723,2
28725,3
28727,4
28728,5
28729,5
28730,5
28731,2
28732,2
28733,5
28734,3
28737,5
28738,2
28739,3
28740,4
28742,5
28743,3
28744,5
28746,2
28747,5
28748,3
28749,4
28750,3
28751,3
28752,2
28754,5
28755,5
28757,3
28758,5
28759,3
28760,2
28761,5
28762,4
28763,0
28764,0
28766,2
28767,2
28768,3
28769,3
28771,3
28772,2
28773,4
28775,4
28776,1
28777,4
28778,1
28779,4
28780,2
28781,0
28782,3
28783,2
28785,2
28786,2
28787,1
28788,5
28789,2
28790,4
28793,3
28795,3
28796,4
28798,3
28799,4
28802,2
28804,3
28806,3
28809,3
28810,2
28811,3
28815,4
28816,4
28819,3
28820,5
28822,1
28823,1
28825,4
28826,5
28827,3
28828,3
28829,3
28831,1
28832,2
28834,2
28836,0
28837,2
28839,4
28840,4
28841,4
28844,5
28845,0
28846,0
28847,3
28848,3
28850,2
28851,3
28853,4
28854,4
28856,3
28857,4
28859,0
28860,2
28864,3
28866,5
28867,2
28869,2
28871,3
28872,2
28874,1
28875,3
28877,1
28878,1
28879,3
28880,4
28882,4
28883,3
28884,0
28885,3
28886,2
28887,2
28888,2
28889,4
28890,5
28891,3
28893,5
28894,2
28895,3
28897,3
28899,3
28900,3
28901,1
28903,2
28904,2
28908,0
28909,3
28910,5
28915,2
28916,0
28918,3
28919,4
28921,3
28922,0
28924,0
28926,2
28927,3
28928,4
28929,5
28932,0
28933,3
28934,3
28935,1
28936,1
28938,4
28939,3
28941,2
28942,2
28943,2
28944,4
28947,3
28948,2
28949,3
28950,5
28953,0
28954,1
28955,2
28958,5
28959,3
28962,0
28963,3
28965,0
28966,4
28967,2
28968,4
28969,2
28970,5
28971,2
28973,5
28974,0
28976,1
28977,1
28978,3
28979,3
28980,5
28981,4
28982,3
28984,5
28985,0
28987,0
28989,3
28993,4
28995,3
28996,5
28997,3
28998,3
28999,1
29002,4
29003,2
29004,2
29005,3
29007,1
29009,2
29010,2
29011,2
29012,1
29013,0
29014,2
29016,3
29019,4
29020,4
29021,2
29022,0
29023,5
29024,3
29025,0
29026,0
29027,1
29030,1
29033,1
29034,2
29035,3
29036,2
29037,2
29038,5
29039,1
29040,0
29041,2
29042,3
29043,2
29046,4
29047,3
29048,2
29050,0
29051,2
29053,3
29054,0
29055,4
29057,1
29058,1
29059,5
29061,2
29063,5
29066,0
29069,3
29071,1
29072,3
29073,3
29074,4
29075,0
29076,3
29077,4
29078,3
29079,4
29080,3
29081,1
29082,3
29083,2
29084,3
29085,2
29086,3
29087,1
29089,4
29090,1
29092,4
29094,4
29095,3
29096,1
29097,3
29099,1
29100,4
29102,2
29103,4
29104,3
29105,5
29107,2
29111,4
29112,4
29113,0
29114,3
29116,2
29117,3
29118,3
29119,3
29120,4
29121,5
29122,4
29123,4
29126,2
29127,1
29128,0
29129,5
29130,0
29133,2
29134,5
29135,2
29136,3
29137,4
29139,4
29142,3
29143,4
29144,3
29145,2
29147,1
29148,1
29149,3
29150,0
29151,0
29152,4
29153,4
29157,1
29159,2
29160,5
29161,4
29165,2
29166,0
29167,0
29168,5
29170,3
29171,0
29173,4
29174,2
29175,5
29176,3
29177,4
29178,3
29179,5
29180,3
29181,3
29185,0
29187,4
29189,2
29190,4
29191,4
29193,5
29194,3
29195,1
29196,3
29197,5
29198,4
29200,0
29201,5
29203,2
29204,3
29206,3
29207,4
29208,3
29209,0
29210,0
29211,4
29212,1
29214,3
29216,4
29219,3
29220,4
29221,2
29223,2
29224,0
29225,3
29226,3
29228,3
29230,2
29231,2
29232,3
29234,3
29236,3
29239,3
29240,3
29241,2
29242,5
29243,3
29244,5
29245,3
29246,2
29247,2
29248,4
29249,4
29250,5
29251,1
29252,5
29253,3
29254,1
29255,2
29257,0
29261,2
29262,3
29263,3
29264,2
29265,0
29266,2
29267,1
29268,1
29269,1
29270,2
29271,0
29272,3
29273,3
29274,1
29275,1
29276,2
29277,0
29278,5
29279,3
29281,2
29282,1
29284,3
29285,3
29286,3
29287,2
29289,0
29290,2
29292,3
29294,1
29297,5
29298,3
29299,5
29300,2
29301,5
29302,2
29303,4
29305,4
29307,4
29308,5
29310,3
29311,2
29313,2
29314,0
29315,4
29317,3
29318,4
29319,2
29321,1
29323,1
29324,3
29325,0
29327,3
29328,2
29330,3
29331,4
29332,0
29333,2
29335,4
29338,3
29341,3
29342,3
29343,2
29345,4
29346,5
29347,3
29348,2
29349,3
29350,0
29351,3
29352,3
29353,3
29354,3
29356,4
29359,3
29360,2
29362,2
29363,4
29364,3
29365,3
29366,1
29367,2
29368,3
29369,2
29370,1
29371,2
29372,3
29373,2
29374,3
29375,3
29376,2
29378,2
29379,2
29380,5
29382,5
29383,4
29384,4
29385,2
29386,3
29387,5
29388,2
29389,0
29390,2
29395,4
29396,2
29397,0
29398,3
29399,2
29400,3
29401,2
29402,3
29403,2
29405,0
29406,3
29407,4
29409,5
29410,5
29411,3
29412,2
29413,3
29415,5
29416,5
29418,3
29419,3
29420,3
29421,4
29423,4
29425,2
29427,5
29428,3
29429,3
29430,2
29432,4
29434,0
29435,2
29437,0
29438,0
29442,1
29443,4
29444,4
29445,3
29446,5
29448,1
29449,2
29451,2
29452,2
29453,2
29455,3
29456,4
29457,4
29459,4
29462,3
29463,0
29465,1
29466,0
29467,3
29469,1
29471,3
29472,2
29473,2
29474,2
29476,4
29477,5
29479,0
29480,2
29481,3
29482,3
29483,4
29486,4
29487,1
29488,2
29491,5
29492,3
29495,0
29497,3
29498,4
29502,0
29503,4
29504,3
29505,2
29506,2
29507,4
29508,5
29510,1
29511,5
29513,3
29514,0
29516,3
29517,2
29521,0
29522,3
29523,4
29524,4
29525,2
29526,0
29527,3
29529,0
29532,2
29533,5
29534,1
29540,1
29541,2
29542,5
29543,3
29544,4
29545,1
29546,5
29547,2
29548,3
29551,2
29552,1
29553,0
29555,4
29560,3
29561,4
29562,4
29564,1
29565,4
29567,4
29568,1
29570,0
29571,3
29572,1
29573,2
29574,3
29577,2
29578,3
29579,4
29580,0
29582,4
29584,2
29585,4
29586,5
29587,4
29588,0
29589,0
29590,4
29593,2
29594,4
29595,1
29596,3
29597,2
29598,2
29599,2
29602,5
29605,2
29606,3
29607,4
29608,3
29609,0
29611,0
29612,3
29613,3
29614,5
29615,2
29617,0
29618,3
29619,3
29620,2
29622,3
29623,2
29624,4
29626,3
29627,3
29629,3
29631,2
29632,2
29633,2
29635,5
29637,3
29640,2
29642,3
29644,3
29646,5
29648,5
29649,4
29653,1
29655,2
29656,0
29660,0
29661,2
29662,5
29663,2
29664,4
29666,3
29667,2
29668,2
29672,3
29673,3
29674,1
29675,4
29676,3
29677,5
29678,1
29680,2
29681,5
29683,3
29684,0
29686,4
29687,3
29688,3
29689,4
29691,5
29693,3
29694,3
29695,4
29696,3
29698,4
29699,4
29700,3
29701,4
29703,4
29704,3
29706,2
29707,0
29709,2
29710,5
29711,2
29712,2
29713,3
29715,2
29716,2
29717,1
29720,4
29723,1
29724,1
29725,5
29726,3
29728,3
29729,4
29730,0
29731,0
29732,3
29733,4
29734,2
29735,2
29737,2
29740,3
29741,0
29742,3
29744,2
29746,3
29747,0
29748,3
29749,3
29751,3
29752,0
29753,5
29754,3
29755,3
29756,2
29757,3
29760,2
29762,1
29763,2
29766,3
29768,5
29771,4
29772,3
29773,0
29774,2
29776,4
29777,2
29779,2
29780,2
29782,4
29783,2
29784,5
29785,5
29786,0
29787,1
29789,1
29790,2
29791,3
29792,2
29794,4
29795,3
29797,3
29799,2
29802,2
29805,0
29806,3
29807,4
29808,3
29809,4
29812,2
29817,3
29818,4
29819,4
29820,3
29822,0
29823,4
29824,1
29825,5
29826,3
29827,3
29830,1
29831,1
29833,3
29834,5
29835,5
29836,5
29837,2
29838,4
29839,3
29840,4
29841,3
29842,5
29843,5
29845,0
29847,2
29848,3
29849,0
29850,5
29852,0
29854,4
29855,4
29856,0
29857,2
29858,3
29859,3
29860,2
29865,4
29866,3
29869,2
29872,0
29874,4
29875,5
29876,1
29877,3
29878,2
29880,3
29881,5
29882,4
29884,3
29886,2
29887,3
29889,2
29890,3
29891,2
29892,0
29893,2
29894,1
29895,2
29896,3
29899,0
29900,4
29901,3
29908,2
29909,1
29910,5
29913,4
29914,2
29916,2
29917,4
29918,1
29919,5
29920,4
29921,3
29922,4
29923,3
29924,3
29925,4
29928,1
29930,0
29933,0
29935,3
29936,3
29937,3
29938,4
29940,2
29942,5
29943,4
29945,3
29946,1
29947,4
29948,4
29949,3
29951,5
29952,5
29956,3
29958,2
29959,2
29960,3
29961,4
29962,2
29963,3
29964,3
29965,3
29967,2
29969,4
29970,4
29971,4
29972,3
29974,2
29975,1
29977,3
29978,5
29979,3
29981,2
29983,3
29984,2
29985,4
29987,3
29988,0
29990,2
29991,2
29994,5
29996,0
29997,4
30001,3
30004,3
30005,3
30006,2
30007,1
30008,5
30009,0
30010,4
30011,5
30012,5
30014,2
30015,1
30016,3
30017,3
30018,3
30020,1
30022,5
30023,0
30024,2
30025,3
30027,4
30028,2
30029,5
30031,0
30032,3
30033,3
30034,4
30035,5
30036,1
30038,3
30039,3
30040,2
30041,0
30042,0
30043,2
30044,2
30045,4
30047,4
30048,5
30050,2
30053,3
30054,4
30055,1
30056,5
30057,2
30058,5
30059,2
30060,4
30062,2
30063,2
30064,4
30065,3
30066,0
30067,4
30068,4
30071,3
30072,1
30073,4
30076,1
30077,3
30079,0
30080,0
30081,3
30082,4
30083,3
30084,3
30085,3
30086,1
30087,3
30088,0
30090,1
30092,2
30095,3
30096,5
30097,3
30098,4
30099,5
30101,3
30102,2
30103,2
30104,5
30107,4
30108,2
30110,3
30112,1
30114,0
30115,3
30117,1
30118,4
30120,3
30122,3
30123,4
30124,3
30125,5
30126,2
30127,1
30128,4
30129,3
30130,4
30131,2
30133,4
30135,2
30136,5
30137,3
30139,3
30141,5
30142,1
30143,3
30145,1
30146,2
30147,2
30148,4
30149,4
30150,3
30151,3
30152,4
30153,0
30154,2
30155,4
30156,2
30157,4
30158,5
30159,3
30164,3
30165,5
30167,4
30168,3
30169,3
30170,5
30171,3
30172,3
30173,3
30174,2
30175,3
30176,5
30177,4
30178,5
30179,5
30180,3
30181,2
30183,2
30184,3
30185,2
30186,5
30187,3
30189,2
30190,2
30191,3
30192,0
30193,3
30195,5
30196,3
30198,0
30199,4
30203,2
30204,5
30205,2
30207,4
30209,5
30210,2
30211,2
30213,2
30214,1
30215,2
30217,5
30220,2
30221,2
30222,4
30223,5
30224,2
30225,2
30226,2
30227,2
30228,0
30229,5
30230,2
30231,2
30232,3
30233,4
30234,3
30235,3
30236,3
30237,4
30239,3
30240,5
30241,2
30242,1
30243,4
30244,1
30245,3
30246,2
30247,0
30249,2
30250,1
30251,1
30252,4
30256,2
30259,4
30260,2
30261,3
30262,4
30263,2
30264,5
30266,3
30267,3
30270,1
30272,1
30273,0
30275,3
30276,0
30277,0
30278,3
30280,5
30282,3
30283,0
30284,1
30285,2
30287,1
30288,3
30289,4
30291,4
30293,3
30294,2
30296,3
30297,5
30298,3
30300,5
30301,5
30302,0
30304,3
30305,2
30306,2
30307,5
30308,2
30311,3
30312,1
30313,0
30315,3
30319,3
30320,1
30321,2
30323,3
30324,3
30325,3
30327,2
30328,4
30329,4
30330,3
30332,4
30336,2
30338,4
30339,3
30340,3
30342,2
30343,1
30344,1
30346,4
30347,2
30348,2
30349,3
30350,3
30354,3
30355,0
30356,0
30357,1
30358,2
30360,5
30361,5
30362,3
30363,1
30365,5
30366,2
30368,3
30369,3
30370,0
30371,4
30372,1
30374,2
30375,2
30377,5
30378,5
30379,2
30382,4
30384,1
30385,0
30387,4
30388,3
30389,2
30391,3
30392,4
30393,3
30395,1
30397,2
30399,4
30401,3
30403,2
30405,3
30406,0
30408,0
30410,3
30413,5
30415,2
30417,2
30418,2
30419,5
30421,2
30422,3
30423,3
30424,2
30425,2
30426,5
30427,1
30428,5
30429,3
30430,1
30431,0
30434,3
30435,2
30439,2
30440,2
30442,3
30443,4
30444,3
30446,4
30447,3
30448,5
30449,4
30451,5
30452,0
30453,2
30454,3
30456,2
30458,3
30459,3
30462,2
30463,1
30464,2
30465,4
30467,3
30470,5
30472,2
30474,2
30475,1
30477,4
30478,2
30480,0
30482,2
30483,0
30484,3
30486,1
30488,0
30489,4
30490,2
30491,3
30493,3
30494,3
30495,3
30496,1
30497,5
30498,0
30499,2
30500,1
30501,3
30504,2
30505,2
30508,0
30509,2
30512,1
30513,2
30514,3
30515,3
30517,3
30518,2
30519,4
30523,2
30524,1
30525,5
30527,5
30528,3
30529,4
30530,4
30531,3
30532,0
30533,0
30534,5
30535,4
30536,0
30537,4
30539,2
30541,3
30544,0
30546,2
30547,1
30548,2
30552,0
30553,4
30554,2
30555,2
30556,1
30557,5
30558,2
30560,3
30561,2
30562,3
30565,5
30567,1
30569,3
30570,3
30572,0
30573,3
30574,0
30578,5
30579,1
30580,3
30581,0
30582,4
30583,0
30584,4
30585,3
30586,1
30587,4
30588,0
30589,1
30592,5
30593,3
30594,2
30596,3
30597,3
30599,1
30600,3
30602,5
30603,5
30604,1
30605,5
30606,0
30608,4
30609,4
30610,4
30611,4
30612,1
30614,2
30617,3
30618,1
30619,5
30620,2
30621,0
30624,3
30625,5
30626,5
30628,4
30629,5
30633,3
30634,2
30637,4
30638,4
30639,1
30640,1
30641,3
30642,4
30643,5
30644,3
30645,4
30647,2
30648,4
30651,5
30652,1
30653,4
30654,2
30655,5
30656,4
30658,3
30660,2
30662,1
30663,4
30664,5
30665,2
30666,3
30667,2
30669,4
30670,5
30671,2
30673,3
30674,3
30675,1
30676,2
30677,0
30679,3
30680,4
30681,3
30687,2
30688,1
30689,2
30690,3
30692,3
30693,0
30694,2
30695,2
30696,3
30697,3
30698,2
30699,3
30700,3
30701,2
30702,5
30703,2
30705,1
30707,1
30708,3
30709,3
30710,3
30711,0
30712,1
30713,1
30714,0
30715,1
30716,3
30719,3
30722,4
30723,2
30724,3
30725,4
30726,5
30727,0
30728,3
30730,3
30731,4
30732,5
30733,4
30734,3
30736,3
30737,3
30739,2
30741,2
30742,3
30743,3
30744,3
30748,1
30749,3
30751,0
30753,3
30755,1
30756,4
30757,2
30758,2
30762,1
30763,3
30764,0
30767,4
30770,5
30771,0
30772,2
30773,1
30774,3
30775,4
30776,2
30777,2
30778,5
30781,4
30782,2
30783,5
30784,0
30786,3
30789,5
30790,3
30791,1
30792,3
30793,5
30794,3
30795,3
30796,2
30797,5
30798,2
30799,4
30800,2
30801,4
30802,3
30803,4
30804,3
30805,3
30810,3
30813,2
30814,4
30815,2
30816,5
30817,3
30818,0
30820,5
30821,1
30822,4
30823,3
30827,3
30829,0
30830,0
30831,3
30833,4
30834,0
30835,2
30836,2
30837,0
30838,1
30839,5
30840,4
30841,2
30843,2
30844,5
30845,3
30846,1
30848,3
30849,2
30850,2
30852,3
30853,0
30856,4
30858,2
30860,3
30861,4
30862,5
30864,1
30869,5
30870,3
30872,5
30873,1
30874,2
30875,1
30877,2
30878,3
30880,5
30881,4
30882,3
30884,3
30885,2
30886,2
30887,5
30888,1
30889,0
30890,3
30891,3
30893,4
30895,1
30896,0
30897,3
30898,3
30899,3
30900,3
30904,3
30905,1
30906,1
30907,0
30908,5
30909,3
30910,4
30911,2
30913,3
30914,2
30915,3
30916,5
30917,1
30919,4
30920,1
30921,4
30922,3
30925,2
30926,4
30927,1
30928,1
30929,2
30931,1
30932,3
30933,3
30937,3
30939,3
30940,4
30941,3
30942,1
30943,3
30944,3
30945,4
30947,5
30949,3
30950,3
30951,4
30952,3
30953,2
30954,2
30955,3
30956,5
30957,1
30960,4
30961,3
30962,0
30963,2
30964,2
30966,4
30967,2
30968,3
30969,0
30971,2
30972,2
30973,5
30974,3
30977,4
30979,1
30980,5
30982,3
30983,3
30984,3
30985,1
30986,2
30987,2
30988,3
30989,4
30990,2
30992,2
30993,3
30994,3
30996,4
30997,1
31000,3
31001,0
31003,3
31004,0
31006,5
31007,0
31008,3
31009,3
31010,3
31012,2
31015,2
31017,3
31018,4
31019,3
31020,3
31021,0
31022,3
31026,2
31028,1
31030,2
31031,4
31032,3
31033,3
31034,4
31035,3
31036,3
31037,3
31038,2
31039,5
31040,3
31042,3
31044,3
31047,3
31048,3
31049,4
31056,2
31057,4
31058,1
31061,5
31062,3
31065,4
31066,3
31067,3
31068,4
31069,4
31070,4
31071,3
31072,4
31073,4
31074,2
31075,5
31078,3
31079,1
31080,2
31082,4
31083,3
31084,3
31085,5
31086,3
31088,3
31089,4
31090,1
31091,4
31092,3
31096,5
31097,1
31098,2
31099,0
31100,5
31101,4
31103,1
31104,5
31105,4
31108,4
31109,5
31110,3
31111,4
31112,4
31116,5
31117,3
31118,3
31119,3
31121,4
31122,4
31123,3
31126,4
31127,0
31129,2
31132,3
31133,2
31136,0
31137,0
31138,4
31139,0
31141,4
31142,2
31144,3
31145,4
31147,5
31148,2
31151,5
31152,2
31153,3
31154,0
31155,4
31157,5
31158,5
31160,5
31161,2
31162,5
31163,4
31164,3
31165,2
31166,2
31167,3
31168,3
31170,3
31173,5
31174,1
31175,2
31177,0
31178,4
31180,2
31181,5
31183,0
31184,2
31185,5
31186,1
31188,3
31189,4
31190,1
31191,3
31193,2
31195,3
31196,2
31197,3
31198,2
31199,4
31200,3
31201,1
31202,5
31203,2
31204,2
31205,0
31206,3
31208,3
31209,3
31210,0
31211,2
31212,3
31213,5
31214,2
31215,1
31216,0
31217,3
31218,4
31219,4
31220,5
31222,0
31223,3
31224,3
31225,0
31226,4
31228,1
31229,2
31230,5
31231,2
31233,4
31235,4
31237,3
31240,3
31241,3
31242,2
31243,2
31244,4
31246,4
31247,5
31248,1
31251,2
31253,5
31254,4
31257,1
31258,3
31260,3
31261,1
31262,0
31264,3
31265,4
31266,1
31267,0
31268,3
31269,5
31270,0
31271,3
31272,4
31273,0
31274,5
31275,3
31276,0
31277,5
31278,0
31279,2
31280,2
31281,4
31283,3
31284,1
31285,1
31286,2
31287,2
31288,1
31290,5
31291,4
31292,1
31294,2
31295,4
31296,0
31297,2
31298,2
31299,3
31300,5
31301,5
31303,0
31304,3
31305,3
31307,3
31309,3
31310,3
31312,3
31313,4
31314,3
31317,4
31321,2
31322,2
31323,2
31324,5
31326,3
31328,4
31329,3
31330,3
31332,3
31333,2
31334,3
31336,3
31339,0
31341,2
31342,0
31344,2
31345,0
31346,3
31347,1
31348,5
31349,3
31352,3
31353,2
31355,4
31356,2
31357,4
31359,1
31360,3
31362,0
31363,4
31364,3
31365,4
31369,4
31371,2
31372,3
31374,2
31375,1
31377,3
31378,3
31379,0
31380,4
31381,4
31383,4
31384,4
31385,0
31387,3
31388,1
31390,2
31393,2
31394,5
31395,1
31396,2
31398,5
31399,3
31400,3
31401,1
31402,2
31403,4
31404,3
31405,3
31406,5
31407,4
31409,2
31411,4
31412,3
31413,3
31415,4
31417,4
31418,3
31420,1
31421,1
31422,2
31423,4
31424,5
31425,4
31426,4
31429,3
31431,4
31433,3
31436,3
31438,1
31443,2
31444,2
31445,5
31446,0
31448,3
31449,2
31450,4
31451,3
31452,1
31453,2
31454,2
31455,2
31457,0
31458,2
31459,1
31460,2
31461,4
31463,0
31464,5
31465,4
31466,0
31467,4
31468,5
31469,2
31470,3
31471,3
31472,2
31473,2
31474,2
31476,1
31478,4
31480,3
31481,4
31482,0
31483,3
31485,2
31488,0
31489,2
31490,0
31491,2
31492,1
31493,2
31494,2
31495,2
31496,3
31497,0
31498,2
31499,4
31502,2
31503,1
31504,0
31506,0
31507,3
31508,1
31510,0
31511,4
31512,3
31513,2
31515,3
31517,4
31519,4
31520,0
31521,1
31523,2
31524,2
31525,5
31526,0
31527,1
31528,4
31530,3
31531,1
31533,4
31535,3
31536,1
31537,2
31538,3
31539,0
31540,0
31541,2
31542,4
31543,4
31544,1
31545,3
31547,3
31548,5
31549,4
31552,0
31553,0
31554,0
31555,5
31556,5
31557,2
31558,2
31559,4
31560,0
31561,3
31562,3
31563,3
31564,2
31565,3
31567,3
31568,0
31569,5
31570,0
31571,2
31572,1
31573,3
31574,3
31576,2
31577,3
31579,2
31580,0
31581,3
31584,4
31587,2
31588,1
31589,4
31590,2
31593,3
31594,5
31595,4
31596,3
31597,2
31600,5
31601,0
31605,3
31606,3
31607,4
31608,2
31610,4
31611,2
31612,0
31613,3
31614,3
31615,2
31616,1
31619,0
31620,5
31621,2
31622,4
31623,2
31624,0
31625,3
31626,0
31627,1
31628,2
31629,1
31630,2
31631,1
31632,3
31634,0
31635,3
31637,3
31638,3
31639,3
31642,4
31643,4
31644,0
31645,5
31646,2
31647,0
31648,2
31649,3
31650,2
31651,3
31652,0
31653,4
31654,4
31656,3
31657,1
31658,4
31659,2
31660,0
31661,2
31662,5
31663,5
31664,3
31665,5
31666,0
31667,4
31668,3
31670,2
31671,2
31672,1
31674,2
31677,4
31678,4
31679,3
31681,3
31682,0
31683,3
31684,0
31685,1
31686,4
31687,0
31688,3
31690,4
31691,2
31693,2
31694,3
31695,4
31696,3
31697,3
31699,4
31700,5
31701,0
31702,3
31703,1
31704,1
31705,3
31706,0
31707,2
31708,4
31709,3
31710,5
31712,1
31713,3
31714,3
31716,4
31717,4
31718,3
31720,2
31721,2
31722,1
31723,1
31724,4
31726,5
31727,0
31729,5
31730,4
31732,3
31733,2
31734,2
31736,5
31737,5
31738,2
31739,1
31741,4
31742,5
31743,3
31744,3
31746,2
31750,2
31751,3
31752,5
31754,0
31755,4
31756,1
31757,4
31758,1
31759,0
31760,5
31761,0
31762,2
31765,1
31766,0
31767,0
31768,3
31769,2
31770,0
31771,3
31772,2
31773,3
31774,2
31776,2
31778,3
31779,3
31780,2
31781,5
31782,3
31783,3
31784,1
31786,2
31787,1
31788,3
31789,2
31790,1
31794,3
31797,3
31800,2
31801,2
31802,1
31804,1
31807,4
31808,4
31811,3
31815,3
31818,3
31819,3
31821,3
31823,5
31826,4
31827,5
31828,0
31829,5
31830,2
31831,0
31832,4
31833,0
31834,2
31835,3
31836,0
31838,3
31839,3
31841,3
31842,5
31843,4
31844,0
31846,3
31848,3
31849,0
31850,2
31851,1
31854,0
31855,1
31856,5
31859,3
31860,5
31861,0
31862,2
31863,3
31864,3
31865,0
31866,0
31867,5
31868,2
31870,0
31872,1
31873,3
31874,2
31875,5
31876,2
31877,1
31878,5
31879,4
31881,2
31882,4
31883,5
31884,4
31886,3
31887,2
31889,3
31890,1
31892,2
31893,3
31894,2
31896,2
31897,2
31898,2
31899,5
31900,1
31901,0
31902,3
31903,5
31904,3
31905,3
31907,3
31908,1
31909,0
31910,5
31912,5
31913,3
31916,2
31917,0
31918,5
31920,5
31921,3
31923,2
31924,3
31925,2
31928,5
31929,3
31930,0
31933,4
31934,3
31936,3
31937,2
31938,2
31939,2
31940,3
31941,5
31942,3
31943,2
31944,2
31945,3
31946,2
31947,1
31948,5
31949,3
31951,2
31953,3
31954,3
31956,2
31958,4
31959,0
31960,3
31962,5
31963,3
31964,5
31965,4
31966,4
31970,1
31971,5
31972,4
31974,2
31975,2
31979,1
31980,2
31981,2
31985,5
31988,1
31990,5
31991,3
31992,3
31993,0
31996,0
31997,0
31999,5
32002,5
32004,2
32009,3
32011,3
32012,0
32013,3
32017,4
32021,0
32022,1
32023,2
32025,1
32026,5
32030,5
32031,0
32032,4
32033,3
32034,3
32035,2
32036,0
32037,4
32038,2
32039,5
32040,4
32041,0
32042,3
32043,0
32045,2
32047,2
32049,2
32051,3
32052,3
32053,2
32054,3
32056,2
32058,1
32060,3
32062,3
32063,2
32064,0
32065,2
32067,5
32069,5
32071,0
32072,4
32073,2
32075,2
32079,3
32080,2
32081,3
32082,4
32083,4
32085,5
32086,1
32088,4
32089,4
32090,2
32091,4
32092,3
32093,2
32094,3
32095,3
32096,5
32097,3
32098,5
32099,0
32100,3
32101,5
32103,3
32104,2
32106,2
32107,3
32108,2
32110,2
32111,1
32113,5
32114,3
32115,2
32116,2
32117,5
32118,1
32119,4
32121,3
32124,5
32125,3
32126,5
32128,3
32130,0
32131,3
32132,2
32133,2
32138,1
32139,3
32141,5
32142,2
32145,3
32146,3
32148,1
32149,4
32150,3
32152,4
32153,3
32154,4
32155,4
32157,2
32160,3
32162,2
32164,3
32165,3
32166,0
32168,2
32169,3
32170,0
32171,2
32172,3
32174,2
32175,3
32176,4
32177,0
32178,3
32179,4
32182,1
32185,1
32187,5
32188,2
32189,3
32190,3
32192,0
32194,1
32195,3
32196,4
32199,4
32200,1
32202,5
32204,1
32205,3
32206,3
32209,0
32210,0
32211,4
32212,2
32213,3
32214,0
32215,3
32216,3
32217,5
32218,1
32219,4
32221,0
32223,3
32224,5
32226,0
32229,5
32230,4
32231,3
32232,2
32233,0
32235,4
32237,4
32238,2
32239,1
32240,2
32241,4
32243,4
32244,0
32245,2
32246,4
32248,2
32250,5
32251,2
32252,5
32255,3
32256,1
32257,4
32258,3
32259,1
32260,3
32261,4
32264,2
32266,4
32267,3
32268,3
32269,3
32270,3
32271,1
32272,2
32273,3
32275,2
32276,2
32277,4
32278,2
32279,3
32280,2
32282,2
32283,1
32284,2
32285,3
32286,3
32287,4
32289,3
32291,5
32292,4
32294,3
32295,4
32297,0
32298,3
32299,4
32300,2
32303,4
32306,2
32308,3
32309,4
32310,0
32311,3
32312,2
32316,5
32317,2
32318,0
32320,3
32321,3
32322,4
32323,0
32324,3
32325,4
32326,4
32327,2
32328,3
32329,5
32332,3
32333,2
32334,4
32335,3
32337,1
32338,2
32339,1
32342,0
32343,2
32344,3
32345,1
32346,4
32348,5
32349,5
32350,2
32351,5
32352,4
32353,4
32354,3
32355,3
32356,0
32357,2
32358,2
32359,1
32360,2
32361,2
32362,5
32363,4
32365,0
32366,2
32367,3
32369,5
32370,5
32371,0
32372,5
32374,2
32375,5
32376,2
32377,3
32378,0
32379,4
32380,2
32381,4
32382,0
32384,1
32387,3
32388,3
32390,3
32391,1
32392,0
32393,4
32394,4
32396,4
32398,5
32400,5
32401,3
32402,5
32405,2
32407,0
32409,2
32412,1
32416,5
32417,4
32419,4
32421,3
32423,3
32424,0
32426,3
32428,2
32429,3
32430,3
32431,3
32432,2
32433,0
32434,2
32436,3
32437,5
32438,2
32439,3
32440,3
32442,4
32443,4
32446,1
32447,2
32451,3
32452,4
32453,3
32455,3
32458,1
32462,2
32463,1
32464,3
32465,1
32466,3
32468,4
32469,3
32470,0
32472,2
32473,5
32474,1
32475,5
32476,2
32480,2
32481,2
32482,3
32483,0
32484,4
32485,3
32486,1
32488,3
32489,3
32490,4
32491,2
32492,5
32493,3
32494,2
32495,5
32497,3
32498,4
32499,3
32500,3
32501,3
32503,5
32504,4
32506,3
32507,4
32508,4
32511,1
32514,2
32515,2
32516,4
32517,2
32518,2
32521,2
32522,4
32524,3
32525,3
32526,2
32527,3
32529,0
32530,4
32531,4
32532,3
32534,2
32535,3
32536,5
32538,3
32539,0
32540,3
32542,5
32543,3
32544,4
32548,3
32549,4
32550,4
32551,0
32552,2
32553,2
32555,4
32556,1
32559,2
32560,2
32561,3
32562,1
32563,3
32565,3
32566,3
32567,1
32569,5
32570,2
32571,3
32572,1
32576,2
32577,2
32578,4
32579,5
32580,3
32582,5
32583,2
32584,3
32586,0
32587,4
32588,4
32589,3
32590,3
32591,3
32592,3
32594,5
32595,4
32597,4
32598,4
32599,4
32600,4
32601,1
32602,3
32603,4
32604,1
32606,3
32609,4
32610,4
32611,2
32612,4
32614,3
32615,0
32616,1
32617,3
32618,4
32619,4
32621,1
32622,3
32624,5
32625,5
32626,4
32628,4
32629,2
32630,1
32631,0
32632,1
32634,1
32635,3
32637,2
32638,3
32639,0
32642,5
32643,0
32645,4
32646,1
32647,3
32650,3
32651,4
32652,3
32656,3
32661,4
32662,4
32665,1
32667,1
32668,2
32669,5
32671,5
32672,1
32675,3
32676,2
32677,2
32679,3
32683,1
32684,3
32685,3
32686,0
32688,0
32692,0
32693,3
32694,2
32695,4
32696,2
32697,2
32698,4
32699,4
32700,4
32702,4
32703,2
32704,5
32705,4
32706,3
32707,3
32708,3
32709,2
32710,4
32711,0
32712,3
32713,4
32714,2
32716,5
32717,4
32721,2
32722,2
32723,2
32724,2
32727,5
32728,3
32729,2
32730,2
32731,3
32732,2
32733,0
32735,5
32736,1
32737,2
32738,4
32739,5
32742,2
32743,2
32744,4
32745,3
32749,4
32750,0
32751,3
32752,5
32754,3
32755,3
32758,3
32760,2
32761,2
32763,1
32764,2
32766,3
32768,0
32769,4
32770,4
32771,3
32772,3
32773,0
32775,5
32776,3
32777,4
32780,1
32783,2
32784,2
32785,2
32786,3
32787,0
32788,3
32789,2
32791,5
32794,2
32795,5
32797,3
32799,5
32800,3
32802,3
32804,4
32805,2
32806,0
32807,2
32810,4
32811,0
32815,2
32816,2
32817,0
32818,3
32819,1
32820,3
32821,1
32822,3
32825,3
32826,1
32828,3
32829,4
32830,2
32831,5
32832,4
32834,3
32835,4
32836,4
32837,3
32838,5
32839,0
32840,3
32841,3
32842,3
32843,2
32845,3
32846,5
32847,3
32848,3
32849,2
32850,3
32851,0
32852,5
32853,1
32854,2
32855,1
32856,3
32858,2
32859,3
32860,3
32862,5
32863,3
32865,4
32867,3
32868,4
32871,2
32873,0
32876,5
32877,4
32878,3
32879,0
32881,2
32882,3
32883,2
32885,2
32886,3
32887,2
32889,3
32890,2
32891,5
32893,1
32894,5
32895,0
32896,0
32898,3
32899,5
32900,1
32901,4
32902,2
32904,1
32905,4
32906,3
32909,3
32911,4
32912,3
32913,3
32915,2
32916,0
32917,4
32919,3
32921,5
32922,4
32923,5
32924,2
32926,1
32927,1
32928,2
32931,2
32932,5
32933,4
32935,4
32940,3
32941,0
32942,3
32944,2
32945,4
32946,3
32948,4
32949,5
32950,5
32951,4
32952,3
32953,3
32954,1
32955,4
32956,5
32957,0
32959,1
32962,4
32963,0
32964,0
32965,0
32966,2
32967,5
32968,3
32970,2
32972,5
32973,4
32975,2
32976,4
32978,3
32979,0
32981,5
32982,4
32983,2
32985,3
32986,3
32989,3
32990,2
32991,2
32992,0
32993,4
32994,3
32996,3
32999,3
33000,3
33001,4
33002,2
33006,3
33009,3
33010,2
33011,2
33012,3
33013,4
33015,3
33016,3
33017,2
33018,3
33020,1
33022,4
33025,1
33028,0
33029,3
33030,0
33033,3
33035,3
33036,2
33037,5
33038,5
33039,4
33041,4
33043,0
33044,1
33046,2
33047,2
33048,4
33049,0
33050,0
33052,1
33055,4
33056,2
33057,4
33058,2
33060,4
33061,1
33062,3
33063,3
33064,5
33065,0
33067,1
33068,2
33071,4
33073,3
33075,4
33076,3
33080,2
33081,4
33082,3
33085,5
33086,1
33087,2
33088,3
33089,2
33090,0
33092,2
33095,3
33097,0
33098,0
33099,2
33100,2
33102,0
33103,0
33104,2
33105,4
33106,0
33108,2
33109,4
33110,3
33111,3
33112,2
33113,2
33115,2
33116,3
33117,5
33119,5
33122,1
33123,5
33124,1
33125,3
33127,5
33128,1
33129,2
33132,2
33133,3
33134,3
33136,2
33137,4
33139,1
33140,2
33141,4
33142,3
33143,0
33144,1
33145,4
33146,4
33148,4
33149,0
33152,4
33153,2
33154,4
33155,2
33156,3
33158,3
33159,2
33160,1
33163,3
33165,5
33168,3
33169,0
33170,1
33171,3
33172,2
33174,3
33175,4
33177,0
33181,2
33182,4
33184,4
33185,2
33186,4
33187,4
33188,2
33189,3
33192,3
33195,1
33198,1
33199,2
33200,2
33203,3
33204,3
33205,4
33206,2
33207,4
33209,3
33210,1
33211,3
33212,3
33213,2
33214,4
33215,0
33216,5
33218,1
33219,5
33220,0
33221,0
33222,1
33223,4
33224,2
33225,4
33226,4
33227,2
33228,4
33231,4
33232,3
33233,2
33234,3
33235,5
33238,3
33239,5
33240,0
33242,5
33246,3
33247,5
33249,2
33251,4
33252,1
33253,0
33255,3
33256,5
33257,4
33258,5
33260,4
33261,5
33263,2
33264,2
33266,5
33267,5
33271,2
33272,3
33273,3
33274,2
33275,5
33276,4
33277,4
33279,4
33280,3
33281,3
33282,5
33283,2
33284,1
33286,3
33287,2
33288,3
33289,3
33291,3
33292,3
33294,5
33296,2
33297,5
33302,4
33303,1
33304,2
33305,2
33306,3
33308,0
33309,3
33311,2
33312,2
33313,3
33314,4
33315,3
33316,2
33317,3
33318,1
33319,0
33321,4
33323,3
33324,3
33327,5
33329,2
33330,3
33331,2
33332,4
33333,3
33334,3
33336,5
33338,2
33339,4
33340,3
33342,5
33343,3
33344,5
33345,5
33346,4
33348,1
33350,3
33352,3
33353,4
33355,2
33357,2
33358,1
33359,4
33362,3
33363,3
33364,3
33365,2
33367,3
33369,2
33370,5
33371,3
33373,1
33375,0
33376,5
33377,4
33378,4
33379,0
33380,4
33382,3
33383,0
33384,3
33386,2
33387,3
33393,4
33394,1
33397,3
33398,3
33400,3
33401,1
33403,3
33404,4
33406,4
33407,3
33408,3
33410,2
33411,2
33412,5
33413,4
33414,1
33415,2
33416,2
33417,4
33419,5
33420,3
33421,4
33422,1
33423,4
33424,0
33425,2
33426,2
33427,3
33428,3
33429,4
33430,0
33431,4
33432,3
33433,2
33435,3
33436,2
33437,4
33438,1
33439,2
33440,0
33441,4
33443,0
33445,2
33446,4
33448,4
33449,3
33453,5
33454,3
33455,3
33456,3
33457,3
33458,5
33459,3
33460,4
33461,1
33463,0
33464,4
33466,3
33467,3
33468,3
33469,3
33470,5
33471,2
33472,4
33474,5
33475,4
33476,5
33478,3
33479,5
33480,2
33483,0
33484,2
33486,0
33490,2
33494,2
33495,1
33496,2
33498,0
33499,2
33503,4
33505,5
33506,3
33507,4
33510,5
33511,2
33512,3
33513,4
33515,5
33517,3
33519,5
33520,2
33521,3
33522,4
33523,2
33524,0
33525,1
33526,2
33527,5
33528,3
33529,3
33530,3
33531,3
33532,4
33533,3
33535,1
33536,2
33539,0
33540,3
33541,2
33542,1
33543,1
33544,2
33547,0
33548,4
33549,3
33550,2
33551,2
33552,2
33554,5
33555,0
33556,3
33559,2
33560,5
33561,5
33562,5
33563,1
33565,3
33566,1
33567,3
33570,4
33571,3
33572,2
33573,0
33574,3
33575,5
33577,3
33579,3
33580,3
33581,3
33584,3
33586,2
33587,1
33588,3
33589,4
33590,4
33591,3
33592,3
33594,2
33595,2
33596,4
33597,3
33598,2
33600,2
33602,2
33603,3
33604,4
33605,3
33607,3
33608,2
33609,2
33610,2
33611,2
33613,3
33614,1
33615,2
33616,2
33618,1
33619,2
33620,4
33624,4
33626,2
33628,2
33629,5
33630,1
33632,3
33636,3
33637,3
33639,3
33640,4
33641,2
33643,0
33644,5
33646,2
33647,0
33648,0
33649,4
33651,2
33652,3
33654,1
33655,2
33656,3
33658,0
33659,5
33660,0
33661,0
33662,2
33663,3
33664,2
33665,5
33667,5
33669,1
33671,4
33672,4
33673,2
33676,3
33677,3
33678,3
33679,3
33680,2
33681,1
33683,4
33684,4
33685,3
33686,5
33688,0
33689,4
33690,2
33691,4
33692,2
33693,1
33694,4
33695,0
33696,2
33698,1
33699,3
33700,3
33701,3
33703,4
33704,5
33705,0
33706,4
33707,1
33709,3
33711,2
33713,2
33715,3
33716,3
33717,2
33719,3
33720,3
33721,3
33722,3
33723,2
33725,4
33727,3
33729,0
33730,3
33732,2
33733,2
33734,4
33735,4
33737,5
33740,2
33744,4
33745,4
33746,2
33747,3
33749,4
33750,4
33751,2
33752,2
33753,3
33754,4
33756,4
33759,0
33760,1
33761,2
33762,2
33764,3
33765,0
33766,5
33767,0
33768,4
33769,0
33770,0
33772,4
33773,2
33774,0
33775,2
33776,4
33777,0
33778,0
33779,4
33780,3
33781,3
33782,4
33783,3
33785,3
33786,1
33787,1
33788,4
33790,3
33791,2
33792,0
33793,3
33794,2
33795,5
33796,2
33797,5
33802,4
33804,3
33805,1
33807,3
33808,2
33809,1
33810,5
33812,5
33813,4
33815,1
33816,4
33817,1
33818,5
33819,3
33820,3
33821,3
33822,0
33823,3
33826,3
33827,1
33828,4
33829,5
33830,2
33831,3
33832,3
33833,2
33834,4
33835,5
33836,0
33837,1
33838,4
33839,4
33840,3
33843,3
33844,3
33845,0
33847,4
33848,3
33849,0
33850,3
33852,4
33853,5
33855,3
33856,3
33858,0
33859,3
33860,4
33861,5
33862,4
33863,3
33865,3
33866,4
33867,3
33868,3
33869,3
33870,4
33872,3
33873,5
33874,4
33875,3
33876,3
33877,0
33879,3
33881,0
33882,0
33883,3
33884,1
33886,2
33889,3
33890,0
33891,5
33892,5
33893,3
33894,4
33896,4
33899,2
33901,3
33903,5
33905,1
33907,3
33908,3
33910,5
33911,3
33912,0
33913,4
33915,1
33916,2
33921,4
33922,4
33923,2
33924,4
33926,5
33927,2
33930,3
33931,3
33932,5
33933,3
33935,2
33936,3
33937,2
33938,5
33939,3
33940,3
33941,2
33943,3
33944,3
33945,2
33948,4
33951,2
33953,2
33954,1
33957,4
33959,4
33960,2
33962,0
33964,1
33965,0
33966,2
33967,1
33968,3
33969,5
33970,3
33971,1
33972,0
33974,4
33975,0
33976,5
33977,0
33978,4
33980,4
33985,2
33986,4
33988,4
33989,3
33990,4
33992,4
33993,3
33994,4
33997,3
33998,5
33999,3
34003,2
34004,4
34005,1
34006,3
34008,3
34009,3
34012,3
34014,4
34015,5
34016,5
34017,0
34018,4
34019,1
34020,2
34022,4
34023,3
34025,4
34027,4
34029,3
34030,3
34031,5
34033,5
34035,3
34037,5
34038,3
34039,2
34041,0
34042,4
34044,3
34045,5
34046,3
34047,1
34050,3
34052,0
34054,1
34056,1
34057,2
34059,2
34061,0
34063,1
34064,4
34065,0
34066,0
34067,4
34068,2
34069,3
34071,1
34072,2
34073,5
34074,3
34075,2
34077,3
34078,0
34079,0
34080,3
34084,2
34085,3
34086,3
34087,0
34089,2
34091,3
34093,5
34094,3
34096,2
34098,1
34099,2
34100,3
34101,4
34103,3
34107,3
34108,5
34112,4
34113,3
34115,4
34116,3
34119,4
34124,3
34125,4
34126,5
34128,3
34129,1
34130,3
34131,0
34132,1
34133,5
34134,4
34135,2
34137,2
34138,4
34141,2
34142,3
34145,4
34146,3
34147,0
34148,1
34150,2
34151,4
34152,1
34153,3
34154,3
34155,3
34156,0
34158,3
34159,2
34160,2
34162,0
34163,3
34164,4
34166,0
34167,2
34169,2
34170,1
34171,3
34172,5
34174,4
34176,2
34177,0
34178,2
34179,2
34180,5
34182,4
34183,4
34184,2
34185,3
34186,2
34188,5
34189,3
34190,2
34192,4
34195,4
34196,4
34197,4
34199,2
34201,2
34202,3
34203,4
34204,3
34206,3
34208,0
34210,5
34211,2
34212,4
34213,4
34214,0
34215,5
34216,2
34217,0
34218,0
34220,1
34221,0
34222,5
34223,3
34224,4
34225,1
34226,2
34227,4
34228,2
34230,2
34233,1
34234,5
34235,4
34236,1
34237,2
34239,3
34241,3
34243,2
34246,2
34247,3
34248,1
34249,4
34250,0
34251,4
34252,5
34253,2
34254,5
34256,2
34257,2
34258,3
34259,1
34260,0
34262,3
34265,2
34266,4
34267,1
34268,2
34269,2
34270,2
34272,1
34273,2
34274,3
34277,3
34278,1
34280,3
34281,5
34283,3
34286,2
34287,4
34290,1
34291,0
34293,3
34295,3
34297,4
34298,4
34300,1
34301,4
34303,0
34304,5
34305,4
34308,4
34309,1
34310,1
34315,0
34317,5
34318,2
34319,5
34320,4
34322,3
34323,2
34324,2
34325,4
34326,1
34327,5
34328,5
34329,1
34330,1
34331,4
34332,3
34334,4
34335,5
34336,2
34337,3
34338,4
34339,2
34341,2
34343,0
34344,0
34345,3
34346,4
34348,2
34349,2
34351,3
34353,2
34354,3
34356,3
34357,3
34358,2
34359,5
34361,2
34363,2
34364,3
34365,1
34367,3
34368,5
34369,4
34370,5
34371,3
34372,1
34374,2
34375,3
34376,4
34377,0
34379,3
34381,5
34383,2
34384,3
34385,4
34386,1
34389,4
34391,0
34392,3
34393,0
34394,4
34395,5
34396,5
34397,3
34398,3
34399,3
34400,3
34401,2
34405,5
34406,4
34408,1
34410,1
34414,2
34415,3
34416,3
34419,4
34422,3
34425,5
34426,3
34427,4
34429,2
34431,3
34432,3
34433,4
34434,5
34435,2
34436,2
34437,3
34438,4
34439,2
34441,5
34442,3
34445,3
34446,2
34447,2
34448,4
34450,4
34452,3
34453,3
34454,2
34455,4
34457,3
34458,0
34459,3
34461,0
34462,4
34463,2
34465,1
34466,2
34467,3
34470,3
34471,3
34472,1
34474,0
34475,1
34477,2
34479,3
34481,0
34482,3
34483,3
34485,0
34487,2
34490,3
34492,0
34493,0
34494,1
34495,1
34496,3
34497,3
34498,1
34499,2
34500,0
34501,3
34503,4
34504,3
34505,2
34506,3
34508,3
34509,5
34511,3
34513,2
34514,2
34515,5
34516,4
34517,1
34518,0
34519,2
34520,4
34521,3
34522,4
34524,2
34526,2
34527,0
34528,3
34529,3
34532,4
34534,5
34535,5
34539,1
34540,0
34541,3
34542,3
34543,3
34544,4
34546,3
34547,3
34550,3
34551,5
34552,4
34554,4
34558,2
34561,5
34562,4
34563,5
34564,5
34565,3
34566,2
34567,0
34568,2
34569,3
34571,3
34573,2
34579,3
34580,2
34581,2
34582,4
34583,2
34584,3
34585,3
34586,2
34587,5
34588,2
34589,0
34590,2
34592,4
34594,2
34597,2
34598,3
34600,4
34603,5
34604,2
34605,1
34607,4
34608,5
34609,3
34610,3
34612,2
34614,1
34615,2
34616,5
34617,3
34618,3
34620,4
34622,2
34624,3
34625,1
34626,0
34627,5
34628,4
34629,1
34630,0
34631,0
34632,3
34634,5
34635,5
34638,1
34639,3
34640,4
34641,3
34642,3
34643,0
34644,0
34645,3
34646,4
34647,1
34649,3
34650,1
34652,5
34653,3
34654,3
34655,3
34656,5
34657,4
34659,3
34661,2
34662,2
34666,0
34667,3
34668,2
34669,4
34670,2
34671,0
34672,3
34674,5
34676,3
34677,1
34679,1
34680,5
34682,5
34683,2
34684,4
34685,0
34686,4
34688,3
34689,1
34690,2
34691,3
34692,4
34693,4
34694,3
34698,4
34699,2
34700,3
34701,0
34702,4
34703,2
34704,4
34706,0
34707,5
34708,1
34709,4
34711,0
34712,3
34713,5
34714,3
34715,5
34716,4
34718,0
34719,2
34721,3
34722,3
34723,2
34724,1
34725,3
34728,0
34730,0
34731,3
34733,2
34735,1
34736,4
34738,4
34740,5
34745,4
34747,3
34748,4
34749,4
34750,1
34751,3
34753,2
34754,3
34755,3
34756,3
34757,4
34758,2
34759,4
34761,2
34762,2
34763,4
34764,3
34766,2
34767,0
34768,2
34770,4
34772,0
34773,4
34774,3
34776,3
34777,2
34778,2
34780,3
34781,4
34782,1
34783,3
34785,2
34787,3
34788,3
34789,5
34790,4
34794,5
34795,2
34796,1
34797,0
34798,1
34799,2
34800,3
34802,5
34803,1
34804,1
34805,0
34806,2
34807,2
34809,4
34810,3
34811,2
34812,2
34814,2
34815,2
34816,2
34817,2
34818,0
34820,2
34821,0
34822,4
34823,5
34824,4
34825,3
34826,2
34831,4
34833,4
34835,2
34836,0
34837,3
34839,4
34840,3
34841,4
34843,3
34844,4
34845,2
34846,4
34847,2
34848,2
34849,3
34851,0
34852,0
34853,3
34854,4
34855,3
34857,3
34858,0
34859,4
34860,2
34861,3
34863,3
34864,5
34866,4
34867,1
34869,1
34870,5
34871,3
34872,3
34873,5
34874,1
34875,2
34876,4
34877,4
34878,2
34879,3
34880,2
34881,0
34883,3
34885,5
34887,3
34888,3
34889,0
34890,3
34891,0
34892,4
34893,4
34894,2
34895,3
34897,0
34898,1
34899,2
34903,4
34904,2
34905,4
34906,1
34908,3
34910,2
34912,3
34913,5
34914,3
34915,0
34917,3
34919,2
34920,3
34921,3
34923,3
34924,4
34925,2
34926,4
34927,3
34928,3
34929,2
34930,2
34931,2
34932,0
34933,3
34935,2
34936,5
34939,0
34942,1
34944,3
34945,5
34946,2
34947,3
34949,3
34950,2
34951,4
34952,3
34955,3
34956,2
34957,1
34958,0
34959,3
34961,5
34963,2
34964,3
34965,5
34966,3
34967,1
34968,5
34969,1
34970,5
34972,4
34974,0
34975,0
34977,3
34978,2
34979,3
34980,4
34982,3
34985,5
34986,2
34987,3
34988,4
34989,1
34990,3
34991,3
34992,4
34993,3
34994,4
34995,1
34998,2
34999,0
35000,3
35001,3
35002,2
35003,2
35004,2
35005,0
35006,3
35007,0
35008,2
35009,3
35011,3
35012,4
35014,2
35016,1
35017,5
35018,4
35019,2
35020,3
35022,5
35023,2
35024,5
35025,5
35026,4
35027,5
35030,4
35033,3
35035,1
35037,4
35038,1
35039,0
35040,3
35041,4
35042,5
35043,1
35044,2
35045,2
35046,3
35048,2
35049,3
35050,4
35051,0
35053,2
35055,3
35059,0
35060,3
35061,3
35062,3
35064,4
35065,2
35067,3
35068,1
35069,0
35070,1
35072,4
35073,1
35074,5
35075,1
35076,1
35077,5
35081,5
35082,3
35083,3
35084,2
35086,3
35087,3
35088,4
35089,3
35090,2
35091,1
35092,2
35093,4
35094,2
35095,2
35096,3
35097,0
35098,1
35100,3
35101,3
35103,4
35105,1
35106,2
35107,4
35108,1
35109,2
35115,0
35116,5
35117,5
35118,3
35119,2
35121,5
35122,4
35123,4
35124,4
35128,2
35129,3
35132,0
35133,2
35134,0
35137,3
35140,5
35141,3
35142,2
35143,2
35144,4
35145,1
35146,2
35148,3
35150,1
35151,5
35152,3
35153,4
35155,1
35156,5
35157,0
35158,4
35159,4
35162,2
35164,3
35167,1
35168,2
35170,4
35173,3
35175,3
35177,2
35178,1
35180,1
35181,1
35182,1
35184,4
35189,3
35191,4
35192,4
35193,3
35194,0
35196,4
35197,1
35198,3
35199,2
35200,3
35202,3
35204,2
35205,2
35206,3
35208,4
35209,3
35210,3
35211,3
35213,4
35214,3
35216,1
35217,2
35220,1
35222,5
35223,3
35224,5
35227,1
35228,3
35230,0
35234,3
35235,1
35236,0
35237,0
35239,2
35240,3
35241,1
35242,2
35243,0
35244,2
35245,3
35246,1
35247,0
35248,3
35249,3
35250,3
35251,0
35252,2
35253,5
35254,1
35255,3
35257,1
35260,0
35262,0
35263,0
35264,5
35265,5
35268,5
35270,3
35271,1
35272,1
35275,3
35276,1
35279,3
35282,1
35285,1
35287,0
35288,2
35289,2
35291,4
35292,0
35294,3
35295,4
35296,2
35298,1
35299,1
35300,5
35302,0
35304,0
35307,2
35310,3
35311,1
35312,4
35313,3
35314,2
35316,3
35317,2
35318,5
35319,1
35321,5
35323,0
35324,2
35325,1
35326,5
35327,4
35328,2
35329,2
35330,3
35331,5
35333,3
35334,4
35335,3
35336,1
35337,3
35338,3
35339,5
35341,3
35342,5
35343,5
35344,5
35347,3
35353,5
35354,3
35356,5
35358,1
35361,5
35363,4
35365,0
35368,1
35369,1
35370,0
35371,3
35372,2
35373,0
35375,3
35376,5
35377,2
35378,4
35379,3
35380,2
35381,4
35383,2
35384,5
35385,5
35387,1
35389,5
35390,2
35391,4
35393,4
35396,3
35397,4
35399,4
35400,3
35401,2
35402,2
35404,0
35406,2
35407,4
35409,5
35410,3
35412,1
35413,3
35414,3
35415,3
35416,4
35417,5
35418,1
35419,1
35420,5
35421,2
35423,5
35424,1
35425,2
35426,5
35427,3
35428,1
35429,0
35430,4
35431,1
35432,3
35433,3
35434,1
35436,4
35437,4
35438,3
35439,3
35440,3
35441,4
35442,3
35444,4
35445,2
35446,5
35447,5
35450,0
35452,3
35453,1
35454,2
35455,5
35456,4
35457,3
35458,4
35459,2
35460,3
35462,4
35463,0
35464,2
35465,2
35466,1
35467,2
35468,2
35469,0
35470,2
35473,3
35475,5
35477,5
35478,1
35479,2
35480,5
35481,4
35483,4
35484,3
35487,4
35488,0
35489,3
35490,2
35491,3
35493,3
35495,5
35497,4
35499,5
35500,5
35501,3
35503,3
35505,2
35506,4
35509,2
35510,2
35511,2
35512,0
35513,4
35515,2
35516,0
35517,0
35519,2
35520,4
35521,4
35523,0
35526,3
35527,3
35528,3
35529,4
35530,4
35531,5
35532,4
35535,3
35536,3
35537,3
35539,3
35540,2
35541,4
35542,0
35543,0
35544,3
35545,5
35548,3
35549,1
35551,2
35552,2
35553,4
35554,0
35556,3
35557,2
35559,3
35560,5
35562,3
35563,1
35564,2
35566,4
35567,4
35569,4
35570,0
35571,3
35572,2
35574,3
35575,5
35576,4
35579,3
35580,5
35581,3
35582,1
35583,2
35584,2
35586,5
35589,0
35590,3
35591,4
35592,3
35593,4
35594,3
35595,4
35596,4
35599,1
35600,3
35602,5
35603,3
35604,3
35606,4
35607,4
35608,3
35609,4
35610,3
35611,2
35612,1
35617,4
35618,5
35619,2
35620,4
35621,4
35623,4
35624,1
35626,3
35627,5
35629,0
35632,1
35633,2
35634,3
35635,3
35636,4
35637,5
35638,3
35639,3
35640,3
35641,1
35642,3
35644,3
35645,3
35647,2
35648,3
35649,5
35654,1
35656,2
35657,4
35658,0
35661,3
35662,4
35663,2
35666,2
35667,2
35668,1
35669,3
35670,2
35671,3
35672,2
35673,1
35674,3
35676,3
35678,2
35679,5
35682,0
35684,4
35686,2
35689,4
35690,0
35691,1
35692,0
35694,5
35696,4
35697,3
35698,2
35699,5
35701,3
35702,3
35703,3
35704,2
35705,4
35707,1
35709,2
35710,0
35711,3
35712,2
35713,2
35718,3
35721,2
35722,2
35723,0
35724,1
35725,5
35726,5
35727,0
35728,5
35730,4
35732,1
35734,4
35735,2
35737,3
35738,2
35741,1
35743,5
35745,2
35747,4
35748,0
35749,4
35750,2
35751,1
35752,3
35755,2
35758,3
35760,2
35762,5
35764,3
35765,2
35766,3
35767,4
35768,3
35769,4
35770,1
35772,4
35774,4
35775,0
35776,2
35777,4
35778,5
35780,1
35781,3
35782,3
35786,3
35789,4
35790,5
35791,4
35793,2
35794,4
35795,5
35796,1
35797,0
35798,3
35799,2
35800,2
35802,4
35804,0
35805,4
35806,0
35807,5
35808,4
35810,3
35813,5
35814,4
35815,3
35816,2
35817,2
35818,1
35819,3
35821,3
35822,4
35823,0
35824,3
35826,3
35827,2
35828,0
35829,3
35831,4
35832,2
35833,3
35835,2
35837,0
35838,2
35839,3
35840,0
35841,4
35842,4
35843,3
35844,2
35846,5
35848,0
35851,3
35853,4
35854,3
35855,5
35858,0
35860,4
35861,2
35862,3
35863,4
35864,0
35865,3
35866,3
35867,2
35868,3
35869,1
35871,4
35872,2
35873,5
35875,2
35877,1
35880,3
35881,0
35882,3
35883,0
35884,0
35885,5
35887,0
35888,4
35889,0
35891,5
35893,4
35894,1
35895,4
35897,3
35898,2
35899,4
35900,5
35901,5
35902,1
35903,3
35904,3
35907,5
35908,4
35909,2
35911,0
35912,0
35914,2
35915,5
35917,4
35918,5
35919,2
35920,4
35921,5
35922,0
35923,2
35924,3
35927,2
35928,2
35929,2
35930,4
35931,3
35932,1
35933,2
35936,2
35937,4
35938,3
35939,4
35944,4
35946,3
35950,3
35954,5
35955,3
35956,4
35958,2
35959,5
35960,3
35961,0
35962,3
35963,2
35964,3
35965,3
35966,4
35967,3
35969,5
35972,0
35973,1
35975,0
35976,5
35977,3
35978,2
35979,1
35981,1
35983,5
35984,2
35987,2
35988,3
35989,3
35990,3
35991,2
35992,4
35993,0
35994,1
35996,4
35997,4
36000,1
36001,4
36002,2
36005,4
36006,5
36008,1
36010,2
36011,5
36013,2
36015,3
36016,2
36018,2
36019,0
36020,3
36021,0
36022,3
36023,2
36024,1
36025,0
36026,4
36028,4
36031,0
36032,3
36034,2
36035,4
36036,4
36038,0
36039,1
36040,3
36041,1
36042,3
36044,1
36046,3
36047,3
36049,4
36051,3
36052,5
36054,3
36055,3
36056,3
36057,2
36058,3
36060,4
36061,4
36062,2
36064,0
36065,2
36066,2
36067,2
36068,3
36069,3
36070,3
36071,2
36072,4
36073,3
36074,2
36076,5
36077,4
36080,0
36081,2
36083,2
36084,3
36085,5
36086,3
36090,3
36091,5
36092,2
36094,1
36096,3
36097,1
36099,2
36100,5
36101,2
36103,4
36104,2
36105,0
36106,3
36108,4
36110,5
36113,2
36114,2
36115,4
36118,3
36119,5
36120,5
36122,2
36123,5
36126,3
36127,3
36129,5
36130,2
36131,0
36132,4
36134,4
36136,3
36139,2
36141,3
36143,3
36145,4
36147,3
36148,0
36149,3
36151,3
36152,3
36153,1
36155,0
36156,3
36157,1
36158,2
36159,4
36160,3
36161,1
36164,2
36166,4
36168,3
36169,4
36171,0
36173,5
36174,3
36176,4
36178,3
36182,5
36183,2
36185,3
36186,3
36190,2
36193,4
36195,3
36196,3
36197,3
36199,1
36200,4
36201,1
36204,2
36205,2
36206,4
36207,3
36208,3
36211,3
36212,3
36213,4
36214,4
36215,2
36216,4
36218,5
36219,3
36221,2
36222,3
36224,1
36226,2
36229,5
36232,0
36233,2
36234,5
36235,4
36236,3
36237,4
36238,5
36239,3
36241,3
36242,4
36244,3
36245,2
36246,1
36247,2
36250,4
36253,3
36254,1
36255,5
36257,2
36258,4
36261,3
36263,3
36266,1
36267,4
36270,2
36271,1
36272,5
36273,3
36274,3
36275,2
36276,4
36277,2
36278,3
36282,3
36285,2
36287,5
36288,4
36289,3
36290,5
36292,5
36298,0
36299,2
36303,3
36304,3
36305,3
36307,2
36309,5
36310,1
36311,5
36313,1
36314,4
36315,4
36316,2
36317,2
36318,3
36320,1
36322,2
36323,3
36324,3
36325,4
36326,3
36328,1
36331,1
36332,5
36333,4
36334,3
36336,0
36337,1
36338,2
36340,3
36341,3
36342,2
36343,3
36344,3
36345,3
36346,2
36347,3
36348,4
36349,2
36350,4
36353,1
36355,3
36356,3
36357,2
36358,0
36360,5
36362,3
36363,2
36366,3
36367,0
36368,2
36371,2
36372,0
36374,3
36375,4
36377,4
36378,2
36379,4
36380,4
36381,0
36382,0
36383,3
36384,3
36385,5
36386,4
36387,2
36388,5
36389,2
36392,3
36395,3
36396,2
36398,0
36399,2
36401,2
36402,4
36403,0
36404,1
36405,4
36407,5
36408,1
36409,3
36410,2
36411,4
36414,4
36415,3
36416,3
36417,1
36419,1
36420,2
36421,4
36422,5
36423,3
36424,2
36425,1
36428,0
36431,3
36432,4
36433,1
36434,3
36435,2
36438,1
36439,4
36441,3
36443,2
36444,1
36445,3
36446,3
36448,2
36449,0
36450,2
36454,0
36455,5
36456,3
36457,0
36458,2
36459,2
36461,4
36462,4
36463,0
36464,1
36465,3
36466,4
36468,3
36469,3
36470,2
36472,1
36473,2
36474,2
36475,0
36478,4
36481,1
36482,0
36483,2
36484,3
36485,2
36486,2
36487,5
36489,2
36491,0
36492,3
36493,3
36494,3
36495,1
36496,5
36498,3
36499,3
36500,0
36501,5
36502,4
36503,4
36504,5
36505,3
36507,1
36508,2
36511,3
36512,4
36513,0
36514,5
36515,0
36516,3
36517,3
36518,3
36519,0
36520,4
36522,5
36524,5
36525,3
36526,3
36527,3
36529,1
36530,1
36531,0
36532,5
36533,4
36536,2
36537,2
36538,3
36539,4
36540,5
36543,3
36544,3
36545,4
36546,0
36548,3
36550,3
36551,3
36552,3
36553,5
36555,5
36557,3
36558,4
36559,3
36560,0
36561,4
36563,4
36564,3
36565,3
36567,1
36568,0
36569,0
36570,5
36572,5
36574,2
36575,3
36576,3
36581,2
36582,3
36583,1
36584,1
36585,3
36586,4
36587,4
36588,2
36589,2
36590,5
36591,1
36592,2
36593,3
36596,4
36597,4
36598,5
36599,3
36601,2
36603,5
36604,2
36605,2
36608,2
36609,0
36610,3
36612,3
36613,4
36615,2
36617,5
36618,1
36619,3
36622,3
36625,4
36626,4
36628,3
36629,5
36630,3
36631,3
36632,3
36636,3
36637,3
36638,3
36640,1
36642,2
36644,3
36646,4
36648,0
36649,1
36650,4
36652,1
36653,0
36654,1
36656,3
36657,3
36659,2
36664,4
36665,1
36667,5
36668,2
36669,4
36671,3
36672,3
36673,3
36676,4
36677,3
36679,3
36681,2
36682,3
36683,4
36684,3
36685,1
36686,2
36689,2
36690,3
36691,3
36692,5
36693,1
36694,3
36695,2
36696,3
36697,3
36700,2
36703,2
36704,2
36709,2
36710,2
36711,2
36712,0
36713,1
36714,1
36715,2
36717,0
36718,5
36719,5
36721,5
36725,1
36727,2
36728,4
36729,5
36730,3
36731,5
36732,2
36734,0
36735,0
36736,4
36737,5
36739,3
36740,4
36742,3
36744,1
36745,2
36747,5
36749,2
36750,4
36752,3
36753,3
36754,3
36755,5
36756,5
36757,5
36759,3
36761,3
36763,0
36764,5
36765,3
36767,0
36768,1
36770,4
36771,4
36772,3
36773,1
36776,4
36777,3
36780,3
36781,0
36782,2
36783,1
36784,2
36785,5
36786,2
36787,4
36788,0
36789,1
36791,3
36793,0
36795,4
36797,4
36799,1
36800,3
36803,3
36804,4
36805,2
36806,5
36807,0
36808,4
36811,3
36812,5
36813,3
36815,2
36816,3
36817,2
36818,3
36819,4
36820,3
36821,3
36823,3
36825,2
36826,3
36828,5
36831,3
36834,4
36835,0
36838,3
36839,3
36840,3
36844,3
36845,1
36846,5
36848,3
36849,5
36850,2
36851,4
36853,4
36856,3
36857,4
36858,3
36859,5
36860,3
36861,4
36862,3
36863,4
36864,2
36865,0
36866,1
36867,0
36868,4
36869,5
36870,3
36871,4
36872,3
36873,2
36874,3
36875,2
36876,3
36878,2
36881,2
36882,3
36884,4
36885,3
36887,3
36888,4
36890,2
36891,3
36892,5
36893,0
36895,0
36897,2
36900,4
36901,3
36902,5
36903,4
36904,4
36905,0
36906,3
36909,1
36910,5
36912,5
36914,3
36917,2
36922,4
36923,2
36924,5
36925,2
36926,5
36928,5
36931,4
36932,2
36933,3
36934,4
36935,2
36936,3
36937,3
36938,3
36939,1
36940,3
36941,5
36942,3
36944,0
36945,3
36947,4
36949,2
36950,5
36951,2
36952,3
36953,3
36954,4
36959,3
36960,1
36961,2
36962,1
36965,5
36966,0
36967,2
36968,0
36972,2
36973,4
36976,1
36977,2
36979,3
36980,4
36981,3
36982,5
36984,4
36985,4
36986,3
36987,0
36988,2
36989,4
36991,0
36992,0
36996,2
36997,3
36998,2
37001,0
37002,0
37003,2
37004,4
37005,4
37006,1
37007,4
37008,2
37009,3
37010,4
37011,2
37012,0
37013,2
37014,2
37015,3
37017,4
37019,2
37020,3
37021,2
37022,4
37023,3
37024,1
37025,0
37026,3
37029,2
37032,2
37034,1
37036,2
37037,2
37038,3
37039,3
37041,3
37042,3
37043,2
37045,5
37046,5
37047,1
37048,3
37050,4
37051,3
37052,3
37053,0
37054,2
37055,1
37056,3
37057,3
37058,3
37063,3
37064,3
37066,1
37070,3
37071,4
37072,4
37079,3
37080,2
37081,4
37084,5
37086,3
37087,2
37089,3
37090,2
37092,3
37093,3
37094,2
37095,5
37096,3
37097,4
37098,3
37099,1
37101,2
37102,5
37103,0
37104,4
37105,4
37106,3
37107,3
37111,0
37112,1
37113,5
37114,3
37116,2
37117,4
37118,1
37119,2
37121,3
37122,0
37123,2
37124,4
37127,3
37128,3
37130,3
37133,1
37136,2
37137,3
37138,3
37140,4
37144,1
37145,4
37146,5
37147,4
37149,4
37150,0
37151,2
37152,0
37153,3
37154,1
37156,4
37157,4
37158,3
37159,2
37160,2
37161,4
37162,1
37163,0
37165,3
37166,3
37168,5
37169,1
37170,5
37172,3
37173,5
37174,2
37175,1
37177,3
37178,0
37179,3
37180,1
37184,5
37185,4
37186,0
37188,3
37189,1
37191,0
37194,2
37195,3
37197,2
37198,0
37199,5
37200,2
37203,3
37206,4
37207,4
37208,3
37209,2
37210,2
37211,2
37212,0
37214,3
37215,4
37216,4
37218,5
37219,0
37220,4
37221,4
37222,0
37225,4
37227,3
37228,5
37230,1
37231,1
37232,4
37234,2
37236,4
37237,2
37238,4
37240,4
37241,0
37243,2
37244,3
37246,0
37248,5
37251,0
37252,1
37253,3
37254,3
37256,3
37258,5
37260,1
37262,2
37265,2
37266,3
37267,3
37268,5
37269,2
37271,3
37272,4
37274,5
37276,4
37277,3
37278,3
37282,0
37283,1
37286,2
37287,0
37288,0
37289,4
37292,3
37295,2
37296,1
37298,2
37299,0
37300,3
37301,3
37303,5
37304,1
37305,0
37306,2
37308,1
37309,1
37310,2
37311,2
37312,2
37313,3
37314,3
37315,0
37316,1
37317,2
37319,3
37320,0
37321,3
37323,3
37324,3
37325,2
37326,1
37328,3
37329,2
37330,1
37331,3
37333,3
37334,3
37335,2
37336,2
37337,4
37338,3
37339,0
37341,4
37344,1
37345,4
37347,2
37348,3
37350,2
37352,3
37354,4
37355,5
37357,2
37360,5
37361,3
37362,1
37364,2
37365,3
37366,2
37367,0
37368,5
37369,5
37370,2
37374,0
37379,4
37381,4
37382,3
37383,4
37384,3
37385,1
37388,0
37389,4
37390,0
37391,2
37392,3
37393,3
37394,5
37395,1
37396,5
37397,3
37398,4
37400,3
37401,5
37403,0
37405,3
37407,2
37408,3
37411,5
37412,2
37414,4
37415,3
37416,4
37417,2
37421,3
37422,4
37423,3
37424,4
37425,0
37426,1
37428,3
37429,3
37430,2
37431,4
37432,4
37433,3
37434,0
37435,4
37436,3
37437,0
37438,2
37439,2
37440,4
37441,1
37442,3
37444,3
37445,1
37447,3
37448,0
37450,0
37453,5
37454,0
37457,3
37458,4
37459,5
37460,4
37461,4
37462,2
37464,5
37465,5
37467,2
37469,1
37471,1
37473,1
37474,1
37476,3
37477,5
37479,1
37481,0
37483,4
37484,2
37486,5
37487,5
37488,4
37490,3
37491,3
37493,3
37494,3
37497,0
37498,3
37500,4
37502,3
37504,3
37506,3
37508,2
37510,5
37511,5
37514,2
37515,4
37516,4
37517,2
37518,2
37520,4
37521,4
37523,0
37524,3
37525,3
37526,5
37527,2
37528,0
37529,2
37531,3
37535,1
37536,1
37537,3
37541,2
37542,4
37545,1
37548,3
37550,3
37551,4
37553,5
37554,3
37555,4
37556,3
37557,1
37558,2
37559,1
37560,5
37561,4
37562,3
37565,2
37566,4
37569,3
37570,3
37572,3
37573,5
37574,5
37576,1
37577,5
37578,5
37579,2
37581,2
37582,3
37583,5
37584,1
37585,3
37586,4
37587,2
37588,4
37589,5
37590,3
37591,0
37592,4
37595,3
37596,2
37597,1
37598,2
37599,3
37600,3
37601,3
37602,3
37603,3
37605,1
37606,2
37608,3
37610,2
37612,3
37613,1
37614,2
37617,5
37622,4
37623,2
37625,0
37626,5
37629,0
37630,1
37631,3
37634,0
37635,0
37638,3
37639,2
37640,1
37641,4
37642,1
37643,2
37645,3
37647,0
37648,1
37649,0
37650,5
37652,4
37653,3
37654,2
37656,4
37657,3
37658,0
37659,2
37660,3
37661,4
37662,4
37663,4
37665,2
37666,0
37667,3
37669,3
37670,3
37671,3
37672,3
37673,5
37676,4
37679,2
37682,1
37683,2
37684,5
37685,1
37686,3
37689,5
37691,4
37693,2
37695,3
37696,0
37699,3
37700,2
37701,3
37702,2
37703,0
37704,2
37706,3
37707,5
37710,3
37711,3
37713,3
37714,0
37715,0
37716,3
37717,1
37718,5
37720,2
37721,3
37723,3
37724,5
37725,3
37726,4
37727,0
37732,4
37733,3
37735,2
37736,2
37738,0
37739,4
37740,0
37743,1
37745,4
37749,2
37750,1
37751,1
37752,1
37754,0
37756,3
37757,5
37758,5
37760,1
37761,3
37762,1
37764,0
37765,3
37768,3
37769,0
37770,3
37771,4
37772,3
37773,3
37775,2
37776,4
37777,4
37779,4
37780,0
37781,2
37782,3
37783,3
37784,3
37785,4
37786,4
37787,3
37788,3
37790,2
37791,4
37792,2
37793,3
37795,1
37797,5
37798,2
37799,1
37802,5
37803,1
37806,3
37807,5
37808,2
37809,4
37810,3
37812,3
37813,2
37816,5
37817,5
37818,2
37819,0
37821,4
37823,4
37824,3
37826,4
37828,0
37830,3
37831,4
37833,3
37834,3
37835,2
37836,4
37838,2
37839,1
37841,3
37842,3
37843,0
37844,5
37845,2
37846,3
37848,5
37849,2
37850,2
37851,3
37852,1
37853,3
37854,3
37855,5
37856,3
37857,3
37858,5
37859,5
37860,5
37861,3
37865,1
37867,3
37868,4
37870,3
37871,0
37872,3
37874,3
37876,2
37877,2
37878,3
37879,1
37880,3
37881,0
37885,4
37886,3
37887,5
37888,0
37889,2
37890,1
37891,4
37893,1
37895,4
37897,4
37898,3
37900,3
37903,3
37905,4
37906,3
37907,2
37908,5
37912,0
37913,3
37915,4
37916,3
37917,3
37918,3
37919,0
37921,0
37922,2
37923,2
37924,3
37925,5
37930,3
37931,3
37932,2
37934,3
37936,3
37937,3
37938,5
37940,5
37941,5
37942,0
37943,3
37944,3
37946,3
37947,2
37948,0
37950,3
37952,4
37953,2
37954,5
37956,2
37957,3
37958,4
37959,3
37961,2
37962,1
37963,5
37965,0
37966,1
37967,0
37969,4
37970,5
37972,2
37978,3
37980,3
37981,5
37983,4
37984,4
37985,5
37986,1
37987,2
37989,4
37990,3
37993,2
37995,3
37996,4
37998,3
38001,3
38002,2
38003,3
38006,4
38008,4
38012,3
38013,0
38014,4
38016,1
38017,3
38018,1
38019,3
38020,1
38021,5
38022,2
38024,1
38025,2
38026,1
38027,0
38028,3
38029,1
38031,3
38032,3
38033,0
38034,1
38035,4
38036,3
38037,4
38038,2
38040,5
38041,2
38042,2
38043,2
38044,3
38046,4
38048,3
38049,0
38050,0
38051,0
38052,0
38053,3
38056,0
38057,1
38058,2
38059,3
38060,5
38062,4
38065,1
38066,2
38067,4
38068,3
38070,5
38071,4
38073,3
38074,0
38076,4
38077,2
38078,3
38079,0
38080,3
38082,2
38085,2
38086,3
38087,3
38088,2
38089,3
38090,5
38091,3
38093,4
38096,4
38097,1
38098,3
38099,2
38100,2
38101,1
38102,2
38106,3
38109,3
38110,3
38111,4
38112,1
38113,5
38116,5
38118,2
38119,3
38121,2
38122,3
38124,5
38125,4
38126,2
38127,3
38129,1
38131,4
38133,4
38134,0
38135,3
38136,0
38137,2
38141,4
38142,5
38143,2
38144,3
38145,0
38146,2
38148,3
38150,0
38151,2
38153,4
38154,3
38155,2
38156,2
38157,3
38160,4
38161,5
38162,5
38163,3
38164,0
38165,4
38166,4
38167,3
38168,4
38169,2
38171,3
38173,1
38174,3
38176,3
38177,5
38179,0
38180,4
38182,5
38183,5
38184,3
38185,1
38187,4
38188,3
38189,3
38190,2
38191,3
38192,3
38193,4
38196,4
38197,3
38198,2
38199,0
38200,4
38201,1
38203,4
38204,0
38206,5
38207,4
38209,1
38210,5
38212,3
38213,0
38216,1
38217,1
38221,2
38222,0
38223,0
38227,0
38228,3
38230,2
38231,2
38233,4
38234,2
38235,2
38236,4
38237,3
38238,3
38239,5
38241,5
38242,5
38243,0
38244,4
38245,4
38246,0
38248,3
38250,2
38251,4
38252,2
38255,1
38256,4
38257,3
38258,3
38259,4
38260,3
38261,2
38262,3
38263,5
38267,3
38268,2
38269,2
38270,3
38271,3
38273,3
38274,4
38275,4
38277,3
38278,3
38280,2
38281,3
38284,3
38285,1
38286,4
38288,4
38290,5
38294,3
38295,3
38297,3
38300,1
38301,3
38302,4
38305,5
38306,3
38307,0
38309,2
38310,4
38311,4
38313,5
38314,1
38317,2
38318,3
38319,2
38320,1
38321,2
38322,4
38323,1
38324,0
38325,2
38328,0
38329,3
38330,5
38331,5
38332,3
38333,4
38334,5
38335,3
38336,0
38337,3
38339,2
38340,0
38342,1
38343,1
38344,1
38345,2
38346,2
38348,5
38349,0
38350,0
38352,3
38353,3
38354,0
38355,3
38356,2
38357,3
38358,2
38359,0
38360,3
38361,3
38362,2
38363,5
38364,3
38367,5
38369,3
38370,4
38371,4
38372,4
38373,5
38374,5
38376,4
38377,1
38379,1
38380,3
38381,4
38382,3
38385,1
38386,3
38388,3
38390,3
38392,5
38393,2
38395,1
38397,1
38398,3
38399,0
38400,4
38401,4
38402,3
38404,1
38405,3
38406,3
38407,0
38408,4
38409,1
38411,1
38414,0
38415,2
38417,5
38418,0
38420,3
38421,5
38422,1
38423,3
38424,5
38426,0
38427,0
38429,0
38430,4
38431,4
38433,3
38434,1
38435,3
38438,2
38440,5
38441,3
38442,3
38444,3
38445,1
38447,3
38449,3
38450,0
38453,3
38457,3
38459,1
38460,5
38461,2
38462,3
38464,2
38465,3
38466,2
38467,0
38468,5
38470,4
38471,3
38473,4
38477,2
38478,2
38481,3
38482,4
38484,1
38486,5
38487,2
38489,3
38490,2
38492,0
38493,3
38494,0
38495,2
38497,0
38498,1
38499,4
38501,5
38502,3
38503,2
38504,3
38505,3
38506,3
38507,4
38508,0
38510,5
38511,3
38512,1
38513,3
38514,4
38516,4
38517,2
38518,3
38520,2
38521,2
38522,4
38523,3
38524,2
38525,3
38526,0
38528,2
38530,4
38531,0
38532,3
38533,2
38535,1
38537,5
38538,3
38540,2
38541,0
38543,3
38544,4
38545,4
38548,5
38550,4
38552,3
38553,3
38554,3
38555,3
38557,4
38558,5
38559,2
38560,2
38561,4
38562,2
38563,1
38564,0
38565,2
38568,3
38570,2
38571,3
38573,3
38574,4
38575,2
38576,2
38577,5
38580,0
38581,3
38582,2
38583,4
38584,0
38585,3
38586,2
38587,0
38588,0
38589,1
38591,2
38592,2
38593,3
38594,3
38595,3
38596,2
38598,2
38601,1
38602,1
38606,1
38608,5
38609,5
38610,1
38611,3
38612,3
38614,2
38615,0
38616,4
38617,5
38618,0
38619,1
38620,2
38622,1
38624,0
38625,3
38626,3
38627,4
38628,2
38630,3
38631,4
38632,1
38633,3
38634,2
38638,3
38640,4
38642,4
38643,0
38644,4
38645,1
38646,2
38648,0
38649,1
38650,0
38652,4
38654,0
38655,1
38656,1
38659,3
38661,3
38662,4
38663,3
38664,3
38666,3
38669,1
38670,4
38671,3
38673,2
38674,3
38675,1
38680,3
38681,0
38682,2
38683,1
38684,0
38685,3
38686,3
38687,4
38688,2
38689,4
38691,1
38692,5
38693,3
38694,2
38695,0
38696,3
38697,5
38698,1
38699,5
38700,1
38701,1
38703,3
38704,4
38705,4
38706,2
38708,1
38709,4
38710,3
38713,2
38714,2
38715,4
38716,3
38717,3
38718,0
38719,2
38721,4
38722,0
38725,3
38726,5
38728,5
38729,1
38730,2
38731,0
38733,2
38734,3
38737,3
38738,3
38739,0
38741,4
38743,2
38744,3
38745,2
38746,1
38747,2
38748,4
38749,5
38751,1
38752,4
38753,1
38754,5
38755,1
38756,2
38757,3
38758,2
38759,4
38761,0
38762,3
38763,5
38764,4
38766,0
38768,0
38769,5
38771,4
38772,0
38774,4
38778,2
38779,0
38780,1
38781,3
38782,0
38784,3
38786,2
38787,1
38788,3
38789,2
38791,5
38793,2
38794,4
38796,3
38797,0
38798,3
38799,3
38802,0
38803,3
38804,1
38806,3
38807,4
38808,5
38811,0
38813,0
38814,4
38815,2
38818,3
38819,2
38820,3
38821,3
38822,4
38825,4
38826,3
38827,0
38828,2
38829,3
38830,2
38831,2
38833,1
38835,3
38836,2
38837,3
38839,3
38841,0
38842,2
38843,3
38844,3
38845,3
38846,3
38849,3
38851,4
38852,0
38853,0
38854,2
38855,3
38857,4
38860,3
38861,3
38864,3
38867,4
38869,5
38871,3
38872,3
38874,3
38875,0
38876,3
38877,2
38878,2
38879,3
38880,4
38881,2
38882,0
38883,4
38884,1
38885,4
38889,4
38890,4
38891,5
38892,2
38893,3
38896,1
38897,3
38898,3
38899,3
38903,2
38904,3
38905,2
38907,3
38910,4
38912,3
38913,4
38914,0
38915,5
38916,4
38918,0
38919,2
38920,4
38921,0
38923,1
38924,3
38927,2
38928,2
38929,3
38930,5
38931,2
38934,0
38936,0
38937,5
38938,4
38939,3
38940,2
38941,2
38943,2
38944,1
38946,2
38947,3
38949,4
38950,1
38952,3
38954,4
38955,4
38956,4
38958,2
38959,3
38960,3
38962,4
38963,5
38964,2
38965,4
38967,3
38968,0
38969,3
38970,2
38971,3
38974,4
38975,0
38976,2
38977,3
38978,4
38979,1
38980,3
38981,4
38982,5
38983,5
38984,3
38985,2
38988,4
38989,3
38990,2
38996,3
38997,3
38999,3
39000,3
39001,5
39002,3
39004,3
39005,0
39006,1
39008,0
39009,2
39011,5
39012,2
39013,0
39014,0
39015,3
39016,3
39017,5
39019,3
39020,5
39021,5
39022,4
39023,0
39025,5
39026,5
39027,3
39028,4
39030,1
39031,5
39032,4
39033,3
39034,3
39035,3
39036,3
39037,1
39039,4
39040,3
39041,4
39042,1
39043,0
39044,4
39045,2
39047,2
39048,3
39049,3
39050,3
39052,4
39053,2
39054,5
39055,4
39056,2
39058,2
39059,4
39060,2
39061,0
39062,2
39067,4
39068,3
39069,0
39071,4
39075,1
39076,0
39077,4
39078,5
39080,4
39081,4
39082,3
39083,4
39084,4
39085,0
39086,4
39087,3
39088,3
39089,5
39091,1
39094,1
39095,2
39096,2
39097,3
39099,3
39100,4
39101,4
39102,4
39103,2
39104,3
39106,3
39107,2
39108,2
39109,3
39110,2
39111,3
39113,0
39115,2
39116,0
39117,4
39119,4
39120,3
39122,1
39123,2
39125,1
39126,2
39128,5
39129,2
39130,3
39131,5
39132,4
39133,3
39135,1
39136,0
39138,3
39140,2
39141,1
39145,0
39146,0
39147,3
39149,4
39151,4
39152,5
39153,3
39154,2
39156,3
39157,5
39158,2
39159,3
39161,3
39162,3
39163,4
39164,2
39165,4
39166,3
39168,1
39170,3
39173,3
39174,3
39175,4
39176,3
39178,1
39180,5
39181,2
39184,3
39185,3
39186,1
39187,2
39188,3
39190,2
39191,3
39192,3
39193,3
39194,2
39195,0
39196,4
39197,1
39198,2
39199,0
39201,0
39202,4
39203,2
39204,2
39205,3
39206,3
39207,5
39208,3
39209,1
39210,0
39212,2
39213,1
39214,4
39216,0
39218,4
39219,4
39220,4
39221,2
39223,4
39226,3
39227,0
39229,2
39230,4
39231,3
39232,4
39234,3
39236,5
39238,5
39239,4
39241,3
39242,4
39243,1
39244,1
39245,3
39246,5
39247,0
39249,3
39251,1
39252,0
39255,3
39257,3
39258,3
39260,5
39261,0
39262,0
39265,0
39267,4
39268,3
39271,3
39274,5
39275,3
39276,0
39277,2
39278,5
39279,1
39283,3
39285,4
39286,1
39287,2
39288,4
39289,4
39291,2
39292,0
39295,3
39296,5
39297,2
39298,0
39299,2
39301,3
39302,3
39304,3
39305,3
39306,3
39307,0
39308,2
39309,3
39310,2
39311,1
39312,3
39313,3
39314,5
39317,2
39318,1
39320,1
39322,0
39323,4
39330,3
39332,3
39333,5
39335,2
39336,4
39337,1
39338,1
39339,1
39340,3
39343,5
39344,3
39345,3
39346,2
39347,5
39348,3
39349,3
39350,5
39351,0
39353,5
39354,3
39355,5
39356,3
39357,5
39358,2
39359,4
39360,3
39363,2
39365,1
39368,4
39369,1
39370,1
39371,0
39372,0
39373,0
39375,1
39378,5
39379,4
39381,4
39382,3
39384,5
39385,5
39386,2
39387,3
39388,2
39391,3
39392,1
39394,5
39395,2
39397,0
39398,3
39400,4
39401,4
39402,2
39404,5
39405,2
39413,5
39414,1
39416,1
39417,3
39418,2
39419,3
39420,5
39423,3
39424,1
39426,0
39427,2
39428,5
39429,5
39430,2
39431,3
39433,0
39435,4
39437,3
39439,5
39440,5
39443,3
39445,2
39447,3
39448,4
39449,5
39451,2
39452,1
39453,3
39454,0
39456,3
39458,1
39459,3
39460,3
39461,2
39463,2
39464,0
39465,3
39466,0
39470,0
39472,3
39475,3
39476,4
39477,2
39478,2
39479,2
39480,3
39481,5
39482,2
39484,3
39485,4
39486,2
39487,4
39488,3
39489,3
39490,3
39491,2
39492,2
39493,0
39497,2
39498,2
39499,1
39501,1
39502,3
39503,0
39504,5
39505,2
39506,0
39507,2
39511,3
39512,1
39513,0
39514,5
39515,2
39516,0
39517,2
39518,3
39519,3
39521,4
39525,3
39526,3
39527,3
39528,4
39529,3
39531,2
39532,5
39533,2
39534,1
39535,3
39536,2
39537,3
39538,3
39539,4
39543,5
39544,3
39545,3
39546,2
39548,3
39549,3
39550,5
39551,3
39552,3
39553,5
39554,1
39555,4
39559,4
39560,3
39561,3
39563,2
39565,4
39568,5
39569,3
39571,2
39572,3
39573,0
39574,5
39575,3
39576,4
39578,4
39579,3
39581,1
39582,2
39583,3
39585,3
39587,4
39588,4
39589,2
39590,2
39591,2
39592,3
39594,3
39596,2
39598,2
39603,4
39604,1
39608,3
39609,3
39610,3
39611,2
39614,3
39615,4
39617,5
39618,2
39620,1
39621,2
39622,3
39623,4
39624,3
39625,1
39628,2
39629,3
39631,0
39632,3
39633,2
39637,3
39639,3
39640,2
39641,2
39643,2
39644,2
39645,2
39646,3
39648,4
39649,2
39652,3
39653,3
39654,3
39658,2
39659,4
39660,2
39662,0
39663,2
39664,2
39665,3
39666,4
39667,4
39668,2
39670,3
39672,2
39673,1
39674,1
39675,2
39677,3
39678,3
39679,3
39681,3
39683,2
39684,4
39685,3
39686,2
39687,3
39689,4
39690,2
39691,2
39692,4
39693,5
39694,4
39696,2
39697,1
39698,3
39699,4
39700,0
39703,3
39705,4
39706,5
39707,0
39708,0
39710,3
39711,2
39713,4
39714,0
39715,2
39717,3
39718,3
39719,3
39721,0
39722,3
39723,0
39726,4
39729,3
39730,1
39731,2
39732,0
39733,3
39735,4
39736,3
39737,4
39738,4
39739,3
39740,5
39741,3
39742,2
39743,4
39744,4
39745,2
39746,1
39747,0
39748,2
39750,0
39751,5
39752,2
39753,3
39755,5
39757,3
39758,0
39759,1
39760,1
39761,0
39762,4
39763,0
39764,3
39765,3
39766,5
39767,3
39768,3
39770,5
39771,0
39772,0
39773,2
39774,3
39775,4
39777,1
39778,2
39779,4
39780,3
39782,2
39784,2
39786,2
39787,3
39788,3
39789,3
39791,0
39793,3
39796,3
39797,5
39798,1
39799,0
39801,2
39805,4
39806,1
39807,2
39808,2
39809,1
39810,3
39811,1
39812,3
39815,3
39817,3
39818,2
39819,0
39820,2
39824,3
39825,2
39826,2
39827,0
39828,3
39829,3
39830,3
39832,2
39833,2
39834,0
39835,3
39836,4
39837,4
39839,3
39840,3
39842,3
39843,0
39844,5
39845,1
39846,4
39848,3
39853,1
39855,3
39856,4
39857,3
39858,1
39859,2
39860,3
39862,2
39863,3
39865,1
39866,4
39867,4
39868,3
39869,3
39870,5
39871,5
39872,4
39874,3
39875,3
39877,3
39878,3
39879,3
39882,2
39883,3
39884,2
39885,0
39886,0
39887,4
39889,3
39890,3
39891,0
39892,3
39893,2
39894,2
39895,2
39896,5
39897,4
39898,2
39899,2
39900,3
39901,5
39904,5
39907,2
39908,3
39909,3
39910,2
39911,4
39913,3
39914,3
39915,5
39916,2
39918,2
39919,5
39920,4
39922,5
39923,2
39924,4
39925,1
39926,1
39927,0
39930,4
39933,0
39934,3
39938,2
39939,0
39941,1
39942,5
39944,0
39945,3
39946,3
39947,2
39948,3
39950,3
39954,0
39956,3
39957,2
39963,3
39964,3
39965,0
39966,1
39967,3
39968,0
39970,3
39971,0
39972,4
39974,4
39975,2
39977,1
39978,4
39979,3
39980,5
39981,2
39983,2
39984,3
39985,0
39988,4
39989,3
39991,5
39992,3
39994,3
39998,0
39999,3
40000,4
